-- phpMyAdmin SQL Dump
-- version 3.5.2.2
-- http://www.phpmyadmin.net
--
-- Gostitelj: 127.0.0.1
-- Čas nastanka: 13. maj 2014 ob 01.25
-- Različica strežnika: 5.5.27
-- Različica PHP: 5.4.7

SET SQL_MODE="NO_AUTO_VALUE_ON_ZERO";
SET time_zone = "+00:00";


/*!40101 SET @OLD_CHARACTER_SET_CLIENT=@@CHARACTER_SET_CLIENT */;
/*!40101 SET @OLD_CHARACTER_SET_RESULTS=@@CHARACTER_SET_RESULTS */;
/*!40101 SET @OLD_COLLATION_CONNECTION=@@COLLATION_CONNECTION */;
/*!40101 SET NAMES utf8 */;

--
-- Zbirka podatkov: `nize01_cinovicomat`
--

-- --------------------------------------------------------

--
-- Struktura tabele `ci_sessions`
--

CREATE TABLE IF NOT EXISTS `ci_sessions` (
  `session_id` varchar(40) NOT NULL DEFAULT '0',
  `ip_address` varchar(45) NOT NULL DEFAULT '0',
  `user_agent` varchar(120) NOT NULL,
  `last_activity` int(10) unsigned NOT NULL DEFAULT '0',
  `user_data` text NOT NULL,
  PRIMARY KEY (`session_id`),
  KEY `last_activity_idx` (`last_activity`)
) ENGINE=InnoDB DEFAULT CHARSET=utf8;

--
-- Odloži podatke za tabelo `ci_sessions`
--

INSERT INTO `ci_sessions` (`session_id`, `ip_address`, `user_agent`, `last_activity`, `user_data`) VALUES
('20e93dd4253983c3ca19e832975a39e5', '127.0.0.1', 'Mozilla/5.0 (Windows NT 6.3; WOW64; Trident/7.0; rv:11.0) like Gecko', 1399935363, 'a:4:{s:9:"user_data";s:0:"";s:6:"userId";s:3:"793";s:4:"name";s:10:"Tilen Poje";s:6:"logged";b:1;}'),
('798cda4478a6f24132f80abaf4e39201', '127.0.0.1', 'Mozilla/5.0 (Windows NT 6.3; WOW64; Trident/7.0; rv:11.0) like Gecko', 1399105684, 'a:4:{s:9:"user_data";s:0:"";s:6:"userId";s:3:"793";s:4:"name";s:10:"Tilen Poje";s:6:"logged";b:1;}'),
('8c3e8466952a27c28d5a390f4d544595', '127.0.0.1', 'Mozilla/5.0 (Windows NT 6.3; WOW64; Trident/7.0; rv:11.0) like Gecko', 1399139413, 'a:4:{s:9:"user_data";s:0:"";s:6:"userId";s:3:"793";s:4:"name";s:10:"Tilen Poje";s:6:"logged";b:1;}');

-- --------------------------------------------------------

--
-- Struktura tabele `vs_articles`
--

CREATE TABLE IF NOT EXISTS `vs_articles` (
  `id` int(11) NOT NULL AUTO_INCREMENT,
  `text` text NOT NULL,
  `state` tinyint(11) NOT NULL,
  `author_name` varchar(256) NOT NULL,
  `publish_up` date NOT NULL,
  `publish_down` date DEFAULT NULL,
  `frontpage` tinyint(1) NOT NULL,
  PRIMARY KEY (`id`)
) ENGINE=InnoDB  DEFAULT CHARSET=utf8 AUTO_INCREMENT=11 ;

--
-- Odloži podatke za tabelo `vs_articles`
--

INSERT INTO `vs_articles` (`id`, `text`, `state`, `author_name`, `publish_up`, `publish_down`, `frontpage`) VALUES
(8, 'dfghfddfhdfhsdgsdg', 0, 'Tilen Poje', '2014-02-05', '2014-02-05', 1),
(9, '', 0, 'Tilen Poje', '2014-03-05', '0000-00-00', 1),
(10, '', 0, 'Tilen Poje', '2014-03-05', '0000-00-00', 1);

-- --------------------------------------------------------

--
-- Struktura tabele `vs_content`
--

CREATE TABLE IF NOT EXISTS `vs_content` (
  `id` int(11) NOT NULL AUTO_INCREMENT,
  `name` varchar(400) NOT NULL,
  `description` text,
  `ref_id` int(11) NOT NULL,
  `type` varchar(15) NOT NULL DEFAULT '1',
  `created` timestamp NOT NULL DEFAULT CURRENT_TIMESTAMP,
  `created_by` int(11) NOT NULL,
  `updated` datetime DEFAULT NULL,
  `updated_by` int(11) DEFAULT NULL,
  PRIMARY KEY (`id`)
) ENGINE=InnoDB  DEFAULT CHARSET=utf8 AUTO_INCREMENT=232 ;

--
-- Odloži podatke za tabelo `vs_content`
--

INSERT INTO `vs_content` (`id`, `name`, `description`, `ref_id`, `type`, `created`, `created_by`, `updated`, `updated_by`) VALUES
(28, 'Nova vsebina', 'dfgdfg', 8, 'article', '2014-04-30 10:17:03', 793, '0000-00-00 00:00:00', NULL),
(214, 'Nova vsebina', '', 0, 'content', '2014-05-03 00:05:03', 793, '0000-00-00 00:00:00', NULL),
(215, 'Nova vsebina', '', 1, 'image', '2014-05-03 00:05:07', 793, '0000-00-00 00:00:00', NULL),
(216, 'fgjfgj', 'fgjfgj', 1, 'event', '2014-05-03 00:05:21', 793, '0000-00-00 00:00:00', NULL),
(217, 'Nova vsebina', '', 2, 'image', '2014-05-03 00:05:21', 793, '0000-00-00 00:00:00', NULL),
(218, 'dfhdfh', 'dfhfdh', 3, 'image', '2014-05-03 00:05:31', 793, '0000-00-00 00:00:00', NULL),
(225, 'Nova vsebina', '', 4, 'image', '2014-05-03 08:35:20', 793, '0000-00-00 00:00:00', NULL),
(226, 'Nova vsebina', '', 5, 'image', '2014-05-03 08:35:20', 793, '0000-00-00 00:00:00', NULL),
(227, 'gfjgfj', 'gfjgfj', 6, 'image', '2014-05-03 08:35:38', 793, '0000-00-00 00:00:00', NULL),
(228, 'gfjgfj', 'gfjgfj', 2, 'event', '2014-05-03 08:35:57', 793, '0000-00-00 00:00:00', NULL),
(229, 'Nova vsebina', '', 7, 'image', '2014-05-03 08:35:57', 793, '0000-00-00 00:00:00', NULL),
(230, 'Babnca me je nehala jezit', 'Haha, nemogoče.', 3, 'event', '2014-05-03 18:17:15', 793, '0000-00-00 00:00:00', NULL),
(231, 'Nova vsebina', '', 8, 'image', '2014-05-03 18:17:15', 793, '0000-00-00 00:00:00', NULL);

-- --------------------------------------------------------

--
-- Struktura tabele `vs_content_content`
--

CREATE TABLE IF NOT EXISTS `vs_content_content` (
  `id` int(11) NOT NULL,
  `content_id` int(11) NOT NULL,
  `ref_content_id` int(11) NOT NULL,
  `correlation` varchar(30) NOT NULL,
  `created` timestamp NOT NULL DEFAULT CURRENT_TIMESTAMP
) ENGINE=InnoDB DEFAULT CHARSET=utf8;

--
-- Odloži podatke za tabelo `vs_content_content`
--

INSERT INTO `vs_content_content` (`id`, `content_id`, `ref_content_id`, `correlation`, `created`) VALUES
(0, 28, 215, 'header-image', '2014-05-03 00:05:08'),
(0, 216, 217, 'header-image', '2014-05-03 00:05:22'),
(0, 28, 216, 'event', '2014-05-03 00:05:22'),
(0, 28, 218, 'image', '2014-05-03 00:05:31'),
(0, 28, 225, 'header-image', '2014-05-03 08:35:20'),
(0, 216, 226, 'header-image', '2014-05-03 08:35:20'),
(0, 28, 227, 'image', '2014-05-03 08:35:38'),
(0, 228, 229, 'header-image', '2014-05-03 08:35:57'),
(0, 28, 228, 'event', '2014-05-03 08:35:57'),
(0, 230, 231, 'header-image', '2014-05-03 18:17:16'),
(0, 28, 230, 'event', '2014-05-03 18:17:16');

-- --------------------------------------------------------

--
-- Struktura tabele `vs_domains`
--

CREATE TABLE IF NOT EXISTS `vs_domains` (
  `id` int(11) NOT NULL AUTO_INCREMENT,
  `domain` varchar(128) NOT NULL,
  `tag_alias` varchar(128) NOT NULL,
  `type` tinyint(4) NOT NULL,
  `email` varchar(200) DEFAULT NULL,
  `created` timestamp NOT NULL DEFAULT CURRENT_TIMESTAMP,
  PRIMARY KEY (`id`)
) ENGINE=InnoDB  DEFAULT CHARSET=utf8 AUTO_INCREMENT=17 ;

--
-- Odloži podatke za tabelo `vs_domains`
--

INSERT INTO `vs_domains` (`id`, `domain`, `tag_alias`, `type`, `email`, `created`) VALUES
(1, 'zelnik.net', 'zelnik', 1, NULL, '0000-00-00 00:00:00'),
(2, 'klub-gros.com', 'klub-gros', 2, NULL, '0000-00-00 00:00:00'),
(3, 'dobrepolje.si', 'dobrepolje', 2, NULL, '0000-00-00 00:00:00'),
(4, 'grosuplje.info', 'grosuplje', 1, NULL, '0000-00-00 00:00:00'),
(5, 'storovke.si', 'dg-storovke', 2, NULL, '0000-00-00 00:00:00'),
(6, 'ivancna-gorica.si', 'ivancna-gorica', 2, NULL, '0000-00-00 00:00:00'),
(7, 'sd-dobrepolje.si', 'sd-dobrepolje, dobrepolje, sport', 2, NULL, '0000-00-00 00:00:00'),
(8, 'zaokrozi.si', 'dobrodelnost, zaokrozi', 2, NULL, '0000-00-00 00:00:00'),
(13, 'Pošlji za Klasje', 'klasnje', 3, 'klasje.casopis@siol.net', '0000-00-00 00:00:00'),
(14, 'Pošlji za Odmeve', 'udmevi', 3, 'odmevi@grosuplje.si, janarostan@gmail.com', '0000-00-00 00:00:00'),
(15, 'Pošlji za Naš kraj', 'nas-kraj', 3, 'pugelj.mojca@gmail.com, dogodki@dobrepolje.si', '0000-00-00 00:00:00'),
(16, 'novicomat.si', 'novicomat.si', 2, 'ekipa@zelnik.net', '0000-00-00 00:00:00');

-- --------------------------------------------------------

--
-- Struktura tabele `vs_domains_content`
--

CREATE TABLE IF NOT EXISTS `vs_domains_content` (
  `id` int(11) NOT NULL AUTO_INCREMENT,
  `domain_id` int(11) NOT NULL,
  `content_id` int(11) NOT NULL,
  `status` int(11) NOT NULL,
  `created` timestamp NOT NULL DEFAULT CURRENT_TIMESTAMP,
  PRIMARY KEY (`id`)
) ENGINE=InnoDB  DEFAULT CHARSET=utf8 AUTO_INCREMENT=57123 ;

--
-- Odloži podatke za tabelo `vs_domains_content`
--

INSERT INTO `vs_domains_content` (`id`, `domain_id`, `content_id`, `status`, `created`) VALUES
(1, 1, 65, 2, '0000-00-00 00:00:00'),
(2, 1, 81, 2, '0000-00-00 00:00:00'),
(3, 1, 91, 2, '0000-00-00 00:00:00'),
(4, 1, 95, 2, '0000-00-00 00:00:00'),
(5, 1, 101, 2, '0000-00-00 00:00:00'),
(6, 1, 103, 2, '0000-00-00 00:00:00'),
(7, 1, 119, 2, '0000-00-00 00:00:00'),
(8, 1, 127, 2, '0000-00-00 00:00:00'),
(9, 1, 128, 2, '0000-00-00 00:00:00'),
(10, 1, 129, 2, '0000-00-00 00:00:00'),
(11, 1, 134, 2, '0000-00-00 00:00:00'),
(12, 1, 135, 2, '0000-00-00 00:00:00'),
(13, 1, 140, 2, '0000-00-00 00:00:00'),
(14, 1, 141, 2, '0000-00-00 00:00:00'),
(15, 1, 145, 2, '0000-00-00 00:00:00'),
(16, 1, 151, 2, '0000-00-00 00:00:00'),
(17, 1, 153, 2, '0000-00-00 00:00:00'),
(18, 1, 166, 2, '0000-00-00 00:00:00'),
(19, 1, 167, 2, '0000-00-00 00:00:00'),
(20, 1, 169, 2, '0000-00-00 00:00:00'),
(21, 1, 173, 2, '0000-00-00 00:00:00'),
(22, 1, 183, 2, '0000-00-00 00:00:00'),
(23, 1, 187, 2, '0000-00-00 00:00:00'),
(24, 1, 189, 2, '0000-00-00 00:00:00'),
(25, 1, 192, 2, '0000-00-00 00:00:00'),
(26, 1, 203, 2, '0000-00-00 00:00:00'),
(27, 1, 205, 2, '0000-00-00 00:00:00'),
(28, 1, 219, 2, '0000-00-00 00:00:00'),
(29, 1, 222, 2, '0000-00-00 00:00:00'),
(30, 1, 223, 2, '0000-00-00 00:00:00'),
(31, 1, 229, 2, '0000-00-00 00:00:00'),
(32, 1, 230, 2, '0000-00-00 00:00:00'),
(33, 1, 239, 2, '0000-00-00 00:00:00'),
(34, 1, 240, 2, '0000-00-00 00:00:00'),
(35, 1, 243, 2, '0000-00-00 00:00:00'),
(36, 1, 246, 2, '0000-00-00 00:00:00'),
(37, 1, 256, 2, '0000-00-00 00:00:00'),
(38, 1, 268, 2, '0000-00-00 00:00:00'),
(39, 1, 270, 2, '0000-00-00 00:00:00'),
(40, 1, 274, 2, '0000-00-00 00:00:00'),
(41, 1, 275, 2, '0000-00-00 00:00:00'),
(42, 1, 282, 2, '0000-00-00 00:00:00'),
(43, 1, 284, 2, '0000-00-00 00:00:00'),
(44, 1, 285, 2, '0000-00-00 00:00:00'),
(45, 1, 286, 2, '0000-00-00 00:00:00'),
(46, 1, 301, 2, '0000-00-00 00:00:00'),
(47, 1, 326, 2, '0000-00-00 00:00:00'),
(48, 1, 337, 2, '0000-00-00 00:00:00'),
(49, 1, 339, 2, '0000-00-00 00:00:00'),
(50, 1, 344, 2, '0000-00-00 00:00:00'),
(51, 1, 356, 2, '0000-00-00 00:00:00'),
(52, 1, 359, 2, '0000-00-00 00:00:00'),
(53, 1, 363, 2, '0000-00-00 00:00:00'),
(54, 1, 369, 2, '0000-00-00 00:00:00'),
(55, 1, 373, 2, '0000-00-00 00:00:00'),
(56, 1, 376, 2, '0000-00-00 00:00:00'),
(57, 1, 377, 2, '0000-00-00 00:00:00'),
(58, 1, 378, 2, '0000-00-00 00:00:00'),
(59, 1, 380, 2, '0000-00-00 00:00:00'),
(60, 1, 382, 2, '0000-00-00 00:00:00'),
(61, 1, 386, 2, '0000-00-00 00:00:00'),
(62, 1, 387, 2, '0000-00-00 00:00:00'),
(63, 1, 388, 2, '0000-00-00 00:00:00'),
(64, 1, 390, 2, '0000-00-00 00:00:00'),
(65, 1, 398, 2, '0000-00-00 00:00:00'),
(66, 1, 403, 2, '0000-00-00 00:00:00'),
(67, 1, 406, 2, '0000-00-00 00:00:00'),
(68, 1, 408, 2, '0000-00-00 00:00:00'),
(69, 1, 409, 2, '0000-00-00 00:00:00'),
(70, 1, 417, 2, '0000-00-00 00:00:00'),
(71, 1, 420, 2, '0000-00-00 00:00:00'),
(72, 1, 421, 2, '0000-00-00 00:00:00'),
(73, 1, 425, 2, '0000-00-00 00:00:00'),
(74, 1, 428, 2, '0000-00-00 00:00:00'),
(75, 1, 429, 2, '0000-00-00 00:00:00'),
(76, 1, 440, 2, '0000-00-00 00:00:00'),
(77, 1, 441, 2, '0000-00-00 00:00:00'),
(78, 1, 444, 2, '0000-00-00 00:00:00'),
(79, 1, 447, 2, '0000-00-00 00:00:00'),
(80, 1, 449, 2, '0000-00-00 00:00:00'),
(81, 1, 450, 2, '0000-00-00 00:00:00'),
(82, 1, 451, 2, '0000-00-00 00:00:00'),
(83, 1, 457, 2, '0000-00-00 00:00:00'),
(84, 1, 459, 2, '0000-00-00 00:00:00'),
(85, 1, 462, 2, '0000-00-00 00:00:00'),
(86, 1, 465, 2, '0000-00-00 00:00:00'),
(87, 1, 469, 2, '0000-00-00 00:00:00'),
(88, 1, 470, 2, '0000-00-00 00:00:00'),
(89, 1, 474, 2, '0000-00-00 00:00:00'),
(90, 1, 476, 2, '0000-00-00 00:00:00'),
(91, 1, 477, 2, '0000-00-00 00:00:00'),
(92, 1, 478, 2, '0000-00-00 00:00:00'),
(93, 1, 480, 2, '0000-00-00 00:00:00'),
(94, 1, 484, 2, '0000-00-00 00:00:00'),
(95, 1, 488, 2, '0000-00-00 00:00:00'),
(96, 1, 497, 2, '0000-00-00 00:00:00'),
(97, 1, 498, 2, '0000-00-00 00:00:00'),
(98, 1, 508, 2, '0000-00-00 00:00:00'),
(99, 1, 512, 2, '0000-00-00 00:00:00'),
(100, 1, 519, 2, '0000-00-00 00:00:00'),
(101, 1, 520, 2, '0000-00-00 00:00:00'),
(102, 1, 521, 2, '0000-00-00 00:00:00'),
(103, 1, 524, 2, '0000-00-00 00:00:00'),
(104, 1, 527, 2, '0000-00-00 00:00:00'),
(105, 1, 528, 2, '0000-00-00 00:00:00'),
(106, 1, 543, 2, '0000-00-00 00:00:00'),
(107, 1, 550, 2, '0000-00-00 00:00:00'),
(108, 1, 551, 2, '0000-00-00 00:00:00'),
(109, 1, 555, 2, '0000-00-00 00:00:00'),
(110, 1, 557, 2, '0000-00-00 00:00:00'),
(111, 1, 566, 2, '0000-00-00 00:00:00'),
(112, 1, 570, 2, '0000-00-00 00:00:00'),
(113, 1, 571, 2, '0000-00-00 00:00:00'),
(114, 1, 578, 2, '0000-00-00 00:00:00'),
(115, 1, 587, 2, '0000-00-00 00:00:00'),
(116, 1, 597, 2, '0000-00-00 00:00:00'),
(117, 1, 601, 2, '0000-00-00 00:00:00'),
(118, 1, 602, 2, '0000-00-00 00:00:00'),
(119, 1, 604, 2, '0000-00-00 00:00:00'),
(120, 1, 607, 2, '0000-00-00 00:00:00'),
(121, 1, 608, 2, '0000-00-00 00:00:00'),
(122, 1, 611, 2, '0000-00-00 00:00:00'),
(123, 1, 616, 2, '0000-00-00 00:00:00'),
(124, 1, 623, 2, '0000-00-00 00:00:00'),
(125, 1, 625, 2, '0000-00-00 00:00:00'),
(126, 1, 637, 2, '0000-00-00 00:00:00'),
(127, 1, 657, 2, '0000-00-00 00:00:00'),
(128, 1, 662, 2, '0000-00-00 00:00:00'),
(129, 1, 668, 2, '0000-00-00 00:00:00'),
(130, 1, 670, 2, '0000-00-00 00:00:00'),
(131, 1, 672, 2, '0000-00-00 00:00:00'),
(132, 1, 673, 2, '0000-00-00 00:00:00'),
(133, 1, 679, 2, '0000-00-00 00:00:00'),
(134, 1, 682, 2, '0000-00-00 00:00:00'),
(135, 1, 691, 2, '0000-00-00 00:00:00'),
(136, 1, 694, 2, '0000-00-00 00:00:00'),
(137, 1, 698, 2, '0000-00-00 00:00:00'),
(138, 1, 702, 2, '0000-00-00 00:00:00'),
(139, 1, 705, 2, '0000-00-00 00:00:00'),
(140, 1, 709, 2, '0000-00-00 00:00:00'),
(141, 1, 710, 2, '0000-00-00 00:00:00'),
(142, 1, 733, 2, '0000-00-00 00:00:00'),
(143, 1, 735, 2, '0000-00-00 00:00:00'),
(144, 1, 755, 2, '0000-00-00 00:00:00'),
(145, 1, 762, 2, '0000-00-00 00:00:00'),
(146, 1, 772, 2, '0000-00-00 00:00:00'),
(147, 1, 773, 2, '0000-00-00 00:00:00'),
(148, 1, 791, 2, '0000-00-00 00:00:00'),
(149, 1, 806, 2, '0000-00-00 00:00:00'),
(150, 1, 809, 2, '0000-00-00 00:00:00'),
(151, 1, 810, 2, '0000-00-00 00:00:00'),
(152, 1, 813, 2, '0000-00-00 00:00:00'),
(153, 1, 827, 2, '0000-00-00 00:00:00'),
(154, 1, 829, 2, '0000-00-00 00:00:00'),
(155, 1, 832, 2, '0000-00-00 00:00:00'),
(156, 1, 835, 2, '0000-00-00 00:00:00'),
(157, 1, 843, 2, '0000-00-00 00:00:00'),
(158, 1, 847, 2, '0000-00-00 00:00:00'),
(159, 1, 853, 2, '0000-00-00 00:00:00'),
(160, 1, 855, 2, '0000-00-00 00:00:00'),
(161, 1, 856, 2, '0000-00-00 00:00:00'),
(162, 1, 862, 2, '0000-00-00 00:00:00'),
(163, 1, 867, 2, '0000-00-00 00:00:00'),
(164, 1, 868, 2, '0000-00-00 00:00:00'),
(165, 1, 869, 2, '0000-00-00 00:00:00'),
(166, 1, 877, 2, '0000-00-00 00:00:00'),
(167, 1, 884, 2, '0000-00-00 00:00:00'),
(168, 1, 886, 2, '0000-00-00 00:00:00'),
(169, 1, 888, 2, '0000-00-00 00:00:00'),
(170, 1, 892, 2, '0000-00-00 00:00:00'),
(171, 1, 918, 2, '0000-00-00 00:00:00'),
(172, 1, 919, 2, '0000-00-00 00:00:00'),
(173, 1, 922, 2, '0000-00-00 00:00:00'),
(174, 1, 926, 2, '0000-00-00 00:00:00'),
(175, 1, 927, 2, '0000-00-00 00:00:00'),
(176, 1, 932, 2, '0000-00-00 00:00:00'),
(177, 1, 934, 2, '0000-00-00 00:00:00'),
(178, 1, 940, 2, '0000-00-00 00:00:00'),
(179, 1, 942, 2, '0000-00-00 00:00:00'),
(180, 1, 943, 2, '0000-00-00 00:00:00'),
(181, 1, 945, 2, '0000-00-00 00:00:00'),
(182, 1, 946, 2, '0000-00-00 00:00:00'),
(183, 1, 951, 2, '0000-00-00 00:00:00'),
(184, 1, 952, 2, '0000-00-00 00:00:00'),
(185, 1, 953, 2, '0000-00-00 00:00:00'),
(186, 1, 964, 2, '0000-00-00 00:00:00'),
(187, 1, 965, 2, '0000-00-00 00:00:00'),
(188, 1, 973, 2, '0000-00-00 00:00:00'),
(189, 1, 974, 2, '0000-00-00 00:00:00'),
(190, 1, 980, 2, '0000-00-00 00:00:00'),
(191, 1, 981, 2, '0000-00-00 00:00:00'),
(192, 1, 983, 2, '0000-00-00 00:00:00'),
(193, 1, 985, 2, '0000-00-00 00:00:00'),
(194, 1, 1004, 2, '0000-00-00 00:00:00'),
(195, 1, 1021, 2, '0000-00-00 00:00:00'),
(196, 1, 1023, 2, '0000-00-00 00:00:00'),
(197, 1, 1030, 2, '0000-00-00 00:00:00'),
(198, 1, 1035, 2, '0000-00-00 00:00:00'),
(199, 1, 1036, 2, '0000-00-00 00:00:00'),
(200, 1, 1039, 2, '0000-00-00 00:00:00'),
(201, 1, 1044, 2, '0000-00-00 00:00:00'),
(202, 1, 1064, 2, '0000-00-00 00:00:00'),
(203, 1, 1067, 2, '0000-00-00 00:00:00'),
(204, 1, 1073, 2, '0000-00-00 00:00:00'),
(205, 1, 1082, 2, '0000-00-00 00:00:00'),
(206, 1, 1090, 2, '0000-00-00 00:00:00'),
(207, 1, 1091, 2, '0000-00-00 00:00:00'),
(208, 1, 1141, 2, '0000-00-00 00:00:00'),
(209, 1, 1143, 2, '0000-00-00 00:00:00'),
(210, 1, 1145, 2, '0000-00-00 00:00:00'),
(211, 1, 1165, 2, '0000-00-00 00:00:00'),
(212, 1, 1168, 2, '0000-00-00 00:00:00'),
(213, 1, 1169, 2, '0000-00-00 00:00:00'),
(214, 1, 1192, 2, '0000-00-00 00:00:00'),
(215, 1, 1193, 2, '0000-00-00 00:00:00'),
(216, 1, 1222, 2, '0000-00-00 00:00:00'),
(217, 1, 1229, 2, '0000-00-00 00:00:00'),
(218, 1, 1231, 2, '0000-00-00 00:00:00'),
(219, 1, 1236, 2, '0000-00-00 00:00:00'),
(220, 1, 1240, 2, '0000-00-00 00:00:00'),
(221, 1, 1241, 2, '0000-00-00 00:00:00'),
(222, 1, 1243, 2, '0000-00-00 00:00:00'),
(223, 1, 1244, 2, '0000-00-00 00:00:00'),
(224, 1, 1246, 2, '0000-00-00 00:00:00'),
(225, 1, 1252, 2, '0000-00-00 00:00:00'),
(226, 1, 1256, 2, '0000-00-00 00:00:00'),
(227, 1, 1273, 2, '0000-00-00 00:00:00'),
(228, 1, 1276, 2, '0000-00-00 00:00:00'),
(229, 1, 1278, 2, '0000-00-00 00:00:00'),
(230, 1, 1284, 2, '0000-00-00 00:00:00'),
(231, 1, 1285, 2, '0000-00-00 00:00:00'),
(232, 1, 1286, 2, '0000-00-00 00:00:00'),
(233, 1, 1288, 2, '0000-00-00 00:00:00'),
(234, 1, 1289, 2, '0000-00-00 00:00:00'),
(235, 1, 1301, 2, '0000-00-00 00:00:00'),
(236, 1, 1303, 2, '0000-00-00 00:00:00'),
(237, 1, 1320, 2, '0000-00-00 00:00:00'),
(238, 1, 1323, 2, '0000-00-00 00:00:00'),
(239, 1, 1325, 2, '0000-00-00 00:00:00'),
(240, 1, 1330, 2, '0000-00-00 00:00:00'),
(241, 1, 1345, 2, '0000-00-00 00:00:00'),
(242, 1, 1348, 2, '0000-00-00 00:00:00'),
(243, 1, 1363, 2, '0000-00-00 00:00:00'),
(244, 1, 1374, 2, '0000-00-00 00:00:00'),
(245, 1, 1385, 2, '0000-00-00 00:00:00'),
(246, 1, 1392, 2, '0000-00-00 00:00:00'),
(247, 1, 1395, 2, '0000-00-00 00:00:00'),
(248, 1, 1400, 2, '0000-00-00 00:00:00'),
(249, 1, 1406, 2, '0000-00-00 00:00:00'),
(250, 1, 1421, 2, '0000-00-00 00:00:00'),
(251, 1, 1422, 2, '0000-00-00 00:00:00'),
(252, 1, 1427, 2, '0000-00-00 00:00:00'),
(253, 1, 1433, 2, '0000-00-00 00:00:00'),
(254, 1, 1435, 2, '0000-00-00 00:00:00'),
(255, 1, 1443, 2, '0000-00-00 00:00:00'),
(256, 1, 1448, 2, '0000-00-00 00:00:00'),
(257, 1, 1452, 2, '0000-00-00 00:00:00'),
(258, 1, 1453, 2, '0000-00-00 00:00:00'),
(259, 1, 1455, 2, '0000-00-00 00:00:00'),
(260, 1, 1459, 2, '0000-00-00 00:00:00'),
(261, 1, 1460, 2, '0000-00-00 00:00:00'),
(262, 1, 1464, 2, '0000-00-00 00:00:00'),
(263, 1, 1470, 2, '0000-00-00 00:00:00'),
(264, 1, 1471, 2, '0000-00-00 00:00:00'),
(265, 1, 1472, 2, '0000-00-00 00:00:00'),
(266, 1, 1474, 2, '0000-00-00 00:00:00'),
(267, 1, 1477, 2, '0000-00-00 00:00:00'),
(268, 1, 1481, 2, '0000-00-00 00:00:00'),
(269, 1, 1482, 2, '0000-00-00 00:00:00'),
(270, 1, 1483, 2, '0000-00-00 00:00:00'),
(271, 1, 1508, 2, '0000-00-00 00:00:00'),
(272, 1, 1531, 2, '0000-00-00 00:00:00'),
(273, 1, 1535, 2, '0000-00-00 00:00:00'),
(274, 1, 1536, 2, '0000-00-00 00:00:00'),
(275, 1, 1565, 2, '0000-00-00 00:00:00'),
(276, 1, 1593, 2, '0000-00-00 00:00:00'),
(277, 1, 1594, 2, '0000-00-00 00:00:00'),
(278, 1, 1608, 2, '0000-00-00 00:00:00'),
(279, 1, 1626, 2, '0000-00-00 00:00:00'),
(280, 1, 1630, 2, '0000-00-00 00:00:00'),
(281, 1, 1631, 2, '0000-00-00 00:00:00'),
(282, 1, 1632, 2, '0000-00-00 00:00:00'),
(283, 1, 1633, 2, '0000-00-00 00:00:00'),
(284, 1, 1639, 2, '0000-00-00 00:00:00'),
(285, 1, 1640, 2, '0000-00-00 00:00:00'),
(286, 1, 1646, 2, '0000-00-00 00:00:00'),
(287, 1, 1660, 2, '0000-00-00 00:00:00'),
(288, 1, 1665, 2, '0000-00-00 00:00:00'),
(289, 1, 1669, 2, '0000-00-00 00:00:00'),
(290, 1, 1687, 2, '0000-00-00 00:00:00'),
(291, 1, 1689, 2, '0000-00-00 00:00:00'),
(292, 1, 1691, 2, '0000-00-00 00:00:00'),
(293, 1, 1692, 2, '0000-00-00 00:00:00'),
(294, 1, 1696, 2, '0000-00-00 00:00:00'),
(295, 1, 1697, 2, '0000-00-00 00:00:00'),
(296, 1, 1698, 2, '0000-00-00 00:00:00'),
(297, 1, 1700, 2, '0000-00-00 00:00:00'),
(298, 1, 1713, 2, '0000-00-00 00:00:00'),
(299, 1, 1789, 2, '0000-00-00 00:00:00'),
(300, 1, 1790, 2, '0000-00-00 00:00:00'),
(301, 1, 1838, 2, '0000-00-00 00:00:00'),
(302, 1, 1850, 2, '0000-00-00 00:00:00'),
(303, 1, 1851, 2, '0000-00-00 00:00:00'),
(304, 1, 1871, 2, '0000-00-00 00:00:00'),
(305, 1, 1883, 2, '0000-00-00 00:00:00'),
(306, 1, 1884, 2, '0000-00-00 00:00:00'),
(307, 1, 1906, 2, '0000-00-00 00:00:00'),
(308, 1, 1910, 2, '0000-00-00 00:00:00'),
(309, 1, 1912, 2, '0000-00-00 00:00:00'),
(310, 1, 1917, 2, '0000-00-00 00:00:00'),
(311, 1, 1940, 2, '0000-00-00 00:00:00'),
(312, 1, 1954, 2, '0000-00-00 00:00:00'),
(313, 1, 1955, 2, '0000-00-00 00:00:00'),
(314, 1, 1971, 2, '0000-00-00 00:00:00'),
(315, 1, 1976, 2, '0000-00-00 00:00:00'),
(316, 1, 1977, 2, '0000-00-00 00:00:00'),
(317, 1, 1979, 2, '0000-00-00 00:00:00'),
(318, 1, 1982, 2, '0000-00-00 00:00:00'),
(319, 1, 2006, 2, '0000-00-00 00:00:00'),
(320, 1, 2008, 2, '0000-00-00 00:00:00'),
(321, 1, 2010, 2, '0000-00-00 00:00:00'),
(322, 1, 2013, 2, '0000-00-00 00:00:00'),
(323, 1, 2016, 2, '0000-00-00 00:00:00'),
(324, 1, 2023, 2, '0000-00-00 00:00:00'),
(325, 1, 2024, 2, '0000-00-00 00:00:00'),
(326, 1, 2031, 2, '0000-00-00 00:00:00'),
(327, 1, 2033, 2, '0000-00-00 00:00:00'),
(328, 1, 2038, 2, '0000-00-00 00:00:00'),
(329, 1, 2048, 2, '0000-00-00 00:00:00'),
(331, 1, 2050, 2, '0000-00-00 00:00:00'),
(332, 1, 2051, 2, '0000-00-00 00:00:00'),
(333, 1, 2052, 2, '0000-00-00 00:00:00'),
(334, 1, 2054, 2, '0000-00-00 00:00:00'),
(335, 1, 2055, 2, '0000-00-00 00:00:00'),
(336, 1, 2061, 2, '0000-00-00 00:00:00'),
(337, 1, 2062, 2, '0000-00-00 00:00:00'),
(338, 1, 2063, 2, '0000-00-00 00:00:00'),
(339, 1, 2065, 2, '0000-00-00 00:00:00'),
(340, 1, 2066, 2, '0000-00-00 00:00:00'),
(341, 1, 2067, 2, '0000-00-00 00:00:00'),
(342, 1, 2073, 2, '0000-00-00 00:00:00'),
(343, 1, 2074, 2, '0000-00-00 00:00:00'),
(344, 1, 2075, 2, '0000-00-00 00:00:00'),
(345, 1, 2077, 2, '0000-00-00 00:00:00'),
(346, 1, 2080, 2, '0000-00-00 00:00:00'),
(347, 1, 2081, 2, '0000-00-00 00:00:00'),
(348, 1, 2084, 2, '0000-00-00 00:00:00'),
(349, 1, 2085, 2, '0000-00-00 00:00:00'),
(350, 1, 2088, 2, '0000-00-00 00:00:00'),
(351, 1, 2090, 2, '0000-00-00 00:00:00'),
(352, 1, 2091, 2, '0000-00-00 00:00:00'),
(353, 1, 2092, 2, '0000-00-00 00:00:00'),
(354, 1, 2093, 2, '0000-00-00 00:00:00'),
(355, 1, 2094, 2, '0000-00-00 00:00:00'),
(356, 1, 2095, 2, '0000-00-00 00:00:00'),
(357, 1, 2096, 2, '0000-00-00 00:00:00'),
(358, 1, 2098, 2, '0000-00-00 00:00:00'),
(359, 1, 2100, 2, '0000-00-00 00:00:00'),
(360, 1, 2101, 2, '0000-00-00 00:00:00'),
(361, 1, 2109, 2, '0000-00-00 00:00:00'),
(362, 1, 2110, 2, '0000-00-00 00:00:00'),
(363, 1, 2111, 2, '0000-00-00 00:00:00'),
(364, 1, 2115, 2, '0000-00-00 00:00:00'),
(365, 1, 2117, 2, '0000-00-00 00:00:00'),
(366, 1, 2126, 2, '0000-00-00 00:00:00'),
(367, 1, 2131, 2, '0000-00-00 00:00:00'),
(368, 1, 2137, 2, '0000-00-00 00:00:00'),
(369, 1, 2139, 2, '0000-00-00 00:00:00'),
(370, 1, 2142, 2, '0000-00-00 00:00:00'),
(371, 1, 2147, 2, '0000-00-00 00:00:00'),
(372, 1, 2149, 2, '0000-00-00 00:00:00'),
(373, 1, 2150, 2, '0000-00-00 00:00:00'),
(374, 1, 2151, 2, '0000-00-00 00:00:00'),
(375, 1, 2152, 2, '0000-00-00 00:00:00'),
(376, 1, 2158, 2, '0000-00-00 00:00:00'),
(377, 1, 2159, 2, '0000-00-00 00:00:00'),
(378, 1, 2160, 2, '0000-00-00 00:00:00'),
(379, 1, 2161, 2, '0000-00-00 00:00:00'),
(380, 1, 2162, 2, '0000-00-00 00:00:00'),
(381, 1, 2163, 2, '0000-00-00 00:00:00'),
(382, 1, 2166, 2, '0000-00-00 00:00:00'),
(383, 1, 2173, 2, '0000-00-00 00:00:00'),
(384, 1, 2174, 2, '0000-00-00 00:00:00'),
(385, 1, 2176, 2, '0000-00-00 00:00:00'),
(386, 1, 2177, 2, '0000-00-00 00:00:00'),
(387, 1, 2181, 2, '0000-00-00 00:00:00'),
(388, 1, 2190, 2, '0000-00-00 00:00:00'),
(389, 1, 2196, 2, '0000-00-00 00:00:00'),
(390, 1, 2197, 2, '0000-00-00 00:00:00'),
(391, 1, 2199, 2, '0000-00-00 00:00:00'),
(392, 1, 2201, 2, '0000-00-00 00:00:00'),
(393, 1, 2202, 2, '0000-00-00 00:00:00'),
(394, 1, 2206, 2, '0000-00-00 00:00:00'),
(395, 1, 2209, 2, '0000-00-00 00:00:00'),
(396, 1, 2210, 2, '0000-00-00 00:00:00'),
(397, 1, 2211, 2, '0000-00-00 00:00:00'),
(398, 1, 2212, 2, '0000-00-00 00:00:00'),
(399, 1, 2213, 2, '0000-00-00 00:00:00'),
(400, 1, 2214, 2, '0000-00-00 00:00:00'),
(401, 1, 2215, 2, '0000-00-00 00:00:00'),
(402, 1, 2216, 2, '0000-00-00 00:00:00'),
(403, 1, 2217, 2, '0000-00-00 00:00:00'),
(404, 1, 2223, 2, '0000-00-00 00:00:00'),
(405, 1, 2225, 2, '0000-00-00 00:00:00'),
(406, 1, 2227, 2, '0000-00-00 00:00:00'),
(408, 1, 2234, 2, '0000-00-00 00:00:00'),
(409, 1, 2237, 2, '0000-00-00 00:00:00'),
(410, 1, 2246, 2, '0000-00-00 00:00:00'),
(411, 1, 2251, 2, '0000-00-00 00:00:00'),
(412, 1, 2252, 2, '0000-00-00 00:00:00'),
(413, 1, 2253, 2, '0000-00-00 00:00:00'),
(414, 1, 2254, 2, '0000-00-00 00:00:00'),
(415, 1, 2256, 2, '0000-00-00 00:00:00'),
(416, 1, 2261, 2, '0000-00-00 00:00:00'),
(417, 1, 2264, 2, '0000-00-00 00:00:00'),
(418, 1, 2267, 2, '0000-00-00 00:00:00'),
(419, 1, 2268, 2, '0000-00-00 00:00:00'),
(420, 1, 2269, 2, '0000-00-00 00:00:00'),
(421, 1, 2270, 2, '0000-00-00 00:00:00'),
(422, 1, 2271, 2, '0000-00-00 00:00:00'),
(423, 1, 2272, 2, '0000-00-00 00:00:00'),
(424, 1, 2282, 2, '0000-00-00 00:00:00'),
(425, 1, 2285, 2, '0000-00-00 00:00:00'),
(426, 1, 2286, 2, '0000-00-00 00:00:00'),
(427, 1, 2294, 2, '0000-00-00 00:00:00'),
(428, 1, 2295, 2, '0000-00-00 00:00:00'),
(429, 1, 2296, 2, '0000-00-00 00:00:00'),
(430, 1, 2309, 2, '0000-00-00 00:00:00'),
(431, 1, 2310, 2, '0000-00-00 00:00:00'),
(432, 1, 2315, 2, '0000-00-00 00:00:00'),
(433, 1, 2316, 2, '0000-00-00 00:00:00'),
(434, 1, 2317, 2, '0000-00-00 00:00:00'),
(435, 1, 2324, 2, '0000-00-00 00:00:00'),
(436, 1, 2333, 2, '0000-00-00 00:00:00'),
(437, 1, 2334, 2, '0000-00-00 00:00:00'),
(438, 1, 2340, 2, '0000-00-00 00:00:00'),
(439, 1, 2341, 2, '0000-00-00 00:00:00'),
(440, 1, 2342, 2, '0000-00-00 00:00:00'),
(441, 1, 2343, 2, '0000-00-00 00:00:00'),
(442, 1, 2344, 2, '0000-00-00 00:00:00'),
(443, 1, 2346, 2, '0000-00-00 00:00:00'),
(444, 1, 2351, 2, '0000-00-00 00:00:00'),
(445, 1, 2353, 2, '0000-00-00 00:00:00'),
(446, 1, 2354, 2, '0000-00-00 00:00:00'),
(447, 1, 2356, 2, '0000-00-00 00:00:00'),
(448, 1, 2363, 2, '0000-00-00 00:00:00'),
(449, 1, 2364, 2, '0000-00-00 00:00:00'),
(450, 1, 2365, 2, '0000-00-00 00:00:00'),
(451, 1, 2371, 2, '0000-00-00 00:00:00'),
(452, 1, 2372, 2, '0000-00-00 00:00:00'),
(453, 1, 2373, 2, '0000-00-00 00:00:00'),
(454, 1, 2374, 2, '0000-00-00 00:00:00'),
(455, 1, 2377, 2, '0000-00-00 00:00:00'),
(456, 1, 2388, 2, '0000-00-00 00:00:00'),
(457, 1, 2409, 2, '0000-00-00 00:00:00'),
(458, 1, 2419, 2, '0000-00-00 00:00:00'),
(459, 1, 2423, 2, '0000-00-00 00:00:00'),
(460, 1, 2424, 2, '0000-00-00 00:00:00'),
(461, 1, 2432, 2, '0000-00-00 00:00:00'),
(462, 1, 2438, 2, '0000-00-00 00:00:00'),
(463, 1, 2439, 2, '0000-00-00 00:00:00'),
(465, 1, 2442, 2, '0000-00-00 00:00:00'),
(466, 1, 2443, 2, '0000-00-00 00:00:00'),
(467, 1, 2447, 2, '0000-00-00 00:00:00'),
(470, 1, 2462, 2, '0000-00-00 00:00:00'),
(471, 1, 2470, 2, '0000-00-00 00:00:00'),
(472, 1, 2475, 2, '0000-00-00 00:00:00'),
(512, 2, 2441, 2, '0000-00-00 00:00:00'),
(513, 2, 2449, 2, '0000-00-00 00:00:00'),
(514, 2, 2448, 2, '0000-00-00 00:00:00'),
(515, 2, 2388, 2, '0000-00-00 00:00:00'),
(516, 2, 2334, 2, '0000-00-00 00:00:00'),
(517, 1, 2476, 2, '0000-00-00 00:00:00'),
(518, 2, 2476, 2, '0000-00-00 00:00:00'),
(519, 1, 2488, 2, '0000-00-00 00:00:00'),
(520, 2, 2488, 2, '0000-00-00 00:00:00'),
(521, 1, 2490, 1, '0000-00-00 00:00:00'),
(525, 1, 2491, 1, '0000-00-00 00:00:00'),
(527, 1, 2492, 1, '0000-00-00 00:00:00'),
(529, 1, 2502, 1, '0000-00-00 00:00:00'),
(531, 1, 2503, 2, '0000-00-00 00:00:00'),
(533, 1, 2505, 2, '0000-00-00 00:00:00'),
(535, 1, 2511, 1, '0000-00-00 00:00:00'),
(537, 1, 2519, 1, '0000-00-00 00:00:00'),
(539, 1, 2532, 2, '0000-00-00 00:00:00'),
(541, 1, 2562, 2, '0000-00-00 00:00:00'),
(543, 1, 2545, 1, '0000-00-00 00:00:00'),
(545, 1, 2546, 2, '0000-00-00 00:00:00'),
(547, 1, 2563, 2, '0000-00-00 00:00:00'),
(549, 1, 2564, 2, '0000-00-00 00:00:00'),
(551, 1, 2565, 2, '0000-00-00 00:00:00'),
(553, 1, 2566, 1, '0000-00-00 00:00:00'),
(555, 1, 2567, 2, '0000-00-00 00:00:00'),
(557, 1, 2568, 2, '0000-00-00 00:00:00'),
(558, 1, 2569, 2, '0000-00-00 00:00:00'),
(560, 1, 2570, 2, '0000-00-00 00:00:00'),
(562, 1, 2571, 2, '0000-00-00 00:00:00'),
(564, 1, 2572, 2, '0000-00-00 00:00:00'),
(565, 2, 2572, 2, '0000-00-00 00:00:00'),
(566, 1, 2576, 2, '0000-00-00 00:00:00'),
(568, 1, 2586, 2, '0000-00-00 00:00:00'),
(570, 1, 2590, 2, '0000-00-00 00:00:00'),
(572, 1, 2591, 2, '0000-00-00 00:00:00'),
(574, 1, 2600, 2, '0000-00-00 00:00:00'),
(576, 1, 2594, 2, '0000-00-00 00:00:00'),
(584, 1, 2608, 2, '0000-00-00 00:00:00'),
(587, 1, 2609, 2, '0000-00-00 00:00:00'),
(589, 1, 2609, 2, '0000-00-00 00:00:00'),
(591, 1, 2610, 2, '0000-00-00 00:00:00'),
(593, 1, 2611, 2, '0000-00-00 00:00:00'),
(595, 1, 2612, 2, '0000-00-00 00:00:00'),
(598, 1, 2613, 2, '0000-00-00 00:00:00'),
(600, 1, 2628, 2, '0000-00-00 00:00:00'),
(601, 2, 2628, 2, '0000-00-00 00:00:00'),
(602, 1, 2629, 2, '0000-00-00 00:00:00'),
(603, 2, 2629, 2, '0000-00-00 00:00:00'),
(604, 1, 2630, 2, '0000-00-00 00:00:00'),
(605, 2, 2630, 2, '0000-00-00 00:00:00'),
(606, 1, 2631, 2, '0000-00-00 00:00:00'),
(607, 2, 2631, 2, '0000-00-00 00:00:00'),
(608, 1, 2632, 2, '0000-00-00 00:00:00'),
(609, 2, 2632, 2, '0000-00-00 00:00:00'),
(611, 2, 2633, 2, '0000-00-00 00:00:00'),
(612, 1, 2634, 2, '0000-00-00 00:00:00'),
(613, 2, 2634, 2, '0000-00-00 00:00:00'),
(614, 1, 2635, 2, '0000-00-00 00:00:00'),
(616, 3, 2563, 2, '0000-00-00 00:00:00'),
(617, 3, 2635, 2, '0000-00-00 00:00:00'),
(618, 3, 2610, 2, '0000-00-00 00:00:00'),
(619, 3, 1698, 2, '0000-00-00 00:00:00'),
(620, 3, 2569, 2, '0000-00-00 00:00:00'),
(621, 3, 2570, 2, '0000-00-00 00:00:00'),
(622, 3, 2571, 2, '0000-00-00 00:00:00'),
(623, 3, 2565, 2, '0000-00-00 00:00:00'),
(627, 3, 2095, 2, '0000-00-00 00:00:00'),
(629, 3, 2342, 2, '0000-00-00 00:00:00'),
(631, 3, 2341, 2, '0000-00-00 00:00:00'),
(633, 3, 2216, 2, '0000-00-00 00:00:00'),
(635, 3, 2214, 2, '0000-00-00 00:00:00'),
(637, 3, 2213, 2, '0000-00-00 00:00:00'),
(638, 3, 2567, 2, '0000-00-00 00:00:00'),
(651, 1, 2661, 2, '0000-00-00 00:00:00'),
(654, 1, 2662, 2, '0000-00-00 00:00:00'),
(659, 1, 2663, 2, '0000-00-00 00:00:00'),
(661, 3, 2663, 2, '0000-00-00 00:00:00'),
(662, 1, 2664, 2, '0000-00-00 00:00:00'),
(665, 1, 2665, 2, '0000-00-00 00:00:00'),
(668, 1, 2636, 2, '0000-00-00 00:00:00'),
(670, 3, 2636, 2, '0000-00-00 00:00:00'),
(671, 1, 2604, 2, '0000-00-00 00:00:00'),
(674, 1, 2619, 2, '0000-00-00 00:00:00'),
(678, 1, 2668, 2, '0000-00-00 00:00:00'),
(685, 1, 2677, 2, '0000-00-00 00:00:00'),
(687, 3, 2677, 2, '0000-00-00 00:00:00'),
(688, 1, 2678, 2, '0000-00-00 00:00:00'),
(692, 1, 2683, 2, '0000-00-00 00:00:00'),
(695, 1, 2684, 2, '0000-00-00 00:00:00'),
(697, 3, 2684, 2, '0000-00-00 00:00:00'),
(701, 1, 2686, 2, '0000-00-00 00:00:00'),
(702, 2, 2686, 2, '0000-00-00 00:00:00'),
(705, 1, 2693, 2, '0000-00-00 00:00:00'),
(707, 3, 2693, 2, '0000-00-00 00:00:00'),
(709, 1, 2694, 2, '0000-00-00 00:00:00'),
(714, 1, 2695, 2, '0000-00-00 00:00:00'),
(716, 3, 2695, 2, '0000-00-00 00:00:00'),
(723, 1, 2706, 2, '0000-00-00 00:00:00'),
(727, 1, 2707, 2, '0000-00-00 00:00:00'),
(729, 3, 2707, 2, '0000-00-00 00:00:00'),
(731, 1, 2699, 2, '0000-00-00 00:00:00'),
(735, 1, 2709, 2, '0000-00-00 00:00:00'),
(737, 3, 2709, 2, '0000-00-00 00:00:00'),
(739, 1, 2710, 2, '0000-00-00 00:00:00'),
(743, 1, 2711, 2, '0000-00-00 00:00:00'),
(745, 3, 2711, 2, '0000-00-00 00:00:00'),
(747, 1, 2712, 2, '0000-00-00 00:00:00'),
(749, 3, 2712, 2, '0000-00-00 00:00:00'),
(756, 1, 2713, 2, '0000-00-00 00:00:00'),
(758, 3, 2713, 2, '0000-00-00 00:00:00'),
(760, 1, 2714, 2, '0000-00-00 00:00:00'),
(765, 1, 2715, 2, '0000-00-00 00:00:00'),
(766, 2, 2715, 2, '0000-00-00 00:00:00'),
(769, 1, 2737, 2, '0000-00-00 00:00:00'),
(770, 2, 2737, 2, '0000-00-00 00:00:00'),
(774, 1, 2738, 2, '0000-00-00 00:00:00'),
(776, 3, 2738, 2, '0000-00-00 00:00:00'),
(782, 1, 2740, 2, '0000-00-00 00:00:00'),
(783, 2, 2740, 2, '0000-00-00 00:00:00'),
(786, 1, 2741, 2, '0000-00-00 00:00:00'),
(790, 1, 2742, 2, '0000-00-00 00:00:00'),
(794, 1, 2773, 2, '0000-00-00 00:00:00'),
(795, 2, 2773, 2, '0000-00-00 00:00:00'),
(797, 4, 2773, 2, '0000-00-00 00:00:00'),
(799, 1, 2774, 2, '0000-00-00 00:00:00'),
(803, 1, 2775, 2, '0000-00-00 00:00:00'),
(805, 3, 2775, 2, '0000-00-00 00:00:00'),
(808, 1, 2776, 2, '0000-00-00 00:00:00'),
(809, 2, 2776, 2, '0000-00-00 00:00:00'),
(812, 1, 2777, 2, '0000-00-00 00:00:00'),
(816, 1, 2721, 2, '0000-00-00 00:00:00'),
(820, 1, 2716, 2, '0000-00-00 00:00:00'),
(824, 4, 2629, 2, '0000-00-00 00:00:00'),
(825, 1, 2812, 2, '0000-00-00 00:00:00'),
(829, 1, 2813, 2, '0000-00-00 00:00:00'),
(831, 3, 2813, 2, '0000-00-00 00:00:00'),
(837, 1, 2815, 2, '0000-00-00 00:00:00'),
(839, 3, 2815, 2, '0000-00-00 00:00:00'),
(841, 1, 2816, 2, '0000-00-00 00:00:00'),
(845, 1, 2817, 2, '0000-00-00 00:00:00'),
(847, 3, 2817, 2, '0000-00-00 00:00:00'),
(849, 1, 2828, 2, '0000-00-00 00:00:00'),
(851, 3, 2828, 2, '0000-00-00 00:00:00'),
(853, 1, 2829, 2, '0000-00-00 00:00:00'),
(855, 3, 2829, 2, '0000-00-00 00:00:00'),
(857, 1, 2830, 2, '0000-00-00 00:00:00'),
(859, 3, 2830, 2, '0000-00-00 00:00:00'),
(861, 1, 2831, 2, '0000-00-00 00:00:00'),
(863, 3, 2831, 2, '0000-00-00 00:00:00'),
(865, 1, 2832, 2, '0000-00-00 00:00:00'),
(867, 3, 2832, 2, '0000-00-00 00:00:00'),
(869, 1, 2833, 2, '0000-00-00 00:00:00'),
(871, 3, 2833, 2, '0000-00-00 00:00:00'),
(873, 1, 2834, 2, '0000-00-00 00:00:00'),
(874, 2, 2834, 2, '0000-00-00 00:00:00'),
(878, 2, 2853, 2, '0000-00-00 00:00:00'),
(889, 1, 2856, 2, '0000-00-00 00:00:00'),
(890, 2, 2856, 2, '0000-00-00 00:00:00'),
(893, 1, 2857, 2, '0000-00-00 00:00:00'),
(897, 1, 2858, 2, '0000-00-00 00:00:00'),
(898, 2, 2858, 2, '0000-00-00 00:00:00'),
(903, 1, 2859, 2, '0000-00-00 00:00:00'),
(905, 3, 2859, 2, '0000-00-00 00:00:00'),
(907, 5, 2859, 2, '0000-00-00 00:00:00'),
(912, 1, 2860, 2, '0000-00-00 00:00:00'),
(913, 2, 2860, 2, '0000-00-00 00:00:00'),
(921, 5, 2813, 2, '0000-00-00 00:00:00'),
(922, 1, 2873, 2, '0000-00-00 00:00:00'),
(947, 1, 2944, 2, '0000-00-00 00:00:00'),
(949, 3, 2944, 2, '0000-00-00 00:00:00'),
(951, 5, 2944, 2, '0000-00-00 00:00:00'),
(952, 1, 2945, 2, '0000-00-00 00:00:00'),
(954, 3, 2945, 2, '0000-00-00 00:00:00'),
(956, 5, 2945, 2, '0000-00-00 00:00:00'),
(957, 1, 2946, 2, '0000-00-00 00:00:00'),
(959, 3, 2946, 2, '0000-00-00 00:00:00'),
(961, 5, 2946, 2, '0000-00-00 00:00:00'),
(962, 1, 2947, 2, '0000-00-00 00:00:00'),
(964, 3, 2947, 2, '0000-00-00 00:00:00'),
(967, 1, 2948, 2, '0000-00-00 00:00:00'),
(968, 2, 2948, 2, '0000-00-00 00:00:00'),
(969, 3, 2948, 2, '0000-00-00 00:00:00'),
(970, 4, 2948, 2, '0000-00-00 00:00:00'),
(972, 1, 2949, 2, '0000-00-00 00:00:00'),
(974, 3, 2949, 2, '0000-00-00 00:00:00'),
(977, 1, 2950, 2, '0000-00-00 00:00:00'),
(979, 3, 2950, 2, '0000-00-00 00:00:00'),
(982, 1, 2980, 2, '0000-00-00 00:00:00'),
(984, 3, 2980, 2, '0000-00-00 00:00:00'),
(987, 1, 2981, 2, '0000-00-00 00:00:00'),
(989, 3, 2981, 2, '0000-00-00 00:00:00'),
(992, 1, 2986, 2, '0000-00-00 00:00:00'),
(997, 1, 2987, 2, '0000-00-00 00:00:00'),
(998, 2, 2987, 2, '0000-00-00 00:00:00'),
(1002, 1, 2988, 2, '0000-00-00 00:00:00'),
(1004, 3, 2988, 2, '0000-00-00 00:00:00'),
(1007, 1, 2989, 2, '0000-00-00 00:00:00'),
(1012, 1, 2990, 2, '0000-00-00 00:00:00'),
(1013, 2, 2990, 2, '0000-00-00 00:00:00'),
(1017, 1, 2991, 2, '0000-00-00 00:00:00'),
(1022, 1, 2992, 2, '0000-00-00 00:00:00'),
(1024, 3, 2992, 2, '0000-00-00 00:00:00'),
(1027, 1, 2993, 2, '0000-00-00 00:00:00'),
(1029, 3, 2993, 2, '0000-00-00 00:00:00'),
(1032, 1, 2994, 2, '0000-00-00 00:00:00'),
(1035, 4, 2994, 2, '0000-00-00 00:00:00'),
(1037, 1, 2995, 2, '0000-00-00 00:00:00'),
(1038, 2, 2995, 2, '0000-00-00 00:00:00'),
(1042, 1, 3005, 2, '0000-00-00 00:00:00'),
(1047, 1, 3015, 2, '0000-00-00 00:00:00'),
(1054, 2, 3024, 2, '0000-00-00 00:00:00'),
(1058, 1, 3042, 2, '0000-00-00 00:00:00'),
(1063, 1, 3043, 2, '0000-00-00 00:00:00'),
(1064, 2, 3043, 2, '0000-00-00 00:00:00'),
(1065, 3, 3043, 2, '0000-00-00 00:00:00'),
(1066, 4, 3043, 2, '0000-00-00 00:00:00'),
(1068, 1, 3044, 2, '0000-00-00 00:00:00'),
(1069, 2, 3044, 2, '0000-00-00 00:00:00'),
(1074, 2, 3045, 2, '0000-00-00 00:00:00'),
(1078, 1, 3073, 2, '0000-00-00 00:00:00'),
(1079, 2, 3073, 2, '0000-00-00 00:00:00'),
(1084, 2, 3074, 2, '0000-00-00 00:00:00'),
(1088, 1, 3075, 2, '0000-00-00 00:00:00'),
(1090, 3, 3075, 2, '0000-00-00 00:00:00'),
(1093, 1, 3076, 2, '0000-00-00 00:00:00'),
(1095, 3, 3076, 2, '0000-00-00 00:00:00'),
(1098, 1, 3077, 2, '0000-00-00 00:00:00'),
(1100, 3, 3077, 2, '0000-00-00 00:00:00'),
(1103, 1, 3078, 2, '0000-00-00 00:00:00'),
(1108, 1, 3079, 2, '0000-00-00 00:00:00'),
(1110, 3, 3079, 2, '0000-00-00 00:00:00'),
(1113, 1, 3097, 2, '0000-00-00 00:00:00'),
(1118, 1, 3098, 2, '0000-00-00 00:00:00'),
(1120, 3, 3098, 2, '0000-00-00 00:00:00'),
(1123, 1, 3104, 2, '0000-00-00 00:00:00'),
(1125, 3, 3104, 2, '0000-00-00 00:00:00'),
(1128, 1, 3105, 2, '0000-00-00 00:00:00'),
(1130, 3, 3105, 2, '0000-00-00 00:00:00'),
(1134, 2, 3106, 2, '0000-00-00 00:00:00'),
(1138, 1, 3107, 2, '0000-00-00 00:00:00'),
(1140, 3, 3107, 2, '0000-00-00 00:00:00'),
(1143, 1, 3108, 2, '0000-00-00 00:00:00'),
(1145, 3, 3108, 2, '0000-00-00 00:00:00'),
(1148, 1, 3109, 2, '0000-00-00 00:00:00'),
(1150, 3, 3109, 2, '0000-00-00 00:00:00'),
(1153, 1, 3110, 2, '0000-00-00 00:00:00'),
(1155, 3, 3110, 2, '0000-00-00 00:00:00'),
(1158, 1, 3111, 2, '0000-00-00 00:00:00'),
(1160, 3, 3111, 2, '0000-00-00 00:00:00'),
(1163, 1, 3112, 2, '0000-00-00 00:00:00'),
(1165, 3, 3112, 2, '0000-00-00 00:00:00'),
(1168, 1, 3113, 2, '0000-00-00 00:00:00'),
(1170, 3, 3113, 2, '0000-00-00 00:00:00'),
(1180, 1, 3114, 2, '0000-00-00 00:00:00'),
(1181, 2, 3114, 2, '0000-00-00 00:00:00'),
(1187, 1, 3115, 2, '0000-00-00 00:00:00'),
(1189, 3, 3115, 2, '0000-00-00 00:00:00'),
(1194, 1, 3116, 2, '0000-00-00 00:00:00'),
(1196, 3, 3116, 2, '0000-00-00 00:00:00'),
(1200, 1, 3117, 2, '0000-00-00 00:00:00'),
(1202, 3, 3117, 2, '0000-00-00 00:00:00'),
(1206, 1, 3118, 2, '0000-00-00 00:00:00'),
(1208, 3, 3118, 2, '0000-00-00 00:00:00'),
(1212, 1, 3119, 2, '0000-00-00 00:00:00'),
(1214, 3, 3119, 2, '0000-00-00 00:00:00'),
(1218, 1, 3120, 2, '0000-00-00 00:00:00'),
(1220, 3, 3120, 2, '0000-00-00 00:00:00'),
(1224, 1, 3139, 2, '0000-00-00 00:00:00'),
(1226, 3, 3139, 2, '0000-00-00 00:00:00'),
(1236, 1, 3121, 2, '0000-00-00 00:00:00'),
(1244, 7, 2949, 2, '0000-00-00 00:00:00'),
(1246, 7, 2950, 2, '0000-00-00 00:00:00'),
(1248, 7, 2833, 2, '0000-00-00 00:00:00'),
(1255, 7, 2840, 2, '0000-00-00 00:00:00'),
(1262, 7, 2841, 2, '0000-00-00 00:00:00'),
(1334, 7, 2738, 2, '0000-00-00 00:00:00'),
(1336, 2, 2586, 0, '0000-00-00 00:00:00'),
(1337, 3, 2586, 0, '0000-00-00 00:00:00'),
(1338, 4, 2586, 0, '0000-00-00 00:00:00'),
(1339, 5, 2586, 0, '0000-00-00 00:00:00'),
(1340, 6, 2586, 0, '0000-00-00 00:00:00'),
(1341, 7, 2586, 2, '0000-00-00 00:00:00'),
(1342, 2, 2546, 0, '0000-00-00 00:00:00'),
(1343, 3, 2546, 0, '0000-00-00 00:00:00'),
(1344, 4, 2546, 0, '0000-00-00 00:00:00'),
(1345, 5, 2546, 0, '0000-00-00 00:00:00'),
(1346, 6, 2546, 0, '0000-00-00 00:00:00'),
(1347, 7, 2546, 2, '0000-00-00 00:00:00'),
(1348, 2, 2346, 0, '0000-00-00 00:00:00'),
(1349, 3, 2346, 0, '0000-00-00 00:00:00'),
(1350, 4, 2346, 0, '0000-00-00 00:00:00'),
(1351, 5, 2346, 0, '0000-00-00 00:00:00'),
(1352, 6, 2346, 0, '0000-00-00 00:00:00'),
(1353, 7, 2346, 2, '0000-00-00 00:00:00'),
(1354, 1, 2345, 0, '0000-00-00 00:00:00'),
(1355, 2, 2345, 0, '0000-00-00 00:00:00'),
(1356, 3, 2345, 0, '0000-00-00 00:00:00'),
(1357, 4, 2345, 0, '0000-00-00 00:00:00'),
(1358, 5, 2345, 0, '0000-00-00 00:00:00'),
(1359, 6, 2345, 0, '0000-00-00 00:00:00'),
(1360, 7, 2345, 1, '0000-00-00 00:00:00'),
(1361, 2, 2344, 0, '0000-00-00 00:00:00'),
(1362, 3, 2344, 0, '0000-00-00 00:00:00'),
(1363, 4, 2344, 0, '0000-00-00 00:00:00'),
(1364, 5, 2344, 0, '0000-00-00 00:00:00'),
(1365, 6, 2344, 0, '0000-00-00 00:00:00'),
(1366, 7, 2344, 2, '0000-00-00 00:00:00'),
(1367, 2, 2270, 0, '0000-00-00 00:00:00'),
(1368, 3, 2270, 0, '0000-00-00 00:00:00'),
(1369, 4, 2270, 0, '0000-00-00 00:00:00'),
(1370, 5, 2270, 0, '0000-00-00 00:00:00'),
(1371, 6, 2270, 0, '0000-00-00 00:00:00'),
(1372, 7, 2270, 1, '0000-00-00 00:00:00'),
(1373, 1, 3403, 2, '0000-00-00 00:00:00'),
(1374, 2, 3403, 0, '0000-00-00 00:00:00'),
(1375, 3, 3403, 2, '0000-00-00 00:00:00'),
(1376, 4, 3403, 2, '0000-00-00 00:00:00'),
(1377, 5, 3403, 0, '0000-00-00 00:00:00'),
(1378, 6, 3403, 0, '0000-00-00 00:00:00'),
(1379, 7, 3403, 0, '0000-00-00 00:00:00'),
(1380, 1, 3404, 2, '0000-00-00 00:00:00'),
(1381, 2, 3404, 0, '0000-00-00 00:00:00'),
(1382, 3, 3404, 0, '0000-00-00 00:00:00'),
(1383, 4, 3404, 0, '0000-00-00 00:00:00'),
(1384, 5, 3404, 0, '0000-00-00 00:00:00'),
(1385, 6, 3404, 0, '0000-00-00 00:00:00'),
(1386, 7, 3404, 0, '0000-00-00 00:00:00'),
(1387, 1, 3405, 0, '0000-00-00 00:00:00'),
(1388, 3, 3405, 0, '0000-00-00 00:00:00'),
(1389, 7, 3405, 0, '0000-00-00 00:00:00'),
(1390, 3, 2137, 0, '0000-00-00 00:00:00'),
(1391, 7, 2137, 2, '0000-00-00 00:00:00'),
(1392, 2, 2662, 0, '0000-00-00 00:00:00'),
(1393, 3, 2662, 0, '0000-00-00 00:00:00'),
(1394, 4, 2662, 0, '0000-00-00 00:00:00'),
(1395, 5, 2662, 0, '0000-00-00 00:00:00'),
(1396, 6, 2662, 0, '0000-00-00 00:00:00'),
(1397, 7, 2662, 0, '0000-00-00 00:00:00'),
(1398, 2, 3115, 0, '0000-00-00 00:00:00'),
(1399, 4, 3115, 0, '0000-00-00 00:00:00'),
(1400, 5, 3115, 0, '0000-00-00 00:00:00'),
(1401, 6, 3115, 0, '0000-00-00 00:00:00'),
(1402, 7, 3115, 0, '0000-00-00 00:00:00'),
(1403, 1, 3447, 2, '0000-00-00 00:00:00'),
(1404, 2, 3447, 2, '0000-00-00 00:00:00'),
(1405, 3, 3447, 2, '0000-00-00 00:00:00'),
(1406, 4, 3447, 2, '0000-00-00 00:00:00'),
(1407, 5, 3447, 0, '0000-00-00 00:00:00'),
(1408, 6, 3447, 2, '0000-00-00 00:00:00'),
(1409, 7, 3447, 0, '0000-00-00 00:00:00'),
(1417, 1, 3449, 0, '0000-00-00 00:00:00'),
(1418, 2, 3449, 2, '0000-00-00 00:00:00'),
(1419, 3, 3449, 0, '0000-00-00 00:00:00'),
(1420, 4, 3449, 0, '0000-00-00 00:00:00'),
(1421, 5, 3449, 0, '0000-00-00 00:00:00'),
(1422, 6, 3449, 0, '0000-00-00 00:00:00'),
(1423, 7, 3449, 0, '0000-00-00 00:00:00'),
(1424, 1, 3450, 0, '0000-00-00 00:00:00'),
(1425, 2, 3450, 2, '0000-00-00 00:00:00'),
(1426, 3, 3450, 0, '0000-00-00 00:00:00'),
(1427, 4, 3450, 0, '0000-00-00 00:00:00'),
(1428, 5, 3450, 0, '0000-00-00 00:00:00'),
(1429, 6, 3450, 0, '0000-00-00 00:00:00'),
(1430, 7, 3450, 0, '0000-00-00 00:00:00'),
(1431, 1, 3451, 2, '0000-00-00 00:00:00'),
(1432, 2, 3451, 2, '0000-00-00 00:00:00'),
(1433, 3, 3451, 0, '0000-00-00 00:00:00'),
(1434, 4, 3451, 2, '0000-00-00 00:00:00'),
(1435, 5, 3451, 0, '0000-00-00 00:00:00'),
(1436, 6, 3451, 0, '0000-00-00 00:00:00'),
(1437, 7, 3451, 0, '0000-00-00 00:00:00'),
(1438, 1, 3452, 0, '0000-00-00 00:00:00'),
(1439, 2, 3452, 2, '0000-00-00 00:00:00'),
(1440, 3, 3452, 0, '0000-00-00 00:00:00'),
(1441, 4, 3452, 0, '0000-00-00 00:00:00'),
(1442, 5, 3452, 0, '0000-00-00 00:00:00'),
(1443, 6, 3452, 0, '0000-00-00 00:00:00'),
(1444, 7, 3452, 0, '0000-00-00 00:00:00'),
(1445, 1, 3453, 2, '0000-00-00 00:00:00'),
(1446, 2, 3405, 0, '0000-00-00 00:00:00'),
(1447, 4, 3405, 0, '0000-00-00 00:00:00'),
(1448, 5, 3405, 0, '0000-00-00 00:00:00'),
(1449, 6, 3405, 0, '0000-00-00 00:00:00'),
(1450, 2, 3453, 0, '0000-00-00 00:00:00'),
(1451, 3, 3453, 0, '0000-00-00 00:00:00'),
(1452, 4, 3453, 0, '0000-00-00 00:00:00'),
(1453, 5, 3453, 0, '0000-00-00 00:00:00'),
(1454, 6, 3453, 0, '0000-00-00 00:00:00'),
(1455, 7, 3453, 0, '0000-00-00 00:00:00'),
(1456, 1, 3475, 2, '0000-00-00 00:00:00'),
(1457, 2, 3475, 0, '0000-00-00 00:00:00'),
(1458, 3, 3475, 2, '0000-00-00 00:00:00'),
(1459, 4, 3475, 0, '0000-00-00 00:00:00'),
(1460, 5, 3475, 0, '0000-00-00 00:00:00'),
(1461, 6, 3475, 0, '0000-00-00 00:00:00'),
(1462, 7, 3475, 0, '0000-00-00 00:00:00'),
(1463, 7, 3079, 2, '0000-00-00 00:00:00'),
(1464, 1, 3476, 2, '0000-00-00 00:00:00'),
(1465, 2, 3476, 2, '0000-00-00 00:00:00'),
(1466, 3, 3476, 0, '0000-00-00 00:00:00'),
(1467, 4, 3476, 2, '0000-00-00 00:00:00'),
(1468, 5, 3476, 0, '0000-00-00 00:00:00'),
(1469, 6, 3476, 0, '0000-00-00 00:00:00'),
(1470, 7, 3476, 0, '0000-00-00 00:00:00'),
(1471, 3, 2740, 0, '0000-00-00 00:00:00'),
(1472, 4, 2740, 0, '0000-00-00 00:00:00'),
(1473, 5, 2740, 0, '0000-00-00 00:00:00'),
(1474, 6, 2740, 0, '0000-00-00 00:00:00'),
(1475, 7, 2740, 0, '0000-00-00 00:00:00'),
(1476, 1, 3478, 0, '0000-00-00 00:00:00'),
(1477, 3, 3478, 0, '0000-00-00 00:00:00'),
(1478, 7, 3478, 0, '0000-00-00 00:00:00'),
(1479, 1, 3477, 1, '0000-00-00 00:00:00'),
(1480, 3, 3477, 1, '0000-00-00 00:00:00'),
(1481, 7, 3477, 2, '0000-00-00 00:00:00'),
(1482, 1, 3497, 2, '0000-00-00 00:00:00'),
(1483, 2, 3497, 0, '0000-00-00 00:00:00'),
(1484, 3, 3497, 0, '0000-00-00 00:00:00'),
(1485, 4, 3497, 0, '0000-00-00 00:00:00'),
(1486, 5, 3497, 0, '0000-00-00 00:00:00'),
(1487, 6, 3497, 0, '0000-00-00 00:00:00'),
(1488, 7, 3497, 0, '0000-00-00 00:00:00'),
(1489, 1, 3498, 2, '0000-00-00 00:00:00'),
(1490, 2, 3498, 2, '0000-00-00 00:00:00'),
(1491, 3, 3498, 0, '0000-00-00 00:00:00'),
(1492, 4, 3498, 0, '0000-00-00 00:00:00'),
(1493, 5, 3498, 0, '0000-00-00 00:00:00'),
(1494, 6, 3498, 0, '0000-00-00 00:00:00'),
(1495, 7, 3498, 0, '0000-00-00 00:00:00'),
(1496, 1, 3459, 2, '0000-00-00 00:00:00'),
(1497, 2, 3459, 0, '0000-00-00 00:00:00'),
(1498, 3, 3459, 0, '0000-00-00 00:00:00'),
(1499, 4, 3459, 0, '0000-00-00 00:00:00'),
(1500, 5, 3459, 0, '0000-00-00 00:00:00'),
(1501, 6, 3459, 0, '0000-00-00 00:00:00'),
(1502, 7, 3459, 0, '0000-00-00 00:00:00'),
(1503, 1, 3507, 2, '0000-00-00 00:00:00'),
(1504, 2, 3507, 0, '0000-00-00 00:00:00'),
(1505, 3, 3507, 0, '0000-00-00 00:00:00'),
(1506, 4, 3507, 0, '0000-00-00 00:00:00'),
(1507, 5, 3507, 0, '0000-00-00 00:00:00'),
(1508, 6, 3507, 0, '0000-00-00 00:00:00'),
(1509, 7, 3507, 0, '0000-00-00 00:00:00'),
(1510, 1, 3514, 2, '0000-00-00 00:00:00'),
(1511, 2, 3514, 0, '0000-00-00 00:00:00'),
(1512, 3, 3514, 0, '0000-00-00 00:00:00'),
(1513, 4, 3514, 0, '0000-00-00 00:00:00'),
(1514, 5, 3514, 0, '0000-00-00 00:00:00'),
(1515, 6, 3514, 0, '0000-00-00 00:00:00'),
(1516, 7, 3514, 0, '0000-00-00 00:00:00'),
(1517, 1, 3515, 2, '0000-00-00 00:00:00'),
(1518, 2, 3515, 0, '0000-00-00 00:00:00'),
(1519, 3, 3515, 0, '0000-00-00 00:00:00'),
(1520, 4, 3515, 0, '0000-00-00 00:00:00'),
(1521, 5, 3515, 0, '0000-00-00 00:00:00'),
(1522, 6, 3515, 0, '0000-00-00 00:00:00'),
(1523, 7, 3515, 0, '0000-00-00 00:00:00'),
(1524, 1, 3510, 2, '0000-00-00 00:00:00'),
(1525, 2, 3510, 0, '0000-00-00 00:00:00'),
(1526, 3, 3510, 0, '0000-00-00 00:00:00'),
(1527, 4, 3510, 0, '0000-00-00 00:00:00'),
(1528, 5, 3510, 0, '0000-00-00 00:00:00'),
(1529, 6, 3510, 0, '0000-00-00 00:00:00'),
(1530, 7, 3510, 0, '0000-00-00 00:00:00'),
(1531, 1, 3528, 2, '0000-00-00 00:00:00'),
(1532, 2, 3528, 0, '0000-00-00 00:00:00'),
(1533, 3, 3528, 0, '0000-00-00 00:00:00'),
(1534, 4, 3528, 0, '0000-00-00 00:00:00'),
(1535, 5, 3528, 0, '0000-00-00 00:00:00'),
(1536, 6, 3528, 0, '0000-00-00 00:00:00'),
(1537, 7, 3528, 0, '0000-00-00 00:00:00'),
(1538, 1, 3533, 2, '0000-00-00 00:00:00'),
(1539, 2, 3533, 0, '0000-00-00 00:00:00'),
(1540, 3, 3533, 0, '0000-00-00 00:00:00'),
(1541, 4, 3533, 0, '0000-00-00 00:00:00'),
(1542, 5, 3533, 0, '0000-00-00 00:00:00'),
(1543, 6, 3533, 0, '0000-00-00 00:00:00'),
(1544, 7, 3533, 0, '0000-00-00 00:00:00'),
(1545, 1, 3534, 2, '0000-00-00 00:00:00'),
(1546, 1, 3535, 2, '0000-00-00 00:00:00'),
(1547, 2, 3535, 2, '0000-00-00 00:00:00'),
(1548, 3, 3535, 0, '0000-00-00 00:00:00'),
(1549, 4, 3535, 0, '0000-00-00 00:00:00'),
(1550, 5, 3535, 0, '0000-00-00 00:00:00'),
(1551, 6, 3535, 0, '0000-00-00 00:00:00'),
(1552, 7, 3535, 0, '0000-00-00 00:00:00'),
(1553, 1, 3543, 0, '0000-00-00 00:00:00'),
(1554, 2, 3543, 2, '0000-00-00 00:00:00'),
(1555, 1, 3544, 0, '0000-00-00 00:00:00'),
(1556, 2, 3544, 0, '0000-00-00 00:00:00'),
(1557, 3, 3544, 0, '0000-00-00 00:00:00'),
(1558, 4, 3544, 0, '0000-00-00 00:00:00'),
(1559, 5, 3544, 0, '0000-00-00 00:00:00'),
(1560, 6, 3544, 0, '0000-00-00 00:00:00'),
(1561, 7, 3544, 0, '0000-00-00 00:00:00'),
(1562, 2, 2611, 0, '0000-00-00 00:00:00'),
(1563, 3, 2611, 0, '0000-00-00 00:00:00'),
(1564, 4, 2611, 0, '0000-00-00 00:00:00'),
(1565, 5, 2611, 0, '0000-00-00 00:00:00'),
(1566, 6, 2611, 0, '0000-00-00 00:00:00'),
(1567, 7, 2611, 0, '0000-00-00 00:00:00'),
(1568, 2, 3534, 0, '0000-00-00 00:00:00'),
(1569, 3, 3534, 2, '0000-00-00 00:00:00'),
(1570, 4, 3534, 0, '0000-00-00 00:00:00'),
(1571, 5, 3534, 0, '0000-00-00 00:00:00'),
(1572, 6, 3534, 0, '0000-00-00 00:00:00'),
(1573, 7, 3534, 0, '0000-00-00 00:00:00'),
(1574, 1, 3545, 2, '0000-00-00 00:00:00'),
(1575, 2, 3545, 0, '0000-00-00 00:00:00'),
(1576, 3, 3545, 2, '0000-00-00 00:00:00'),
(1577, 4, 3545, 0, '0000-00-00 00:00:00'),
(1578, 5, 3545, 0, '0000-00-00 00:00:00'),
(1579, 6, 3545, 0, '0000-00-00 00:00:00'),
(1580, 7, 3545, 0, '0000-00-00 00:00:00'),
(1581, 1, 3546, 2, '0000-00-00 00:00:00'),
(1582, 2, 3546, 0, '0000-00-00 00:00:00'),
(1583, 3, 3546, 2, '0000-00-00 00:00:00'),
(1584, 4, 3546, 0, '0000-00-00 00:00:00'),
(1585, 5, 3546, 0, '0000-00-00 00:00:00'),
(1586, 6, 3546, 0, '0000-00-00 00:00:00'),
(1587, 7, 3546, 0, '0000-00-00 00:00:00'),
(1588, 1, 3555, 0, '0000-00-00 00:00:00'),
(1589, 2, 3555, 0, '0000-00-00 00:00:00'),
(1590, 3, 3555, 0, '0000-00-00 00:00:00'),
(1591, 4, 3555, 0, '0000-00-00 00:00:00'),
(1592, 5, 3555, 0, '0000-00-00 00:00:00'),
(1593, 6, 3555, 0, '0000-00-00 00:00:00'),
(1594, 7, 3555, 0, '0000-00-00 00:00:00'),
(1595, 8, 3555, 2, '0000-00-00 00:00:00'),
(1604, 1, 3556, 0, '0000-00-00 00:00:00'),
(1605, 2, 3556, 0, '0000-00-00 00:00:00'),
(1606, 3, 3556, 0, '0000-00-00 00:00:00'),
(1607, 4, 3556, 0, '0000-00-00 00:00:00'),
(1608, 5, 3556, 0, '0000-00-00 00:00:00'),
(1609, 6, 3556, 0, '0000-00-00 00:00:00'),
(1610, 7, 3556, 0, '0000-00-00 00:00:00'),
(1611, 8, 3556, 2, '0000-00-00 00:00:00'),
(1612, 1, 3558, 0, '0000-00-00 00:00:00'),
(1613, 8, 3558, 2, '0000-00-00 00:00:00'),
(1614, 1, 3559, 0, '0000-00-00 00:00:00'),
(1615, 2, 3559, 0, '0000-00-00 00:00:00'),
(1616, 3, 3559, 0, '0000-00-00 00:00:00'),
(1617, 4, 3559, 0, '0000-00-00 00:00:00'),
(1618, 5, 3559, 0, '0000-00-00 00:00:00'),
(1619, 6, 3559, 0, '0000-00-00 00:00:00'),
(1620, 7, 3559, 0, '0000-00-00 00:00:00'),
(1621, 8, 3559, 2, '0000-00-00 00:00:00'),
(1622, 1, 3560, 0, '0000-00-00 00:00:00'),
(1623, 8, 3560, 2, '0000-00-00 00:00:00'),
(1624, 1, 3561, 0, '0000-00-00 00:00:00'),
(1625, 8, 3561, 2, '0000-00-00 00:00:00'),
(1626, 2, 3560, 0, '0000-00-00 00:00:00'),
(1627, 3, 3560, 0, '0000-00-00 00:00:00'),
(1628, 4, 3560, 0, '0000-00-00 00:00:00'),
(1629, 5, 3560, 0, '0000-00-00 00:00:00'),
(1630, 6, 3560, 0, '0000-00-00 00:00:00'),
(1631, 7, 3560, 0, '0000-00-00 00:00:00'),
(1634, 1, 3563, 0, '0000-00-00 00:00:00'),
(1635, 2, 3563, 0, '0000-00-00 00:00:00'),
(1636, 3, 3563, 0, '0000-00-00 00:00:00'),
(1637, 4, 3563, 0, '0000-00-00 00:00:00'),
(1638, 5, 3563, 0, '0000-00-00 00:00:00'),
(1639, 6, 3563, 0, '0000-00-00 00:00:00'),
(1640, 7, 3563, 0, '0000-00-00 00:00:00'),
(1641, 8, 3563, 2, '0000-00-00 00:00:00'),
(1642, 9, 3563, 2, '0000-00-00 00:00:00'),
(1643, 1, 3552, 2, '0000-00-00 00:00:00'),
(1644, 2, 3552, 0, '0000-00-00 00:00:00'),
(1645, 3, 3552, 0, '0000-00-00 00:00:00'),
(1646, 4, 3552, 0, '0000-00-00 00:00:00'),
(1647, 5, 3552, 0, '0000-00-00 00:00:00'),
(1648, 6, 3552, 0, '0000-00-00 00:00:00'),
(1649, 7, 3552, 0, '0000-00-00 00:00:00'),
(1650, 8, 3552, 0, '0000-00-00 00:00:00'),
(1651, 9, 3552, 0, '0000-00-00 00:00:00'),
(1652, 9, 3559, 0, '0000-00-00 00:00:00'),
(1653, 8, 3535, 0, '0000-00-00 00:00:00'),
(1654, 9, 3535, 0, '0000-00-00 00:00:00'),
(1655, 8, 3515, 0, '0000-00-00 00:00:00'),
(1656, 9, 3515, 0, '0000-00-00 00:00:00'),
(1657, 1, 3572, 2, '0000-00-00 00:00:00'),
(1658, 2, 3572, 2, '0000-00-00 00:00:00'),
(1659, 3, 3572, 0, '0000-00-00 00:00:00'),
(1660, 4, 3572, 2, '0000-00-00 00:00:00'),
(1661, 5, 3572, 0, '0000-00-00 00:00:00'),
(1662, 6, 3572, 0, '0000-00-00 00:00:00'),
(1663, 7, 3572, 0, '0000-00-00 00:00:00'),
(1664, 8, 3572, 0, '0000-00-00 00:00:00'),
(1665, 9, 3572, 0, '0000-00-00 00:00:00'),
(1666, 1, 3573, 2, '0000-00-00 00:00:00'),
(1667, 2, 3573, 2, '0000-00-00 00:00:00'),
(1668, 3, 3573, 0, '0000-00-00 00:00:00'),
(1669, 4, 3573, 0, '0000-00-00 00:00:00'),
(1670, 5, 3573, 0, '0000-00-00 00:00:00'),
(1671, 6, 3573, 0, '0000-00-00 00:00:00'),
(1672, 7, 3573, 0, '0000-00-00 00:00:00'),
(1673, 8, 3573, 0, '0000-00-00 00:00:00'),
(1674, 9, 3573, 2, '0000-00-00 00:00:00'),
(1675, 11, 3573, 0, '0000-00-00 00:00:00'),
(1676, 12, 3573, 2, '0000-00-00 00:00:00'),
(1677, 1, 3574, 2, '0000-00-00 00:00:00'),
(1678, 2, 3574, 0, '0000-00-00 00:00:00'),
(1679, 3, 3574, 2, '0000-00-00 00:00:00'),
(1680, 4, 3574, 0, '0000-00-00 00:00:00'),
(1681, 5, 3574, 0, '0000-00-00 00:00:00'),
(1682, 6, 3574, 0, '0000-00-00 00:00:00'),
(1683, 7, 3574, 0, '0000-00-00 00:00:00'),
(1684, 8, 3574, 0, '0000-00-00 00:00:00'),
(1685, 13, 3574, 0, '0000-00-00 00:00:00'),
(1686, 14, 3574, 0, '0000-00-00 00:00:00'),
(1687, 15, 3574, 0, '0000-00-00 00:00:00'),
(1688, 2, 3076, 0, '0000-00-00 00:00:00'),
(1689, 4, 3076, 0, '0000-00-00 00:00:00'),
(1690, 5, 3076, 0, '0000-00-00 00:00:00'),
(1691, 6, 3076, 0, '0000-00-00 00:00:00'),
(1692, 7, 3076, 0, '0000-00-00 00:00:00'),
(1693, 8, 3076, 0, '0000-00-00 00:00:00'),
(1694, 13, 3076, 0, '0000-00-00 00:00:00'),
(1695, 14, 3076, 0, '0000-00-00 00:00:00'),
(1696, 15, 3076, 0, '0000-00-00 00:00:00'),
(1697, 1, 3623, 0, '0000-00-00 00:00:00'),
(1698, 2, 3623, 0, '0000-00-00 00:00:00'),
(1699, 3, 3623, 0, '0000-00-00 00:00:00'),
(1700, 4, 3623, 0, '0000-00-00 00:00:00'),
(1701, 5, 3623, 0, '0000-00-00 00:00:00'),
(1702, 6, 3623, 0, '0000-00-00 00:00:00'),
(1703, 7, 3623, 0, '0000-00-00 00:00:00'),
(1704, 8, 3623, 0, '0000-00-00 00:00:00'),
(1705, 13, 3623, 0, '0000-00-00 00:00:00'),
(1706, 14, 3623, 0, '0000-00-00 00:00:00'),
(1707, 15, 3623, 0, '0000-00-00 00:00:00'),
(1708, 1, 3624, 0, '0000-00-00 00:00:00'),
(1709, 2, 3624, 0, '0000-00-00 00:00:00'),
(1710, 3, 3624, 0, '0000-00-00 00:00:00'),
(1711, 4, 3624, 0, '0000-00-00 00:00:00'),
(1712, 5, 3624, 0, '0000-00-00 00:00:00'),
(1713, 6, 3624, 0, '0000-00-00 00:00:00'),
(1714, 7, 3624, 0, '0000-00-00 00:00:00'),
(1715, 8, 3624, 0, '0000-00-00 00:00:00'),
(1716, 13, 3624, 0, '0000-00-00 00:00:00'),
(1717, 14, 3624, 0, '0000-00-00 00:00:00'),
(1718, 15, 3624, 0, '0000-00-00 00:00:00'),
(1719, 1, 3625, 0, '0000-00-00 00:00:00'),
(1720, 2, 3625, 0, '0000-00-00 00:00:00'),
(1721, 3, 3625, 0, '0000-00-00 00:00:00'),
(1722, 4, 3625, 0, '0000-00-00 00:00:00'),
(1723, 5, 3625, 0, '0000-00-00 00:00:00'),
(1724, 6, 3625, 0, '0000-00-00 00:00:00'),
(1725, 7, 3625, 0, '0000-00-00 00:00:00'),
(1726, 8, 3625, 0, '0000-00-00 00:00:00'),
(1727, 13, 3625, 0, '0000-00-00 00:00:00'),
(1728, 14, 3625, 0, '0000-00-00 00:00:00'),
(1729, 15, 3625, 0, '0000-00-00 00:00:00'),
(1730, 1, 3626, 0, '0000-00-00 00:00:00'),
(1731, 2, 3626, 0, '0000-00-00 00:00:00'),
(1732, 3, 3626, 0, '0000-00-00 00:00:00'),
(1733, 4, 3626, 0, '0000-00-00 00:00:00'),
(1734, 5, 3626, 0, '0000-00-00 00:00:00'),
(1735, 6, 3626, 0, '0000-00-00 00:00:00'),
(1736, 7, 3626, 0, '0000-00-00 00:00:00'),
(1737, 8, 3626, 0, '0000-00-00 00:00:00'),
(1738, 13, 3626, 0, '0000-00-00 00:00:00'),
(1739, 14, 3626, 0, '0000-00-00 00:00:00'),
(1740, 15, 3626, 0, '0000-00-00 00:00:00'),
(57121, 1, 3741, 0, '0000-00-00 00:00:00'),
(57122, 16, 3741, 0, '0000-00-00 00:00:00');

-- --------------------------------------------------------

--
-- Struktura tabele `vs_events`
--

CREATE TABLE IF NOT EXISTS `vs_events` (
  `id` int(11) NOT NULL AUTO_INCREMENT,
  `start_date` datetime NOT NULL,
  `end_date` datetime NOT NULL,
  `fee` varchar(20) NOT NULL,
  `type` varchar(10) NOT NULL,
  PRIMARY KEY (`id`)
) ENGINE=InnoDB  DEFAULT CHARSET=utf8 AUTO_INCREMENT=4 ;

--
-- Odloži podatke za tabelo `vs_events`
--

INSERT INTO `vs_events` (`id`, `start_date`, `end_date`, `fee`, `type`) VALUES
(1, '2014-05-01 00:00:00', '2014-05-01 00:00:00', '0', ''),
(2, '2014-05-01 00:00:00', '2014-05-01 00:00:00', '0', ''),
(3, '2014-05-03 20:16:00', '0000-00-00 00:00:00', '0', '');

-- --------------------------------------------------------

--
-- Struktura tabele `vs_images`
--

CREATE TABLE IF NOT EXISTS `vs_images` (
  `id` int(11) NOT NULL AUTO_INCREMENT,
  `url` varchar(400) NOT NULL,
  `format` varchar(10) NOT NULL,
  `created` timestamp NOT NULL DEFAULT CURRENT_TIMESTAMP,
  PRIMARY KEY (`id`)
) ENGINE=InnoDB  DEFAULT CHARSET=utf8 AUTO_INCREMENT=9 ;

--
-- Odloži podatke za tabelo `vs_images`
--

INSERT INTO `vs_images` (`id`, `url`, `format`, `created`) VALUES
(1, 'upload/images/full_size/215/VanDusen_Botanical_Garden_1.jpg', 'jpg', '2014-05-03 00:05:08'),
(2, 'upload/images/full_size/217/VanDusen_Botanical_Garden_1.jpg', 'jpg', '2014-05-03 00:05:22'),
(3, 'upload/images/full_size/218/users.png', 'png', '2014-05-03 00:05:31'),
(4, 'upload/images/full_size/225/settings_icon.png', 'png', '2014-05-03 08:35:20'),
(5, 'upload/images/full_size/226/settings_icon.png', 'png', '2014-05-03 08:35:20'),
(6, 'upload/images/full_size/227/sforstorage_login.jpg', 'jpg', '2014-05-03 08:35:38'),
(7, 'upload/images/full_size/229/users.png', 'png', '2014-05-03 08:35:57'),
(8, 'upload/images/full_size/231/1240546_10200690605691107_1227881133_n.jpg', 'jpg', '2014-05-03 18:17:16');

-- --------------------------------------------------------

--
-- Struktura tabele `vs_locations`
--

CREATE TABLE IF NOT EXISTS `vs_locations` (
  `id` int(11) NOT NULL AUTO_INCREMENT,
  `building_name` varchar(250) DEFAULT NULL,
  `room_name` varchar(250) DEFAULT NULL,
  `street_village` varchar(256) NOT NULL,
  `house_number` varchar(8) NOT NULL,
  `post_number` varchar(8) NOT NULL,
  `city` varchar(256) NOT NULL,
  `region` varchar(250) DEFAULT NULL,
  `country` varchar(265) NOT NULL,
  `level` mediumint(9) NOT NULL DEFAULT '0',
  `parent` mediumint(9) NOT NULL DEFAULT '0',
  `geolat` varchar(15) DEFAULT NULL,
  `geolng` varchar(15) DEFAULT NULL,
  `gln` int(11) NOT NULL,
  PRIMARY KEY (`id`)
) ENGINE=InnoDB  DEFAULT CHARSET=utf8 AUTO_INCREMENT=63 ;

--
-- Odloži podatke za tabelo `vs_locations`
--

INSERT INTO `vs_locations` (`id`, `building_name`, `room_name`, `street_village`, `house_number`, `post_number`, `city`, `region`, `country`, `level`, `parent`, `geolat`, `geolng`, `gln`) VALUES
(3, '', NULL, 'Keršičeva', '12', '1420', 'Trbovlje', NULL, 'Slovenija', 0, 0, NULL, NULL, 0),
(58, '', '', 'Videm2', '12', '12', 'Dobrepolje', '', 'Slovenija', 0, 0, NULL, NULL, 0),
(59, '', '', 'lol', '12', '12', '12', '', 'Slovenija', 0, 0, NULL, NULL, 0),
(60, '', '', 'lol', '12', '12', '12', '', 'Slovenija', 0, 0, NULL, NULL, 0),
(61, '', '', 'dsg', '12', '12', '12', '', 'Slovenija', 0, 0, NULL, NULL, 0),
(62, '', '', '', '', '', '', '', 'Uzbekistan', 0, 0, NULL, NULL, 0);

-- --------------------------------------------------------

--
-- Struktura tabele `vs_multimedia`
--

CREATE TABLE IF NOT EXISTS `vs_multimedia` (
  `id` int(11) NOT NULL AUTO_INCREMENT,
  `url` text NOT NULL,
  `file_name` varchar(300) NOT NULL,
  `type` tinyint(4) NOT NULL DEFAULT '1',
  `format` varchar(10) NOT NULL,
  PRIMARY KEY (`id`)
) ENGINE=InnoDB  DEFAULT CHARSET=utf8 AUTO_INCREMENT=1511 ;

--
-- Odloži podatke za tabelo `vs_multimedia`
--

INSERT INTO `vs_multimedia` (`id`, `url`, `file_name`, `type`, `format`) VALUES
(165, 'http://www.zelnik.net/slike/sk_rest_01.JPG', 'sk_rest_01.JPG', 1, ''),
(166, 'http://www.zelnik.net/slike/Ribniski PASIJON 2013_OBJAVA_Barvna_brez obrobe_mala.jpg', 'Ribniski PASIJON 2013_OBJAVA_Barvna_brez obrobe_mala.jpg', 1, ''),
(167, 'http://www.zelnik.net/slike/581816_517082524996908_872329212_n.jpg', '581816_517082524996908_872329212_n.jpg', 1, ''),
(168, 'http://www.zelnik.net/slike/IP_bukvice1.jpg', 'IP_bukvice1.jpg', 1, ''),
(169, 'http://www.zelnik.net/slike/KSK_gotica1.jpg', 'KSK_gotica1.jpg', 1, ''),
(170, 'http://www.zelnik.net/slike/U13.jpg', 'U13.jpg', 1, ''),
(171, 'http://www.zelnik.net/slike/IP_miniaturka2.JPG', 'IP_miniaturka2.JPG', 1, ''),
(172, 'http://www.zelnik.net/slike/primorski-akademski-zbor-vinko-vodopivec-420x279.jpg', 'primorski-akademski-zbor-vinko-vodopivec-420x279.jpg', 1, ''),
(173, 'http://www.zelnik.net/slike/sd-logo.png', 'sd-logo.png', 1, ''),
(174, 'http://www.zelnik.net/slike/dan-zena-400x300.jpg', 'dan-zena-400x300.jpg', 1, ''),
(175, 'http://www.zelnik.net/slike/najdi12_21.JPG', 'najdi12_21.JPG', 1, ''),
(176, 'http://www.zelnik.net/slike/sveta_ana_na_mali_gori-300x225.jpg', 'sveta_ana_na_mali_gori-300x225.jpg', 1, ''),
(177, 'http://www.zelnik.net/slike/vrtec-ribnica.jpg', 'vrtec-ribnica.jpg', 1, ''),
(178, 'http://www.zelnik.net/slike/Skup_Spacajmo-nekaj.jpg', 'Skup_Spacajmo-nekaj.jpg', 1, ''),
(179, 'http://www.zelnik.net/slike/pakistan.jpg', 'pakistan.jpg', 1, ''),
(180, 'http://www.zelnik.net/slike/203509_480958968634047_931287322_n.jpg', '203509_480958968634047_931287322_n.jpg', 1, ''),
(181, 'http://www.zelnik.net/slike/dnevi%202013.jpg', 'dnevi%202013.jpg', 1, ''),
(182, 'http://www.zelnik.net/slike/163781_189267671102599_3249612_n.jpg', '163781_189267671102599_3249612_n.jpg', 1, ''),
(183, 'http://www.zelnik.net/slike/raska_kanalizacija_sl_5.jpg', 'raska_kanalizacija_sl_5.jpg', 1, ''),
(184, 'http://www.zelnik.net/slike/sola1.jpg', 'sola1.jpg', 1, ''),
(185, 'http://www.zelnik.net/slike/kozolec.jpg', 'kozolec.jpg', 1, ''),
(186, 'http://www.zelnik.net/slike/td_dobrepolje.jpg', 'td_dobrepolje.jpg', 1, ''),
(187, 'http://www.zelnik.net/slike/pomladni_izvir_rasica.jpg', 'pomladni_izvir_rasica.jpg', 1, ''),
(188, 'http://www.zelnik.net/slike/pirh_podezelske_zene.jpg', 'pirh_podezelske_zene.jpg', 1, ''),
(189, 'http://www.zelnik.net/slike/armenija2.jpg', 'armenija2.jpg', 1, ''),
(190, 'http://www.zelnik.net/slike/armenija3.jpg', 'armenija3.jpg', 1, ''),
(191, 'http://www.zelnik.net/slike/armenija1.jpg', 'armenija1.jpg', 1, ''),
(192, 'http://www.zelnik.net/slike/Prikaz%20rezi-mala.JPG', 'Prikaz%20rezi-mala.JPG', 1, ''),
(193, 'http://www.zelnik.net/slike/obrezovanje-drevja.jpg', 'obrezovanje-drevja.jpg', 1, ''),
(194, 'http://www.zelnik.net/slike/logo.png', 'logo.png', 1, ''),
(195, 'http://www.zelnik.net/slike/anakarenina-01-s.jpg', 'anakarenina-01-s.jpg', 1, ''),
(196, 'http://www.zelnik.net/slike/wreckitralph-02-s.jpg', 'wreckitralph-02-s.jpg', 1, ''),
(197, 'http://www.zelnik.net/slike/382317_10151411736213088_797725671_n.jpg', '382317_10151411736213088_797725671_n.jpg', 1, ''),
(198, 'http://www.zelnik.net/slike/592192_320275211424812_688650555_n.jpg', '592192_320275211424812_688650555_n.jpg', 1, ''),
(199, 'http://www.zelnik.net/slike/smucarski-tecaj-v-velikih-lascah-2013-3-140x120.jpg', 'smucarski-tecaj-v-velikih-lascah-2013-3-140x120.jpg', 1, ''),
(200, 'http://www.zelnik.net/slike/gregorjevo8.jpg', 'gregorjevo8.jpg', 1, ''),
(201, 'http://www.zelnik.net/slike/FF2.jpg', 'FF2.jpg', 1, ''),
(202, 'http://www.zelnik.net/slike/palestinian_land_loss_map.jpg', 'palestinian_land_loss_map.jpg', 1, ''),
(203, 'http://www.zelnik.net/slike/plavalni-klub-inles-ribnica-logo-300x243.jpg', 'plavalni-klub-inles-ribnica-logo-300x243.jpg', 1, ''),
(204, 'http://www.zelnik.net/slike/muzejsko-drustvo-ribnica-logo.png', 'muzejsko-drustvo-ribnica-logo.png', 1, ''),
(205, 'http://www.zelnik.net/slike/customLogo.gif.png', 'customLogo.gif.png', 1, ''),
(206, 'http://www.zelnik.net/slike/vzgoja-otrok-420x279.jpg', 'vzgoja-otrok-420x279.jpg', 1, ''),
(207, 'http://www.zelnik.net/slike/roze-269x300.jpg', 'roze-269x300.jpg', 1, ''),
(208, 'http://www.zelnik.net/slike/vabilo_20dani.jpg', 'vabilo_20dani.jpg', 1, ''),
(209, 'http://www.zelnik.net/slike/VNdobrepolje.png', 'VNdobrepolje.png', 1, ''),
(210, 'http://www.zelnik.net/slike/progaVNdobrepolje.png', 'progaVNdobrepolje.png', 1, ''),
(211, 'http://www.zelnik.net/slike/progaVNdobrepolje1.png', 'progaVNdobrepolje1.png', 1, ''),
(212, 'http://www.zelnik.net/slike/1_podpeska_jama_01.jpg', '1_podpeska_jama_01.jpg', 1, ''),
(213, 'http://www.zelnik.net/slike/jama17_1.jpeg', 'jama17_1.jpeg', 1, ''),
(214, 'http://www.zelnik.net/slike/jama17_2.jpeg', 'jama17_2.jpeg', 1, ''),
(215, 'http://www.zelnik.net/slike/jama17_3.jpeg', 'jama17_3.jpeg', 1, ''),
(216, 'http://www.zelnik.net/slike/BookClubTea.jpg', 'BookClubTea.jpg', 1, ''),
(217, 'http://www.zelnik.net/slike/IMG_5215.jpg', 'IMG_5215.jpg', 1, ''),
(218, 'http://www.zelnik.net/slike/poljska-rusija-400x300.jpg', 'poljska-rusija-400x300.jpg', 1, ''),
(219, 'http://www.zelnik.net/slike/j0301480.gif', 'j0301480.gif', 1, ''),
(220, 'http://www.zelnik.net/slike/fwu-Ribnku.jpg', 'fwu-Ribnku.jpg', 1, ''),
(221, 'http://www.zelnik.net/slike/najdih10-18.JPG', 'najdih10-18.JPG', 1, ''),
(222, 'http://www.zelnik.net/slike/napake-iz-preteklosti-stanje-prej.jpg', 'napake-iz-preteklosti-stanje-prej.jpg', 1, ''),
(223, 'http://www.zelnik.net/slike/Kri%C5%BEna_jama.jpg', 'Kri%C5%BEna_jama.jpg', 1, ''),
(224, 'http://www.zelnik.net/slike/Pot_do_I_jez.JPG', 'Pot_do_I_jez.JPG', 1, ''),
(225, 'http://www.zelnik.net/slike/stula_beti.jpg', 'stula_beti.jpg', 1, ''),
(226, 'http://www.zelnik.net/slike/1364600034.jpg', '1364600034.jpg', 1, ''),
(227, 'http://www.zelnik.net/slike/lutkovna-predstava-moj-deznik-je-lahko-balon-398x300.jpg', 'lutkovna-predstava-moj-deznik-je-lahko-balon-398x300.jpg', 1, ''),
(228, 'http://www.zelnik.net/slike/dekd_banner.gif', 'dekd_banner.gif', 1, ''),
(229, 'http://www.zelnik.net/slike/le-tuelku-vam-povejm-302x300.jpg', 'le-tuelku-vam-povejm-302x300.jpg', 1, ''),
(230, 'http://www.zelnik.net/slike/salamiada-tabla-glava.jpg', 'salamiada-tabla-glava.jpg', 1, ''),
(231, 'http://www.zelnik.net/slike/gradu-miramar.jpg', 'gradu-miramar.jpg', 1, ''),
(232, 'http://www.zelnik.net/slike/glasbeno-dozivetje-s-trio-quartetom-211x300.jpg', 'glasbeno-dozivetje-s-trio-quartetom-211x300.jpg', 1, ''),
(233, 'http://www.zelnik.net/slike/obmocno-srecanje-otroskih-in-odraslih-folklornih-skupin-2013-v-dolenji-vasi-347x300.jpg', 'obmocno-srecanje-otroskih-in-odraslih-folklornih-skupin-2013-v-dolenji-vasi-347x300.jpg', 1, ''),
(234, 'http://www.zelnik.net/slike/os-franceta-preserna-ribnica.jpg', 'os-franceta-preserna-ribnica.jpg', 1, ''),
(235, 'http://www.zelnik.net/slike/nas_kraj_03_2013.bmp', 'nas_kraj_03_2013.bmp', 1, ''),
(236, 'http://www.zelnik.net/slike/Vabilo_M.png', 'Vabilo_M.png', 1, ''),
(237, 'http://www.zelnik.net/slike/kmetija.png', 'kmetija.png', 1, ''),
(238, 'http://www.zelnik.net/slike/rk.png', 'rk.png', 1, ''),
(239, 'http://www.zelnik.net/slike/VabiloMediada_2013.jpg', 'VabiloMediada_2013.jpg', 1, ''),
(240, 'http://www.zelnik.net/slike/debeli_rtic_os_kosana.jpg', 'debeli_rtic_os_kosana.jpg', 1, ''),
(241, 'http://www.zelnik.net/slike/nevarni_odpadki.jpg', 'nevarni_odpadki.jpg', 1, ''),
(242, 'http://www.zelnik.net/slike/BalkanAmerika.png', 'BalkanAmerika.png', 1, ''),
(243, 'http://www.zelnik.net/slike/BalkanAmerika2.png', 'BalkanAmerika2.png', 1, ''),
(244, 'http://www.zelnik.net/slike/b_0_0_0_00_images_stories_2013_tekmovalci_gros_DSC_0024.jpg', 'b_0_0_0_00_images_stories_2013_tekmovalci_gros_DSC_0024.jpg', 1, ''),
(245, 'http://www.zelnik.net/slike/Logo.jpg', 'Logo.jpg', 1, ''),
(246, 'http://www.zelnik.net/slike/storovke.jpg', 'storovke.jpg', 1, ''),
(247, 'http://www.zelnik.net/slike/6_%20dan%20_69_.jpg', '6_%20dan%20_69_.jpg', 1, ''),
(248, 'http://www.zelnik.net/slike/6_ dan _69_.jpg', '6_ dan _69_.jpg', 1, ''),
(249, 'http://www.zelnik.net/slike/mama-03-l.jpg', 'mama-03-l.jpg', 1, ''),
(250, 'http://www.zelnik.net/slike/a-good-day-to-die-hard-03-l.jpg', 'a-good-day-to-die-hard-03-l.jpg', 1, ''),
(251, 'http://www.zelnik.net/slike/Argo-01-s.jpg', 'Argo-01-s.jpg', 1, ''),
(252, 'http://www.zelnik.net/slike/krudovi-05-s.jpg', 'krudovi-05-s.jpg', 1, ''),
(253, 'http://www.zelnik.net/slike/matej_vhod_lepi_rov.jpg', 'matej_vhod_lepi_rov.jpg', 1, ''),
(254, 'http://www.zelnik.net/slike/najdi13_01.JPG', 'najdi13_01.JPG', 1, ''),
(255, 'http://www.zelnik.net/slike/2_ooz_grosuplje_logo_pokoncen.jpg', '2_ooz_grosuplje_logo_pokoncen.jpg', 1, ''),
(256, 'http://www.zelnik.net/slike/3961122-pile-of-euro-bills-as-a-background.jpg', '3961122-pile-of-euro-bills-as-a-background.jpg', 1, ''),
(257, 'http://www.zelnik.net/slike/image1.jpeg', 'image1.jpeg', 1, ''),
(258, 'http://www.zelnik.net/slike/image2.jpeg', 'image2.jpeg', 1, ''),
(259, 'http://www.zelnik.net/slike/image4.jpeg', 'image4.jpeg', 1, ''),
(260, 'http://www.zelnik.net/slike/image3.jpeg', 'image3.jpeg', 1, ''),
(261, 'http://www.zelnik.net/slike/rdeča kapica.jpg', 'rdeča kapica.jpg', 1, ''),
(262, 'http://www.zelnik.net/slike/sejem-rabljenih-orodij-in-pripomockov-vabilo.jpg', 'sejem-rabljenih-orodij-in-pripomockov-vabilo.jpg', 1, ''),
(263, 'http://www.zelnik.net/slike/4.-letni-koncert-simfonicnega-orkestra-glasbene-sole-ribnica.jpg', '4.-letni-koncert-simfonicnega-orkestra-glasbene-sole-ribnica.jpg', 1, ''),
(264, 'http://www.zelnik.net/slike/Pristava_2_jpg.jpg', 'Pristava_2_jpg.jpg', 1, ''),
(265, 'http://www.zelnik.net/slike/zupnik-anton-mastnak-blagoslovil-konje-2011.jpg', 'zupnik-anton-mastnak-blagoslovil-konje-2011.jpg', 1, ''),
(266, 'http://www.zelnik.net/slike/Duatlon-Ribnica-2011-374-450x299.jpg', 'Duatlon-Ribnica-2011-374-450x299.jpg', 1, ''),
(267, 'http://www.zelnik.net/slike/Ribniška dolina poje.png', 'Ribniška dolina poje.png', 1, ''),
(268, 'http://www.zelnik.net/slike/ribniska-dolina-poje-2013-plakat-420x205.jpg', 'ribniska-dolina-poje-2013-plakat-420x205.jpg', 1, ''),
(269, 'http://www.zelnik.net/slike/Logotip_RRA-LUR_nov.gif', 'Logotip_RRA-LUR_nov.gif', 1, ''),
(270, 'http://www.zelnik.net/slike/noname.jpg', 'noname.jpg', 1, ''),
(271, 'http://www.zelnik.net/slike/150-years-hpage-eng.jpg', '150-years-hpage-eng.jpg', 1, ''),
(272, 'http://www.zelnik.net/slike/60let.jpg', '60let.jpg', 1, ''),
(273, 'http://www.zelnik.net/slike/krvodajalstvo.png', 'krvodajalstvo.png', 1, ''),
(274, 'http://www.zelnik.net/slike/883501_493884484003408_2097442772_o.jpg', '883501_493884484003408_2097442772_o.jpg', 1, ''),
(275, 'http://www.zelnik.net/slike/Jože Šuštar.jpg', 'Jože Šuštar.jpg', 1, ''),
(276, 'http://www.zelnik.net/slike/DSC00094.JPG', 'DSC00094.JPG', 1, ''),
(277, 'http://www.zelnik.net/slike/541860_10200413300107306_1476917986_n.jpg', '541860_10200413300107306_1476917986_n.jpg', 1, ''),
(278, 'http://www.zelnik.net/slike/ekodan.JPG', 'ekodan.JPG', 1, ''),
(279, 'http://www.zelnik.net/slike/554665_10151848591965651_1288695134_n.jpg', '554665_10151848591965651_1288695134_n.jpg', 1, ''),
(280, 'http://www.zelnik.net/slike/Petteia.jpg', 'Petteia.jpg', 1, ''),
(281, 'http://www.zelnik.net/slike/JeZaNas_biodiverziteta.JPG', 'JeZaNas_biodiverziteta.JPG', 1, ''),
(282, 'http://www.zelnik.net/slike/18256_394587250618268_1587237058_n.jpg', '18256_394587250618268_1587237058_n.jpg', 1, ''),
(283, 'http://www.zelnik.net/slike/5_20100422_2061584646.jpg', '5_20100422_2061584646.jpg', 1, ''),
(284, 'http://www.zelnik.net/slike/KQhgZfau2nUOLznS7H8jKkBPOPRroKp_Ei42rDp6kX0,aD7N9Y_kzM5L8K_stBwN-XnuaZ2N7j2iUgzShSDqS2k.jpg', 'KQhgZfau2nUOLznS7H8jKkBPOPRroKp_Ei42rDp6kX0,aD7N9Y_kzM5L8K_stBwN-XnuaZ2N7j2iUgzShSDqS2k.jpg', 1, ''),
(285, 'http://www.zelnik.net/slike/15.-zbor-motoristov-pri-novi-stifti-2013-plakat.jpg', '15.-zbor-motoristov-pri-novi-stifti-2013-plakat.jpg', 1, ''),
(286, 'http://www.zelnik.net/slike/12_1_nova_stifta_37403.jpg', '12_1_nova_stifta_37403.jpg', 1, ''),
(287, 'http://www.zelnik.net/slike/5920_1167019290524_3797_n.jpg', '5920_1167019290524_3797_n.jpg', 1, ''),
(288, 'http://www.zelnik.net/slike/15-srecanje%20mzm.jpg', '15-srecanje%20mzm.jpg', 1, ''),
(289, 'http://www.zelnik.net/slike/1.-majski-nogometni-turnir-v-dolenji-vasi-2013.jpg', '1.-majski-nogometni-turnir-v-dolenji-vasi-2013.jpg', 1, ''),
(290, 'http://www.zelnik.net/slike/trubarjeva domacija.jpg', 'trubarjeva domacija.jpg', 1, ''),
(291, 'http://www.zelnik.net/slike/maketa-no-in-jaz.jpg', 'maketa-no-in-jaz.jpg', 1, ''),
(292, 'http://www.zelnik.net/slike/d8e8bc298c7aac40bdf01acec2e751f1_160_w.jpeg', 'd8e8bc298c7aac40bdf01acec2e751f1_160_w.jpeg', 1, ''),
(293, 'http://www.zelnik.net/slike/185161_470482156319629_831401462_n.jpg', '185161_470482156319629_831401462_n.jpg', 1, ''),
(294, 'http://www.zelnik.net/slike/12012_577171788983998_1313284508_n.jpg', '12012_577171788983998_1313284508_n.jpg', 1, ''),
(295, 'http://www.zelnik.net/slike/informacijska%20podoba%20dobrepolja.gif', 'informacijska%20podoba%20dobrepolja.gif', 1, ''),
(296, 'http://www.zelnik.net/slike/informacijska_podoba_dobrepolja.jpg', 'informacijska_podoba_dobrepolja.jpg', 1, ''),
(297, 'http://www.zelnik.net/slike/informacijska_podoba_dobrepolja.gif', 'informacijska_podoba_dobrepolja.gif', 1, ''),
(298, 'http://www.zelnik.net/slike/921671_614932415200915_1469759970_o.jpg', '921671_614932415200915_1469759970_o.jpg', 1, ''),
(299, 'http://www.zelnik.net/slike/472369_245364182272963_622344427_o.jpg', '472369_245364182272963_622344427_o.jpg', 1, ''),
(300, 'http://www.zelnik.net/slike/photo7.JPG', 'photo7.JPG', 1, ''),
(301, 'http://www.zelnik.net/slike/photo6.JPG', 'photo6.JPG', 1, ''),
(302, 'http://www.zelnik.net/slike/otroci.jpg', 'otroci.jpg', 1, ''),
(303, 'http://www.zelnik.net/slike/IMAG0284.jpg', 'IMAG0284.jpg', 1, ''),
(304, 'http://www.zelnik.net/slike/oz-04-s.jpg', 'oz-04-s.jpg', 1, ''),
(305, 'http://www.zelnik.net/slike/epic-02-s.jpg', 'epic-02-s.jpg', 1, ''),
(306, 'http://www.zelnik.net/slike/oratorij_risba.jpg', 'oratorij_risba.jpg', 1, ''),
(307, 'http://www.zelnik.net/slike/8_logo.jpg', '8_logo.jpg', 1, ''),
(308, 'http://www.zelnik.net/slike/IMG_4639.jpg', 'IMG_4639.jpg', 1, ''),
(309, 'http://www.zelnik.net/slike/groeva%20stojnica.JPG', 'groeva%20stojnica.JPG', 1, ''),
(310, 'http://www.zelnik.net/slike/GROŠ mamice 100 EURO.JPG', 'GROŠ mamice 100 EURO.JPG', 1, ''),
(311, 'http://www.zelnik.net/slike/logo_izbran.jpg', 'logo_izbran.jpg', 1, ''),
(312, 'http://www.zelnik.net/slike/100let.jpg', '100let.jpg', 1, ''),
(313, 'http://www.zelnik.net/slike/predavanje-marjana-gorupa-zasvojenost-rak-sodobne-civilizacije.jpg', 'predavanje-marjana-gorupa-zasvojenost-rak-sodobne-civilizacije.jpg', 1, ''),
(314, 'http://www.zelnik.net/slike/RAZGL_kranjski_jeglic.jpg', 'RAZGL_kranjski_jeglic.jpg', 1, ''),
(315, 'http://www.zelnik.net/slike/pijava-gorica-tretji-pas-april-2013.jpg', 'pijava-gorica-tretji-pas-april-2013.jpg', 1, ''),
(316, 'http://www.zelnik.net/slike/reseto-domacih-2013-plakat-729x1024.jpg', 'reseto-domacih-2013-plakat-729x1024.jpg', 1, ''),
(317, 'http://www.zelnik.net/slike/znaki_2.jpg', 'znaki_2.jpg', 1, ''),
(318, 'http://www.zelnik.net/slike/30528_127853747243992_5086528_n.jpg', '30528_127853747243992_5086528_n.jpg', 1, ''),
(319, 'http://www.zelnik.net/slike/338744_469703653058998_751793037_o.jpg', '338744_469703653058998_751793037_o.jpg', 1, ''),
(320, 'http://www.zelnik.net/slike/storovke_logo.jpg', 'storovke_logo.jpg', 1, ''),
(321, 'http://www.zelnik.net/slike/piknik.jpg', 'piknik.jpg', 1, ''),
(322, 'http://www.zelnik.net/slike/video_seja_casino_grosuplje-300x223.jpg', 'video_seja_casino_grosuplje-300x223.jpg', 1, ''),
(323, 'http://www.zelnik.net/slike/bele_stene_velika_gora-300x225.jpg', 'bele_stene_velika_gora-300x225.jpg', 1, ''),
(324, 'http://www.zelnik.net/slike/rock kamnolom 2013 tegel_plakat.jpg', 'rock kamnolom 2013 tegel_plakat.jpg', 1, ''),
(325, 'http://www.zelnik.net/slike/rock_kamnolom.jpg', 'rock_kamnolom.jpg', 1, ''),
(326, 'http://www.zelnik.net/slike/PlakatDK_mali_predogled.jpeg', 'PlakatDK_mali_predogled.jpeg', 1, ''),
(327, 'http://www.zelnik.net/slike/PlakatDK_mali.jpeg', 'PlakatDK_mali.jpeg', 1, ''),
(328, 'http://www.zelnik.net/slike/DSC08689-300x200.jpg', 'DSC08689-300x200.jpg', 1, ''),
(329, 'http://www.zelnik.net/slike/91_grb.jpg', '91_grb.jpg', 1, ''),
(330, 'http://www.zelnik.net/slike/vremenska-napoved-dobrepolje.jpg', 'vremenska-napoved-dobrepolje.jpg', 1, ''),
(331, 'http://www.zelnik.net/slike/vdc-ribnica-v-novih-prostorih.jpg', 'vdc-ribnica-v-novih-prostorih.jpg', 1, ''),
(332, 'http://www.zelnik.net/slike/_DSC0293.jpg', '_DSC0293.jpg', 1, ''),
(333, 'http://www.zelnik.net/slike/Dobrodelni bazar GREMO NA MORJE_mediji.jpg', 'Dobrodelni bazar GREMO NA MORJE_mediji.jpg', 1, ''),
(334, 'http://www.zelnik.net/slike/otroci%20wkt002.jpg', 'otroci%20wkt002.jpg', 1, ''),
(335, 'http://www.zelnik.net/slike/_4fc7465cd32e3.jpg', '_4fc7465cd32e3.jpg', 1, ''),
(336, 'http://www.zelnik.net/slike/pedro-opeka-dobri-prijatelj-299x300.jpg', 'pedro-opeka-dobri-prijatelj-299x300.jpg', 1, ''),
(337, 'http://www.zelnik.net/slike/headerbg1.jpg', 'headerbg1.jpg', 1, ''),
(338, 'http://www.zelnik.net/slike/nada_2013.JPG', 'nada_2013.JPG', 1, ''),
(339, 'http://www.zelnik.net/slike/del-4-1-3.JPG', 'del-4-1-3.JPG', 1, ''),
(340, 'http://www.zelnik.net/slike/kud-ribniski-pihalni-orkester-logo.png', 'kud-ribniski-pihalni-orkester-logo.png', 1, ''),
(341, 'http://www.zelnik.net/slike/otvoritev-ceste-v-crnem-potoku-400x300.jpg', 'otvoritev-ceste-v-crnem-potoku-400x300.jpg', 1, ''),
(342, 'http://www.zelnik.net/slike/Sarajevo2005 132.jpg', 'Sarajevo2005 132.jpg', 1, ''),
(343, 'http://www.zelnik.net/slike/Sarajevo2005 117.jpg', 'Sarajevo2005 117.jpg', 1, ''),
(344, 'http://www.zelnik.net/slike/7.-vecer-na-vasi-300x225.jpg', '7.-vecer-na-vasi-300x225.jpg', 1, ''),
(345, 'http://www.zelnik.net/slike/TAM_9093-001.JPG', 'TAM_9093-001.JPG', 1, ''),
(346, 'http://www.zelnik.net/slike/373164_522589077772194_1219003478_n.jpg', '373164_522589077772194_1219003478_n.jpg', 1, ''),
(347, 'http://www.zelnik.net/slike/kolaz-polstenje-265x300.jpg', 'kolaz-polstenje-265x300.jpg', 1, ''),
(348, 'http://www.zelnik.net/slike/thumbs_15_maraton_grosuplje_1.jpg', 'thumbs_15_maraton_grosuplje_1.jpg', 1, ''),
(349, 'http://www.zelnik.net/slike/3.-blagoslov-koles-v-zlebicu-2013-plakat.jpg', '3.-blagoslov-koles-v-zlebicu-2013-plakat.jpg', 1, ''),
(350, 'http://www.zelnik.net/slike/395x265f22d8e037acfc0129598aa6b0907a7e81269283926.jpg', '395x265f22d8e037acfc0129598aa6b0907a7e81269283926.jpg', 1, ''),
(351, 'http://www.zelnik.net/slike/Sexy-Hot-Girl-Photoshoot-HD-Wallpaper.jpg', 'Sexy-Hot-Girl-Photoshoot-HD-Wallpaper.jpg', 1, ''),
(352, 'http://www.zelnik.net/slike/srecanje-stanovalcev-domov-dolenjske-regije.jpg', 'srecanje-stanovalcev-domov-dolenjske-regije.jpg', 1, ''),
(353, 'http://www.zelnik.net/slike/headerphoto.jpg', 'headerphoto.jpg', 1, ''),
(354, 'http://www.zelnik.net/slike/dslogo-mali.png', 'dslogo-mali.png', 1, ''),
(355, 'http://www.zelnik.net/slike/PMN_13_LOGO_s_podlago.2.jpg', 'PMN_13_LOGO_s_podlago.2.jpg', 1, ''),
(356, 'http://www.zelnik.net/slike/slep01.JPG', 'slep01.JPG', 1, ''),
(357, 'http://www.zelnik.net/slike/slep09.JPG', 'slep09.JPG', 1, ''),
(358, 'http://www.zelnik.net/slike/slep02.JPG', 'slep02.JPG', 1, ''),
(359, 'http://www.zelnik.net/slike/slep02a.JPG', 'slep02a.JPG', 1, ''),
(360, 'http://www.zelnik.net/slike/slep03.JPG', 'slep03.JPG', 1, ''),
(361, 'http://www.zelnik.net/slike/slep04.JPG', 'slep04.JPG', 1, ''),
(362, 'http://www.zelnik.net/slike/slep05.JPG', 'slep05.JPG', 1, ''),
(363, 'http://www.zelnik.net/slike/slep06.JPG', 'slep06.JPG', 1, ''),
(364, 'http://www.zelnik.net/slike/slep07.JPG', 'slep07.JPG', 1, ''),
(365, 'http://www.zelnik.net/slike/slep08.JPG', 'slep08.JPG', 1, ''),
(366, 'http://www.zelnik.net/slike/slep10.JPG', 'slep10.JPG', 1, ''),
(367, 'http://www.zelnik.net/slike/logo_zelnik.net.jpg', 'logo_zelnik.net.jpg', 1, ''),
(368, 'http://www.zelnik.net/slike/thumbs_1_bazar_dostava_igrac.jpg', 'thumbs_1_bazar_dostava_igrac.jpg', 1, ''),
(369, 'http://www.zelnik.net/slike/31_bazar_polna_ploscad_2.jpg', '31_bazar_polna_ploscad_2.jpg', 1, ''),
(370, 'http://www.zelnik.net/slike/33_bazar_riksa_.jpg', '33_bazar_riksa_.jpg', 1, ''),
(371, 'http://www.zelnik.net/slike/10_bazar_pisani_bazar.jpg', '10_bazar_pisani_bazar.jpg', 1, ''),
(372, 'http://www.zelnik.net/slike/1_bazar_dostava_igrac.jpg', '1_bazar_dostava_igrac.jpg', 1, ''),
(373, 'http://www.zelnik.net/slike/P4120310.JPG', 'P4120310.JPG', 1, ''),
(374, 'http://www.zelnik.net/slike/259749_2058302187023_473344_o.jpg', '259749_2058302187023_473344_o.jpg', 1, ''),
(375, 'http://www.zelnik.net/slike/old_football_ball_1920x1200.jpg', 'old_football_ball_1920x1200.jpg', 1, ''),
(376, 'http://www.zelnik.net/slike/599054_493418934026903_1512634394_n.png', '599054_493418934026903_1512634394_n.png', 1, ''),
(377, 'http://www.zelnik.net/slike/977521_533779096657553_727840995_o.jpg', '977521_533779096657553_727840995_o.jpg', 1, ''),
(378, 'http://www.zelnik.net/slike/967146_533742773327852_2140010940_o.jpg', '967146_533742773327852_2140010940_o.jpg', 1, ''),
(379, 'http://www.zelnik.net/slike/gardaland_entrata.jpg', 'gardaland_entrata.jpg', 1, ''),
(380, 'http://www.zelnik.net/slike/981783_10151654894226670_109933903_o.jpg', '981783_10151654894226670_109933903_o.jpg', 1, ''),
(381, 'http://www.zelnik.net/slike/463685_10151654899126670_1219017766_o.jpg', '463685_10151654899126670_1219017766_o.jpg', 1, ''),
(382, 'http://www.zelnik.net/slike/td-podgora.jpg', 'td-podgora.jpg', 1, ''),
(383, 'http://www.zelnik.net/slike/otroci-wkt002.jpg', 'otroci-wkt002.jpg', 1, ''),
(384, 'http://www.zelnik.net/slike/seizmogram_1.png', 'seizmogram_1.png', 1, ''),
(385, 'http://www.zelnik.net/slike/books?id=OszyMdrUNDQC&hl=sl&hl=sl&pg=PA212&img=1&zoom=3&ots=HoiP90sovL&sig=ACfU3U2zUaLOXJ38_Dh-QL4cNW66RQxeFw&w=685.jpg', 'books?id=OszyMdrUNDQC&hl=sl&hl=sl&pg=PA212&img=1&zoom=3&ots=HoiP90sovL&sig=ACfU3U2zUaLOXJ38_Dh-QL4cNW66RQxeFw&w=685.jpg', 1, ''),
(386, 'http://www.zelnik.net/slike/books-dobrepolje.jpg', 'books-dobrepolje.jpg', 1, ''),
(387, 'http://www.zelnik.net/slike/tr2013-3.bmp', 'tr2013-3.bmp', 1, ''),
(388, 'http://www.zelnik.net/slike/seizmogram_2.png', 'seizmogram_2.png', 1, ''),
(389, 'http://www.zelnik.net/slike/devetasejagrosuplje-600.jpg', 'devetasejagrosuplje-600.jpg', 1, ''),
(390, 'http://www.zelnik.net/slike/kk13-18.JPG', 'kk13-18.JPG', 1, ''),
(391, 'http://www.zelnik.net/slike/22.06.2013_Dan državnosti_I.png', '22.06.2013_Dan državnosti_I.png', 1, ''),
(392, 'http://www.zelnik.net/slike/22.06.2013_Dan državnosti_I.jpg', '22.06.2013_Dan državnosti_I.jpg', 1, ''),
(393, 'http://www.zelnik.net/slike/dan_drzavnosti_dobrepolje.png', 'dan_drzavnosti_dobrepolje.png', 1, ''),
(394, 'http://www.zelnik.net/slike/Dolenjske Toplice 2013_skupinska.jpg', 'Dolenjske Toplice 2013_skupinska.jpg', 1, ''),
(395, 'http://www.zelnik.net/slike/Dolenjske Toplice 2013_na poti2.jpg', 'Dolenjske Toplice 2013_na poti2.jpg', 1, ''),
(396, 'http://www.zelnik.net/slike/Dolenjske Toplice 2013_na poti1.jpg', 'Dolenjske Toplice 2013_na poti1.jpg', 1, ''),
(397, 'http://www.zelnik.net/slike/Dolenjske%20Toplice%202013_skupinska.jpg', 'Dolenjske%20Toplice%202013_skupinska.jpg', 1, ''),
(398, 'http://www.zelnik.net/slike/Dolenjske%20Toplice%202013_na%20poti2.jpg', 'Dolenjske%20Toplice%202013_na%20poti2.jpg', 1, ''),
(399, 'http://www.zelnik.net/slike/14401_14897_170x260.jpg', '14401_14897_170x260.jpg', 1, ''),
(400, 'http://www.zelnik.net/slike/izdelovanje-iz-gline-300x205.jpg', 'izdelovanje-iz-gline-300x205.jpg', 1, ''),
(401, 'http://www.zelnik.net/slike/pokoncna-slika_abstrakcija_mike-012551.jpg', 'pokoncna-slika_abstrakcija_mike-012551.jpg', 1, ''),
(402, 'http://www.zelnik.net/slike/ars2.jpg', 'ars2.jpg', 1, ''),
(403, 'http://www.zelnik.net/slike/ars4.jpg', 'ars4.jpg', 1, ''),
(404, 'http://www.zelnik.net/slike/ars3.jpg', 'ars3.jpg', 1, ''),
(405, 'http://www.zelnik.net/slike/oratorij_plus_2013.png', 'oratorij_plus_2013.png', 1, ''),
(406, 'http://www.zelnik.net/slike/Tekaška delavnica1.jpg', 'Tekaška delavnica1.jpg', 1, ''),
(407, 'http://www.zelnik.net/slike/Tekaška delavnica2.jpg', 'Tekaška delavnica2.jpg', 1, ''),
(408, 'http://www.zelnik.net/slike/Tekaška delavnica3.jpg', 'Tekaška delavnica3.jpg', 1, ''),
(409, 'http://www.zelnik.net/slike/Dolenjske Toplice 2013_1.jpg', 'Dolenjske Toplice 2013_1.jpg', 1, ''),
(410, 'http://www.zelnik.net/slike/Dolenjske Toplice 2013_2.jpg', 'Dolenjske Toplice 2013_2.jpg', 1, ''),
(411, 'http://www.zelnik.net/slike/Dolenjske Toplice 2013_3.jpg', 'Dolenjske Toplice 2013_3.jpg', 1, ''),
(412, 'http://www.zelnik.net/slike/Dolenjske Toplice 13_2.jpg', 'Dolenjske Toplice 13_2.jpg', 1, ''),
(413, 'http://www.zelnik.net/slike/tjasa-cepus.jpg', 'tjasa-cepus.jpg', 1, ''),
(414, 'http://www.zelnik.net/slike/DolenjskeToplice2013_na poti2.jpg', 'DolenjskeToplice2013_na poti2.jpg', 1, ''),
(415, 'http://www.zelnik.net/slike/DolenjskeToplice2013_3.jpg', 'DolenjskeToplice2013_3.jpg', 1, ''),
(416, 'http://www.zelnik.net/slike/DolenjskeToplice2013_2.jpg', 'DolenjskeToplice2013_2.jpg', 1, ''),
(417, 'http://www.zelnik.net/slike/DolenjskeToplice2013_1.jpg', 'DolenjskeToplice2013_1.jpg', 1, ''),
(418, 'http://www.zelnik.net/slike/poletni_veceri_2.jpg', 'poletni_veceri_2.jpg', 1, ''),
(419, 'http://www.zelnik.net/slike/regijsko preverjane  RK 120.jpg', 'regijsko preverjane  RK 120.jpg', 1, ''),
(420, 'http://www.zelnik.net/slike/regijsko preverjane  RK 093.jpg', 'regijsko preverjane  RK 093.jpg', 1, ''),
(421, 'http://www.zelnik.net/slike/regijsko preverjane  RK 034.jpg', 'regijsko preverjane  RK 034.jpg', 1, ''),
(422, 'http://www.zelnik.net/slike/regijsko%20preverjane%20%20RK%20120.jpg', 'regijsko%20preverjane%20%20RK%20120.jpg', 1, ''),
(423, 'http://www.zelnik.net/slike/regijsko%20preverjane%20%20RK%20034.jpg', 'regijsko%20preverjane%20%20RK%20034.jpg', 1, ''),
(424, 'http://www.zelnik.net/slike/DSCN3322.JPG', 'DSCN3322.JPG', 1, ''),
(425, 'http://www.zelnik.net/slike/startrekintodarkness-02-s.jpg', 'startrekintodarkness-02-s.jpg', 1, ''),
(426, 'http://www.zelnik.net/slike/3 copy.jpg', '3 copy.jpg', 1, ''),
(427, 'http://www.zelnik.net/slike/3_poletni_vecer.jpg', '3_poletni_vecer.jpg', 1, ''),
(428, 'http://www.zelnik.net/slike/dobrepolje_panorama.jpg', 'dobrepolje_panorama.jpg', 1, ''),
(429, 'http://www.zelnik.net/slike/Roundtable.jpg', 'Roundtable.jpg', 1, ''),
(430, 'http://www.zelnik.net/slike/2013-07-09 00.34.44.jpg', '2013-07-09 00.34.44.jpg', 1, ''),
(431, 'http://www.zelnik.net/slike/2013-07-09_00.34.44.jpg', '2013-07-09_00.34.44.jpg', 1, ''),
(432, 'http://www.zelnik.net/slike/Roundtable-d.jpg', 'Roundtable-d.jpg', 1, ''),
(433, 'http://www.zelnik.net/slike/Roundtable_d.jpg', 'Roundtable_d.jpg', 1, ''),
(434, 'http://www.zelnik.net/slike/3%20copy.jpg', '3%20copy.jpg', 1, ''),
(435, 'http://www.zelnik.net/slike/3_copy_(1).jpg', '3_copy_(1).jpg', 1, ''),
(436, 'http://www.zelnik.net/slike/okrogla_miza.jpg', 'okrogla_miza.jpg', 1, ''),
(437, 'http://www.zelnik.net/slike/storzic-2132m-300x225.jpg', 'storzic-2132m-300x225.jpg', 1, ''),
(438, 'http://www.zelnik.net/slike/fastfurious-02-s.jpg', 'fastfurious-02-s.jpg', 1, ''),
(439, 'http://www.zelnik.net/slike/thegreatgatsby-05-l.jpg', 'thegreatgatsby-05-l.jpg', 1, ''),
(440, 'http://www.zelnik.net/slike/Monsters-university-01-l.jpg', 'Monsters-university-01-l.jpg', 1, ''),
(441, 'http://www.zelnik.net/slike/ceska.jpg', 'ceska.jpg', 1, ''),
(442, 'http://www.zelnik.net/slike/GROŠ.jpg', 'GROŠ.jpg', 1, ''),
(443, 'http://www.zelnik.net/slike/ribniski-grad-letno-gledalisce.jpg', 'ribniski-grad-letno-gledalisce.jpg', 1, ''),
(444, 'http://www.zelnik.net/slike/579.JPG', '579.JPG', 1, ''),
(445, 'http://www.zelnik.net/slike/605.JPG', '605.JPG', 1, ''),
(446, 'http://www.zelnik.net/slike/674.JPG', '674.JPG', 1, ''),
(447, 'http://www.zelnik.net/slike/476.JPG', '476.JPG', 1, ''),
(448, 'http://www.zelnik.net/slike/557.JPG', '557.JPG', 1, ''),
(449, 'http://www.zelnik.net/slike/894.JPG', '894.JPG', 1, ''),
(450, 'http://www.zelnik.net/slike/877.JPG', '877.JPG', 1, ''),
(451, 'http://www.zelnik.net/slike/956.JPG', '956.JPG', 1, ''),
(452, 'http://www.zelnik.net/slike/973.JPG', '973.JPG', 1, ''),
(453, 'http://www.zelnik.net/slike/960.JPG', '960.JPG', 1, ''),
(454, 'http://www.zelnik.net/slike/833.JPG', '833.JPG', 1, ''),
(455, 'http://www.zelnik.net/slike/DSC00019.JPG', 'DSC00019.JPG', 1, ''),
(456, 'http://www.zelnik.net/slike/dsc_1264_20130714_2030055910.jpg', 'dsc_1264_20130714_2030055910.jpg', 1, ''),
(457, 'http://www.zelnik.net/slike/dsc_1253_20130714_1127990034.jpg', 'dsc_1253_20130714_1127990034.jpg', 1, ''),
(458, 'http://www.zelnik.net/slike/dsc_0284_20130714_1015168550.jpg', 'dsc_0284_20130714_1015168550.jpg', 1, ''),
(459, 'http://www.zelnik.net/slike/dsc_0550_20130714_1614023686.jpg', 'dsc_0550_20130714_1614023686.jpg', 1, ''),
(460, 'http://www.zelnik.net/slike/DSCN3453.JPG', 'DSCN3453.JPG', 1, ''),
(461, 'http://www.zelnik.net/slike/DSCN3445.JPG', 'DSCN3445.JPG', 1, ''),
(462, 'http://www.zelnik.net/slike/DSCN3448.JPG', 'DSCN3448.JPG', 1, ''),
(463, 'http://www.zelnik.net/slike/DSCN3449.JPG', 'DSCN3449.JPG', 1, ''),
(464, 'http://www.zelnik.net/slike/DSCN3457.JPG', 'DSCN3457.JPG', 1, ''),
(465, 'http://www.zelnik.net/slike/DSCN3459.JPG', 'DSCN3459.JPG', 1, ''),
(466, 'http://www.zelnik.net/slike/DSCN3456.JPG', 'DSCN3456.JPG', 1, ''),
(467, 'http://www.zelnik.net/slike/DSCN3467.JPG', 'DSCN3467.JPG', 1, ''),
(468, 'http://www.zelnik.net/slike/DSCN3471.JPG', 'DSCN3471.JPG', 1, ''),
(469, 'http://www.zelnik.net/slike/DSCN3480.JPG', 'DSCN3480.JPG', 1, ''),
(470, 'http://www.zelnik.net/slike/DSCN3487.JPG', 'DSCN3487.JPG', 1, ''),
(471, 'http://www.zelnik.net/slike/DSCN3484.JPG', 'DSCN3484.JPG', 1, ''),
(472, 'http://www.zelnik.net/slike/DSCN3493.JPG', 'DSCN3493.JPG', 1, ''),
(473, 'http://www.zelnik.net/slike/DSCN3473.JPG', 'DSCN3473.JPG', 1, ''),
(474, 'http://www.zelnik.net/slike/DSCN3496.JPG', 'DSCN3496.JPG', 1, ''),
(475, 'http://img.novicomat.si/zelnik.net.jpg', 'zelnik.net.jpg', 1, ''),
(476, 'http://www.zelnik.net/slike/GRAJSKI_VEČERI_2013_-_avgust.jpg', 'GRAJSKI_VEČERI_2013_-_avgust.jpg', 1, ''),
(477, 'http://www.zelnik.net/slike/GRAJSKI_VEČERI_2013_-_julij.jpg', 'GRAJSKI_VEČERI_2013_-_julij.jpg', 1, ''),
(478, 'http://www.zelnik.net/slike/Prizor_iz_Županove_Micke.JPG', 'Prizor_iz_Županove_Micke.JPG', 1, ''),
(479, 'http://www.zelnik.net/slike/Bravo_DramŠipl!.JPG', 'Bravo_DramŠipl!.JPG', 1, ''),
(480, 'http://www.zelnik.net/slike/Gledalci_so_tokrat_prišli_na_svoj_račun.JPG', 'Gledalci_so_tokrat_prišli_na_svoj_račun.JPG', 1, ''),
(481, 'http://www.zelnik.net/slike/Grajski_teater_je_bil_nabito_poln.JPG', 'Grajski_teater_je_bil_nabito_poln.JPG', 1, ''),
(482, 'http://www.zelnik.net/slike/Režiserja_Lucija_Ćirović_in_Boštjan_Štorman_z_županom_občine_Ribnica_Jožetom_Levstkom.JPG', 'Režiserja_Lucija_Ćirović_in_Boštjan_Štorman_z_županom_občine_Ribnica_Jožetom_Levstkom.JPG', 1, ''),
(483, 'http://www.zelnik.net/slike/Triler_na_kmetih.JPG', 'Triler_na_kmetih.JPG', 1, ''),
(484, 'http://www.zelnik.net/slike/Vsi_igralci_so_bili_izvrstni.JPG', 'Vsi_igralci_so_bili_izvrstni.JPG', 1, ''),
(485, 'http://www.zelnik.net/slike/V_zakulisju.JPG', 'V_zakulisju.JPG', 1, ''),
(486, 'http://img.novicomat.si/2013-06-23_20.37.54.jpg', '2013-06-23_20.37.54.jpg', 1, ''),
(487, 'http://img.novicomat.si/2013-06-29_17.53.33.jpg', '2013-06-29_17.53.33.jpg', 1, ''),
(488, 'http://img.novicomat.si/2013-07-09_00.34.36.jpg', '2013-07-09_00.34.36.jpg', 1, ''),
(489, 'http://img.novicomat.si/2013-07-09_00.34.35.jpg', '2013-07-09_00.34.35.jpg', 1, ''),
(490, 'http://img.novicomat.si/2013-07-09_00.19.15.jpg', '2013-07-09_00.19.15.jpg', 1, ''),
(491, 'http://img.novicomat.si/2013-07-09_00.21.12.jpg', '2013-07-09_00.21.12.jpg', 1, ''),
(492, 'http://img.novicomat.si/gneca-na-cesti-skofljica-rudnik.jpg', 'gneca-na-cesti-skofljica-rudnik.jpg', 1, ''),
(493, 'http://img.novicomat.si/velikan4.jpg', 'velikan4.jpg', 1, ''),
(494, 'http://img.novicomat.si/namizni_tenis.jpg', 'namizni_tenis.jpg', 1, ''),
(495, 'http://img.novicomat.si/Kolesar.png', 'Kolesar.png', 1, ''),
(496, 'http://img.novicomat.si/Pohodnik.png', 'Pohodnik.png', 1, ''),
(497, 'http://img.novicomat.si/Teka%C4%8D.png', 'Teka%C4%8D.png', 1, ''),
(498, 'http://img.novicomat.si/potres-sec.jpg', 'potres-sec.jpg', 1, ''),
(499, 'http://img.novicomat.si/65013378_rajkojan_fp2.jpg', '65013378_rajkojan_fp2.jpg', 1, ''),
(500, 'http://img.novicomat.si/gobarji4.jpg', 'gobarji4.jpg', 1, ''),
(501, 'http://img.novicomat.si/gobarji3.jpg', 'gobarji3.jpg', 1, ''),
(502, 'http://img.novicomat.si/gobarji1.jpg', 'gobarji1.jpg', 1, ''),
(503, 'http://img.novicomat.si/gobarji2.jpg', 'gobarji2.jpg', 1, ''),
(504, 'http://img.novicomat.si/mazorete-ribnica-110x110.jpg', 'mazorete-ribnica-110x110.jpg', 1, ''),
(505, 'http://img.novicomat.si/mazorete-ribnica.jpg', 'mazorete-ribnica.jpg', 1, ''),
(506, 'http://img.novicomat.si/dobrepoljski_razgledi.jpg', 'dobrepoljski_razgledi.jpg', 1, ''),
(507, 'http://img.novicomat.si/887060_602108869816603_451188834_o.jpg', '887060_602108869816603_451188834_o.jpg', 1, ''),
(508, 'http://img.novicomat.si/dsc_0104_12_20100708_1060411781.jpg', 'dsc_0104_12_20100708_1060411781.jpg', 1, ''),
(509, 'http://img.novicomat.si/RazpisSOSprijavniobrazec.doc', 'RazpisSOSprijavniobrazec.doc', 1, ''),
(510, 'http://img.novicomat.si/koncni_STIPD_2013.pdf', 'koncni_STIPD_2013.pdf', 1, ''),
(511, 'http://img.novicomat.si/pasica2.jpg', 'pasica2.jpg', 1, ''),
(512, 'http://img.novicomat.si/1010575_10201506412603379_593335996_n.jpg', '1010575_10201506412603379_593335996_n.jpg', 1, ''),
(513, 'http://img.novicomat.si/420629_515121605189969_210618012_n.jpg', '420629_515121605189969_210618012_n.jpg', 1, ''),
(514, 'http://img.novicomat.si/67793_551851141517015_896453944_n.jpg', '67793_551851141517015_896453944_n.jpg', 1, ''),
(515, 'http://img.novicomat.si/946268_545134382188691_1140713703_n.jpg', '946268_545134382188691_1140713703_n.jpg', 1, ''),
(516, 'http://img.novicomat.si/996840_540411615994301_314499163_n.jpg', '996840_540411615994301_314499163_n.jpg', 1, ''),
(517, 'http://img.novicomat.si/988683_546778655357382_1374995577_n.jpg', '988683_546778655357382_1374995577_n.jpg', 1, ''),
(518, 'http://img.novicomat.si/5-poletni-vecer.jpg', '5-poletni-vecer.jpg', 1, ''),
(519, 'http://img.novicomat.si/mambokingsi.jpg', 'mambokingsi.jpg', 1, ''),
(520, 'http://img.novicomat.si/zelnik_motion.jpg', 'zelnik_motion.jpg', 1, ''),
(521, 'http://img.novicomat.si/novicomat.jpg', 'novicomat.jpg', 1, ''),
(522, 'http://img.novicomat.si/novicomat2.jpg', 'novicomat2.jpg', 1, ''),
(523, 'http://img.novicomat.si/Oznanila_16_2013.pdf', 'Oznanila_16_2013.pdf', 1, ''),
(524, 'http://img.novicomat.si/Oznanila_14_2013.pdf', 'Oznanila_14_2013.pdf', 1, ''),
(525, 'http://img.novicomat.si/Oznanila_13_2013.pdf', 'Oznanila_13_2013.pdf', 1, ''),
(526, 'http://img.novicomat.si/Oznanila_16_2013-slika.jpg', 'Oznanila_16_2013-slika.jpg', 1, ''),
(527, 'http://img.novicomat.si/Oznanila_15_2013.pdf', 'Oznanila_15_2013.pdf', 1, ''),
(528, 'http://img.novicomat.si/zelnik2.jpg', 'zelnik2.jpg', 1, ''),
(529, 'http://img.novicomat.si/uvodna.jpg', 'uvodna.jpg', 1, ''),
(530, 'http://img.novicomat.si/Kolesarji_1_jpg.jpg', 'Kolesarji_1_jpg.jpg', 1, ''),
(531, 'http://img.novicomat.si/MCj04150120000%5b1%5d1.gif', 'MCj04150120000%5b1%5d1.gif', 1, ''),
(532, 'http://img.novicomat.si/MCj04150120000[1]1.gif', 'MCj04150120000[1]1.gif', 1, ''),
(533, 'http://img.novicomat.si/masa-dobrepolje.jpg', 'masa-dobrepolje.jpg', 1, ''),
(534, 'http://img.novicomat.si/Vabilo-na-turnir-v-futsalu-DOBREPOLJE-2013-2.jpg', 'Vabilo-na-turnir-v-futsalu-DOBREPOLJE-2013-2.jpg', 1, ''),
(535, 'http://img.novicomat.si/3.-izbor-za-kraljico-suhe-robe-2013-plakat-420x296.jpg', '3.-izbor-za-kraljico-suhe-robe-2013-plakat-420x296.jpg', 1, ''),
(536, 'http://img.novicomat.si/alternativa-2013-plakat.jpg', 'alternativa-2013-plakat.jpg', 1, ''),
(537, 'http://img.novicomat.si/robarjada29.JPG', 'robarjada29.JPG', 1, ''),
(538, 'http://img.novicomat.si/6_vecer.jpg', '6_vecer.jpg', 1, ''),
(539, 'http://img.novicomat.si/GRAJSKI_VE%C4%8CERI_2013_-_avgust.jpg', 'GRAJSKI_VE%C4%8CERI_2013_-_avgust.jpg', 1, ''),
(540, 'http://img.novicomat.si/DSC_0035.JPG', 'DSC_0035.JPG', 1, ''),
(541, 'http://img.novicomat.si/DSC_0010.JPG', 'DSC_0010.JPG', 1, ''),
(542, 'http://img.novicomat.si/DSC_0053.JPG', 'DSC_0053.JPG', 1, ''),
(543, 'http://img.novicomat.si/DSC_0040.JPG', 'DSC_0040.JPG', 1, ''),
(544, 'http://img.novicomat.si/DSC_0059.JPG', 'DSC_0059.JPG', 1, ''),
(545, 'http://img.novicomat.si/DSC_0054.JPG', 'DSC_0054.JPG', 1, ''),
(546, 'http://img.novicomat.si/DSC_0131.JPG', 'DSC_0131.JPG', 1, ''),
(547, 'http://img.novicomat.si/DSC_0144.JPG', 'DSC_0144.JPG', 1, ''),
(548, 'http://img.novicomat.si/DSC_0027.JPG', 'DSC_0027.JPG', 1, ''),
(549, 'http://img.novicomat.si/DSC_0087.JPG', 'DSC_0087.JPG', 1, ''),
(550, 'http://img.novicomat.si/DSC_0097.JPG', 'DSC_0097.JPG', 1, ''),
(551, 'http://img.novicomat.si/DSC_0175.JPG', 'DSC_0175.JPG', 1, ''),
(552, 'http://img.novicomat.si/DSC_0153.JPG', 'DSC_0153.JPG', 1, ''),
(553, 'http://img.novicomat.si/DSC_0193.JPG', 'DSC_0193.JPG', 1, ''),
(554, 'http://img.novicomat.si/DSC_0242.JPG', 'DSC_0242.JPG', 1, ''),
(555, 'http://img.novicomat.si/DSC_0236.JPG', 'DSC_0236.JPG', 1, ''),
(556, 'http://img.novicomat.si/JUAN_VASLE.jpg', 'JUAN_VASLE.jpg', 1, ''),
(557, 'http://img.novicomat.si/JUAN_VASLE_-_seznam_pesmi.doc', 'JUAN_VASLE_-_seznam_pesmi.doc', 1, ''),
(558, 'http://img.novicomat.si/JUAN_VASLE_-_intervju.doc', 'JUAN_VASLE_-_intervju.doc', 1, ''),
(559, 'http://img.novicomat.si/Vsebina_argentinskih_in_brazilskih_pesmi.doc', 'Vsebina_argentinskih_in_brazilskih_pesmi.doc', 1, ''),
(560, 'http://img.novicomat.si/lovilec_sanj.jpg', 'lovilec_sanj.jpg', 1, ''),
(561, 'http://img.novicomat.si/skrati_karjola_copy.jpg', 'skrati_karjola_copy.jpg', 1, ''),
(562, 'http://img.novicomat.si/DSCN3579.JPG', 'DSCN3579.JPG', 1, ''),
(563, 'http://img.novicomat.si/578061_605957629423977_2061531761_n.jpg', '578061_605957629423977_2061531761_n.jpg', 1, ''),
(564, 'http://img.novicomat.si/Oznanila_17_2013.pdf', 'Oznanila_17_2013.pdf', 1, ''),
(565, 'http://img.novicomat.si/26072012603.jpg', '26072012603.jpg', 1, ''),
(566, 'http://img.novicomat.si/output_PopH9f.gif', 'output_PopH9f.gif', 1, ''),
(567, 'http://img.novicomat.si/7_poletni_vecer.jpg', '7_poletni_vecer.jpg', 1, ''),
(568, 'http://img.novicomat.si/GRAJSKI_VE%C4%8CERI_2013_-_julij.jpg', 'GRAJSKI_VE%C4%8CERI_2013_-_julij.jpg', 1, ''),
(569, 'http://img.novicomat.si/DSC_0086.JPG', 'DSC_0086.JPG', 1, ''),
(570, 'http://img.novicomat.si/DSC_0026.JPG', 'DSC_0026.JPG', 1, ''),
(571, 'http://img.novicomat.si/DSC_0063.JPG', 'DSC_0063.JPG', 1, ''),
(572, 'http://img.novicomat.si/DSC_0020.JPG', 'DSC_0020.JPG', 1, ''),
(573, 'http://img.novicomat.si/DSC_0061.JPG', 'DSC_0061.JPG', 1, ''),
(574, 'http://img.novicomat.si/DSC_0106.JPG', 'DSC_0106.JPG', 1, ''),
(575, 'http://img.novicomat.si/DSC_0118.JPG', 'DSC_0118.JPG', 1, ''),
(576, 'http://img.novicomat.si/DSC_0126.JPG', 'DSC_0126.JPG', 1, ''),
(577, 'http://img.novicomat.si/DSC_0125.JPG', 'DSC_0125.JPG', 1, ''),
(578, 'http://img.novicomat.si/P8110017.JPG', 'P8110017.JPG', 1, ''),
(579, 'http://img.novicomat.si/P8110004.JPG', 'P8110004.JPG', 1, ''),
(580, 'http://img.novicomat.si/DSCN3540.jpg', 'DSCN3540.jpg', 1, ''),
(581, 'http://img.novicomat.si/DSCN3581.jpg', 'DSCN3581.jpg', 1, ''),
(582, 'http://img.novicomat.si/DSCN3520.jpg', 'DSCN3520.jpg', 1, ''),
(583, 'http://img.novicomat.si/DSCN3524.jpg', 'DSCN3524.jpg', 1, ''),
(584, 'http://img.novicomat.si/DSCN3523.jpg', 'DSCN3523.jpg', 1, ''),
(585, 'http://img.novicomat.si/DSCN3525.jpg', 'DSCN3525.jpg', 1, ''),
(586, 'http://img.novicomat.si/DSCN3519.jpg', 'DSCN3519.jpg', 1, ''),
(587, 'http://img.novicomat.si/DSCN3522.jpg', 'DSCN3522.jpg', 1, ''),
(588, 'http://img.novicomat.si/DSCN3537.jpg', 'DSCN3537.jpg', 1, ''),
(589, 'http://img.novicomat.si/DSCN3534.jpg', 'DSCN3534.jpg', 1, ''),
(590, 'http://img.novicomat.si/DSCN3538.jpg', 'DSCN3538.jpg', 1, ''),
(591, 'http://img.novicomat.si/DSCN3545.jpg', 'DSCN3545.jpg', 1, ''),
(592, 'http://img.novicomat.si/DSCN3543.jpg', 'DSCN3543.jpg', 1, ''),
(593, 'http://img.novicomat.si/DSCN3547.jpg', 'DSCN3547.jpg', 1, ''),
(594, 'http://img.novicomat.si/DSCN3551.jpg', 'DSCN3551.jpg', 1, ''),
(595, 'http://img.novicomat.si/DSCN3546.jpg', 'DSCN3546.jpg', 1, ''),
(596, 'http://img.novicomat.si/DSCN3541.jpg', 'DSCN3541.jpg', 1, ''),
(597, 'http://img.novicomat.si/DSCN3557.jpg', 'DSCN3557.jpg', 1, ''),
(598, 'http://img.novicomat.si/DSCN3548.jpg', 'DSCN3548.jpg', 1, ''),
(599, 'http://img.novicomat.si/DSCN3558.jpg', 'DSCN3558.jpg', 1, ''),
(600, 'http://img.novicomat.si/DSCN3567.jpg', 'DSCN3567.jpg', 1, ''),
(601, 'http://img.novicomat.si/DSCN3562.jpg', 'DSCN3562.jpg', 1, ''),
(602, 'http://img.novicomat.si/DSCN3555.jpg', 'DSCN3555.jpg', 1, ''),
(603, 'http://img.novicomat.si/DSCN3584.jpg', 'DSCN3584.jpg', 1, ''),
(604, 'http://img.novicomat.si/DSCN3586.jpg', 'DSCN3586.jpg', 1, ''),
(605, 'http://img.novicomat.si/DSCN3595.jpg', 'DSCN3595.jpg', 1, ''),
(606, 'http://img.novicomat.si/DSCN3592.jpg', 'DSCN3592.jpg', 1, ''),
(607, 'http://img.novicomat.si/DSCN3577.jpg', 'DSCN3577.jpg', 1, ''),
(608, 'http://img.novicomat.si/DSCN3597.jpg', 'DSCN3597.jpg', 1, ''),
(609, 'http://img.novicomat.si/DSCN3599.jpg', 'DSCN3599.jpg', 1, ''),
(610, 'http://img.novicomat.si/DSCN3598.jpg', 'DSCN3598.jpg', 1, ''),
(611, 'http://img.novicomat.si/DSCN3602.jpg', 'DSCN3602.jpg', 1, ''),
(612, 'http://img.novicomat.si/DSCN3603.jpg', 'DSCN3603.jpg', 1, ''),
(613, 'http://img.novicomat.si/DSCN3527.jpg', 'DSCN3527.jpg', 1, ''),
(614, 'http://img.novicomat.si/DSCN3553.jpg', 'DSCN3553.jpg', 1, ''),
(615, 'http://img.novicomat.si/DSCN3572.jpg', 'DSCN3572.jpg', 1, ''),
(616, 'http://img.novicomat.si/DSCN3600.jpg', 'DSCN3600.jpg', 1, ''),
(617, 'http://img.novicomat.si/6.JPG', '6.JPG', 1, ''),
(618, 'http://img.novicomat.si/hilarij_22.jpg', 'hilarij_22.jpg', 1, ''),
(619, 'http://img.novicomat.si/hilarij_11.jpg', 'hilarij_11.jpg', 1, ''),
(620, 'http://img.novicomat.si/naslovnica-clanek-sejem-knjig.jpg', 'naslovnica-clanek-sejem-knjig.jpg', 1, ''),
(621, 'http://img.novicomat.si/prvi-knjige-in-malinovc-300x195.jpg', 'prvi-knjige-in-malinovc-300x195.jpg', 1, ''),
(622, 'http://img.novicomat.si/hilarij_1.jpg', 'hilarij_1.jpg', 1, ''),
(623, 'http://img.novicomat.si/hilarij_3.jpg', 'hilarij_3.jpg', 1, ''),
(624, 'http://img.novicomat.si/hilarij_2.jpg', 'hilarij_2.jpg', 1, ''),
(625, 'http://img.novicomat.si/19.JPG', '19.JPG', 1, ''),
(626, 'http://img.novicomat.si/hilarij_4.jpg', 'hilarij_4.jpg', 1, ''),
(627, 'http://img.novicomat.si/hilarij_5.jpg', 'hilarij_5.jpg', 1, ''),
(628, 'http://img.novicomat.si/hilarij_7.jpg', 'hilarij_7.jpg', 1, ''),
(629, 'http://img.novicomat.si/hilarij_8.jpg', 'hilarij_8.jpg', 1, ''),
(630, 'http://img.novicomat.si/21.JPG', '21.JPG', 1, ''),
(631, 'http://img.novicomat.si/20.JPG', '20.JPG', 1, ''),
(632, 'http://img.novicomat.si/hilarij_9.jpg', 'hilarij_9.jpg', 1, ''),
(633, 'http://img.novicomat.si/hilarij_10.jpg', 'hilarij_10.jpg', 1, ''),
(634, 'http://img.novicomat.si/hilarij_13.jpg', 'hilarij_13.jpg', 1, ''),
(635, 'http://img.novicomat.si/hilarij_15.jpg', 'hilarij_15.jpg', 1, ''),
(636, 'http://img.novicomat.si/hilarij_16.jpg', 'hilarij_16.jpg', 1, ''),
(637, 'http://img.novicomat.si/hilarij_12.jpg', 'hilarij_12.jpg', 1, ''),
(638, 'http://img.novicomat.si/hilarij_19.jpg', 'hilarij_19.jpg', 1, ''),
(639, 'http://img.novicomat.si/hilarij_20.jpg', 'hilarij_20.jpg', 1, ''),
(640, 'http://img.novicomat.si/hilarij_17.jpg', 'hilarij_17.jpg', 1, ''),
(641, 'http://img.novicomat.si/hilarij_18.jpg', 'hilarij_18.jpg', 1, ''),
(642, 'http://img.novicomat.si/hilarij_21.jpg', 'hilarij_21.jpg', 1, ''),
(643, 'http://img.novicomat.si/hilarij_14.jpg', 'hilarij_14.jpg', 1, ''),
(644, 'http://img.novicomat.si/zegnani1.jpg', 'zegnani1.jpg', 1, ''),
(645, 'http://img.novicomat.si/Razstava08_03.jpg', 'Razstava08_03.jpg', 1, ''),
(646, 'http://img.novicomat.si/Razstava08_07.jpg', 'Razstava08_07.jpg', 1, ''),
(647, 'http://img.novicomat.si/DSCN6249.jpg', 'DSCN6249.jpg', 1, ''),
(648, 'http://img.novicomat.si/Logo_RKS_krvodajalstvo_3_b.jpg', 'Logo_RKS_krvodajalstvo_3_b.jpg', 1, ''),
(649, 'http://img.novicomat.si/998072_10201899739555144_1912346214_n.jpg', '998072_10201899739555144_1912346214_n.jpg', 1, ''),
(650, 'http://img.novicomat.si/552241_4990604168130_1980673825_n.jpg', '552241_4990604168130_1980673825_n.jpg', 1, ''),
(651, 'http://img.novicomat.si/8_vecer.jpg', '8_vecer.jpg', 1, ''),
(652, 'http://img.novicomat.si/Lucija_Ćirović.jpg', 'Lucija_Ćirović.jpg', 1, ''),
(653, 'http://img.novicomat.si/DSC_0015.JPG', 'DSC_0015.JPG', 1, ''),
(654, 'http://img.novicomat.si/DSC_0042.JPG', 'DSC_0042.JPG', 1, ''),
(655, 'http://img.novicomat.si/DSC_0209.JPG', 'DSC_0209.JPG', 1, ''),
(656, 'http://img.novicomat.si/DSC_0107.JPG', 'DSC_0107.JPG', 1, ''),
(657, 'http://img.novicomat.si/DSC_0374.JPG', 'DSC_0374.JPG', 1, ''),
(658, 'http://img.novicomat.si/DSC_0389.JPG', 'DSC_0389.JPG', 1, ''),
(659, 'http://img.novicomat.si/DSC_0407a.JPG', 'DSC_0407a.JPG', 1, ''),
(660, 'http://img.novicomat.si/14.JPG', '14.JPG', 1, ''),
(661, 'http://img.novicomat.si/3.JPG', '3.JPG', 1, ''),
(662, 'http://img.novicomat.si/7.JPG', '7.JPG', 1, ''),
(663, 'http://img.novicomat.si/4.JPG', '4.JPG', 1, ''),
(664, 'http://img.novicomat.si/DSCN3635.JPG', 'DSCN3635.JPG', 1, ''),
(665, 'http://img.novicomat.si/DSCN3625.JPG', 'DSCN3625.JPG', 1, ''),
(666, 'http://img.novicomat.si/DSCN3638.JPG', 'DSCN3638.JPG', 1, ''),
(667, 'http://img.novicomat.si/DSCN3612.jpg', 'DSCN3612.jpg', 1, ''),
(668, 'http://img.novicomat.si/DSCN3627.JPG', 'DSCN3627.JPG', 1, ''),
(669, 'http://img.novicomat.si/DSCN3620.JPG', 'DSCN3620.JPG', 1, ''),
(670, 'http://img.novicomat.si/DSCN3616.jpg', 'DSCN3616.jpg', 1, ''),
(671, 'http://img.novicomat.si/DSCN3623.JPG', 'DSCN3623.JPG', 1, ''),
(672, 'http://img.novicomat.si/DSCN3618.jpg', 'DSCN3618.jpg', 1, ''),
(673, 'http://img.novicomat.si/DSCN3641.jpg', 'DSCN3641.jpg', 1, ''),
(674, 'http://img.novicomat.si/DSCN3609.jpg', 'DSCN3609.jpg', 1, ''),
(675, 'http://img.novicomat.si/DSCN3642.jpg', 'DSCN3642.jpg', 1, ''),
(676, 'http://img.novicomat.si/DSCN3629.JPG', 'DSCN3629.JPG', 1, ''),
(677, 'http://img.novicomat.si/DSCN3640.jpg', 'DSCN3640.jpg', 1, ''),
(678, 'http://img.novicomat.si/naslovnica-clanek-sejem-knjigBREZ.jpg', 'naslovnica-clanek-sejem-knjigBREZ.jpg', 1, ''),
(679, 'http://img.novicomat.si/gros_na_ulici-logo.png', 'gros_na_ulici-logo.png', 1, ''),
(680, 'http://img.novicomat.si/mambokings.jpg', 'mambokings.jpg', 1, ''),
(681, 'http://img.novicomat.si/Oznanila_18_2013.pdf', 'Oznanila_18_2013.pdf', 1, ''),
(682, 'http://img.novicomat.si/2012-08-09_08.25.40.jpg', '2012-08-09_08.25.40.jpg', 1, ''),
(683, 'http://img.novicomat.si/2012-08-09_13.05.24.jpg', '2012-08-09_13.05.24.jpg', 1, ''),
(684, 'http://img.novicomat.si/4Bu1CEOt8yyrts6f.v.jpg', '4Bu1CEOt8yyrts6f.v.jpg', 1, ''),
(685, 'http://img.novicomat.si/GrosLogoPNGveliki-1108423919.png', 'GrosLogoPNGveliki-1108423919.png', 1, ''),
(686, 'http://img.novicomat.si/na_vas_po_znanje.jpg', 'na_vas_po_znanje.jpg', 1, ''),
(687, 'http://img.novicomat.si/na_vas_po_znanje2.jpg', 'na_vas_po_znanje2.jpg', 1, ''),
(688, 'http://img.novicomat.si/izjava_Gardaland.pdf', 'izjava_Gardaland.pdf', 1, ''),
(689, 'http://img.novicomat.si/p_802_1af4d6f.jpg', 'p_802_1af4d6f.jpg', 1, ''),
(690, 'http://img.novicomat.si/kebe.jpg', 'kebe.jpg', 1, ''),
(691, 'http://img.novicomat.si/81-foto_maketa_resize-bdab99ade6a587cf.jpg', '81-foto_maketa_resize-bdab99ade6a587cf.jpg', 1, ''),
(692, 'http://img.novicomat.si/Slovenski_oktet_-_foto_Janez_Kotar.jpg', 'Slovenski_oktet_-_foto_Janez_Kotar.jpg', 1, ''),
(693, 'http://img.novicomat.si/Slovenski_oktet_1.jpg', 'Slovenski_oktet_1.jpg', 1, ''),
(694, 'http://img.novicomat.si/Linija_3G.pdf', 'Linija_3G.pdf', 1, ''),
(695, 'http://img.novicomat.si/b_220_180_16777215_0___images_stories_Novice_2013_Spremembe_na_linijah_LPP_v_obcini_Grosuplje_Linija_71_Luce.jpg', 'b_220_180_16777215_0___images_stories_Novice_2013_Spremembe_na_linijah_LPP_v_obcini_Grosuplje_Linija_71_Luce.jpg', 1, ''),
(696, 'http://img.novicomat.si/b_800_600_0_0___images_stories_Novice_2013_Spremembe_na_linijah_LPP_v_obcini_Grosuplje_Linija_71_Luce.jpg', 'b_800_600_0_0___images_stories_Novice_2013_Spremembe_na_linijah_LPP_v_obcini_Grosuplje_Linija_71_Luce.jpg', 1, ''),
(697, 'http://img.novicomat.si/b_800_600_0_0___images_stories_Novice_2013_Spremembe_na_linijah_LPP_v_obcini_Grosuplje_Linija_72_Polica.jpg', 'b_800_600_0_0___images_stories_Novice_2013_Spremembe_na_linijah_LPP_v_obcini_Grosuplje_Linija_72_Polica.jpg', 1, ''),
(698, 'http://img.novicomat.si/b_800_600_0_0___images_stories_Novice_2013_Spremembe_na_linijah_LPP_v_obcini_Grosuplje_Linija_73_Spodnja_Slivnica_St_Jurij_Skocjan.jpg', 'b_800_600_0_0___images_stories_Novice_2013_Spremembe_na_linijah_LPP_v_obcini_Grosuplje_Linija_73_Spodnja_Slivnica_St_Jurij_Skocjan.jpg', 1, ''),
(699, 'http://img.novicomat.si/b_800_600_0_0___images_stories_Novice_2013_Spremembe_na_linijah_LPP_v_obcini_Grosuplje_Linija_74_Spodnje_Blato_Gatina_Spodnje_Duplice.jpg', 'b_800_600_0_0___images_stories_Novice_2013_Spremembe_na_linijah_LPP_v_obcini_Grosuplje_Linija_74_Spodnje_Blato_Gatina_Spodnje_Duplice.jpg', 1, ''),
(700, 'http://img.novicomat.si/b_800_600_0_0___images_stories_Novice_2013_Spremembe_na_linijah_LPP_v_obcini_Grosuplje_Linija_75_Brezje.jpg', 'b_800_600_0_0___images_stories_Novice_2013_Spremembe_na_linijah_LPP_v_obcini_Grosuplje_Linija_75_Brezje.jpg', 1, ''),
(701, 'http://img.novicomat.si/b_800_600_0_0___images_stories_Novice_2013_Spremembe_na_linijah_LPP_v_obcini_Grosuplje_Linija_76_Prilesje_Ilova_Gora_Cusperk_Zalna.jpg', 'b_800_600_0_0___images_stories_Novice_2013_Spremembe_na_linijah_LPP_v_obcini_Grosuplje_Linija_76_Prilesje_Ilova_Gora_Cusperk_Zalna.jpg', 1, ''),
(702, 'http://img.novicomat.si/DSCN3677.JPG', 'DSCN3677.JPG', 1, ''),
(703, 'http://img.novicomat.si/DSCN3672.jpg', 'DSCN3672.jpg', 1, ''),
(704, 'http://img.novicomat.si/DSCN3662.jpg', 'DSCN3662.jpg', 1, ''),
(705, 'http://img.novicomat.si/DSCN3675.jpg', 'DSCN3675.jpg', 1, ''),
(706, 'http://img.novicomat.si/DSCN3663.jpg', 'DSCN3663.jpg', 1, ''),
(707, 'http://img.novicomat.si/DSCN3669.jpg', 'DSCN3669.jpg', 1, ''),
(708, 'http://img.novicomat.si/DSCN3664.jpg', 'DSCN3664.jpg', 1, ''),
(709, 'http://img.novicomat.si/DSCN3667.jpg', 'DSCN3667.jpg', 1, ''),
(710, 'http://img.novicomat.si/DSCN3665.jpg', 'DSCN3665.jpg', 1, ''),
(711, 'http://img.novicomat.si/DSCN3674.jpg', 'DSCN3674.jpg', 1, ''),
(712, 'http://img.novicomat.si/DSCN3676.jpg', 'DSCN3676.jpg', 1, ''),
(713, 'http://img.novicomat.si/DSCN3680.jpg', 'DSCN3680.jpg', 1, ''),
(714, 'http://img.novicomat.si/DSCN3678.jpg', 'DSCN3678.jpg', 1, '');
INSERT INTO `vs_multimedia` (`id`, `url`, `file_name`, `type`, `format`) VALUES
(715, 'http://img.novicomat.si/DSCN3681.jpg', 'DSCN3681.jpg', 1, ''),
(716, 'http://img.novicomat.si/epic-03-s.jpg', 'epic-03-s.jpg', 1, ''),
(717, 'http://img.novicomat.si/grost_excel.png', 'grost_excel.png', 1, ''),
(718, 'http://img.novicomat.si/gros_excel.png', 'gros_excel.png', 1, ''),
(719, 'http://img.novicomat.si/1266604_225963354225512_627678511_o.jpg', '1266604_225963354225512_627678511_o.jpg', 1, ''),
(720, 'http://img.novicomat.si/KV2012_01.JPG', 'KV2012_01.JPG', 1, ''),
(721, 'http://img.novicomat.si/U7-11.jpg', 'U7-11.jpg', 1, ''),
(722, 'http://img.novicomat.si/1239595_560029374032310_1040977353_n.jpg', '1239595_560029374032310_1040977353_n.jpg', 1, ''),
(723, 'http://img.novicomat.si/Oznanila_19_2013.pdf', 'Oznanila_19_2013.pdf', 1, ''),
(724, 'http://img.novicomat.si/nefikspriznanje650x60.gif', 'nefikspriznanje650x60.gif', 1, ''),
(725, 'http://img.novicomat.si/Nefiks-Logo.jpg', 'Nefiks-Logo.jpg', 1, ''),
(726, 'http://img.novicomat.si/sovaL_PROSOJNA.PNG', 'sovaL_PROSOJNA.PNG', 1, ''),
(727, 'http://img.novicomat.si/dobrepoljsko_vandranje_4.pdf', 'dobrepoljsko_vandranje_4.pdf', 1, ''),
(728, 'http://img.novicomat.si/561952_428980207162421_43572826_n.jpg', '561952_428980207162421_43572826_n.jpg', 1, ''),
(729, 'http://img.novicomat.si/416842_428982993828809_1721321159_n.jpg', '416842_428982993828809_1721321159_n.jpg', 1, ''),
(730, 'http://img.novicomat.si/525690_428983160495459_928981407_n.jpg', '525690_428983160495459_928981407_n.jpg', 1, ''),
(731, 'http://img.novicomat.si/527492_428983200495455_800127885_n.jpg', '527492_428983200495455_800127885_n.jpg', 1, ''),
(732, 'http://img.novicomat.si/65478_428982747162167_646934469_n.jpg', '65478_428982747162167_646934469_n.jpg', 1, ''),
(733, 'http://img.novicomat.si/2013-06-19_21.07.14.jpg', '2013-06-19_21.07.14.jpg', 1, ''),
(734, 'http://img.novicomat.si/2013-06-19_21.03.10.jpg', '2013-06-19_21.03.10.jpg', 1, ''),
(735, 'http://img.novicomat.si/2013-06-19_21.41.36.jpg', '2013-06-19_21.41.36.jpg', 1, ''),
(736, 'http://img.novicomat.si/2013-06-19_21.04.39.jpg', '2013-06-19_21.04.39.jpg', 1, ''),
(737, 'http://img.novicomat.si/srečanjestarejših4.jpg', 'srečanjestarejših4.jpg', 1, ''),
(738, 'http://img.novicomat.si/srečanjestarejših3.jpg', 'srečanjestarejših3.jpg', 1, ''),
(739, 'http://img.novicomat.si/svečke.jpg', 'svečke.jpg', 1, ''),
(740, 'http://img.novicomat.si/2013-07-28_18.16.01.jpg', '2013-07-28_18.16.01.jpg', 1, ''),
(741, 'http://img.novicomat.si/2013-07-28_17.03.14.jpg', '2013-07-28_17.03.14.jpg', 1, ''),
(742, 'http://img.novicomat.si/2013-07-28_17.18.07.jpg', '2013-07-28_17.18.07.jpg', 1, ''),
(743, 'http://img.novicomat.si/skavti_pozdrav.jpg', 'skavti_pozdrav.jpg', 1, ''),
(744, 'http://img.novicomat.si/whitehousedown-04-s.jpg', 'whitehousedown-04-s.jpg', 1, ''),
(745, 'http://img.novicomat.si/whitehousedown-04-l.jpg', 'whitehousedown-04-l.jpg', 1, ''),
(746, 'http://img.novicomat.si/HO2-04-l.jpg', 'HO2-04-l.jpg', 1, ''),
(747, 'http://img.novicomat.si/smurfs-04-l.jpg', 'smurfs-04-l.jpg', 1, ''),
(748, 'http://img.novicomat.si/avioni-05-s.jpg', 'avioni-05-s.jpg', 1, ''),
(749, 'http://img.novicomat.si/Javni_razpis_stipendij_2013_14_RRA_LUR.doc', 'Javni_razpis_stipendij_2013_14_RRA_LUR.doc', 1, ''),
(750, 'http://img.novicomat.si/Pravilnik_o_izvajanju_ERŠS_čistopis_27.6.2012.doc', 'Pravilnik_o_izvajanju_ERŠS_čistopis_27.6.2012.doc', 1, ''),
(751, 'http://img.novicomat.si/Vloga_za_stipendijo_2013_14_OBR2_RRA_LUR.doc', 'Vloga_za_stipendijo_2013_14_OBR2_RRA_LUR.doc', 1, ''),
(752, 'http://img.novicomat.si/logotip_rra-lur.jpg', 'logotip_rra-lur.jpg', 1, ''),
(753, 'http://img.novicomat.si/image?format=raw&type=orig&id=31555.jpg', 'image?format=raw&type=orig&id=31555.jpg', 1, ''),
(754, 'http://img.novicomat.si/12211_13_14_20110214_1188645477.jpg', '12211_13_14_20110214_1188645477.jpg', 1, ''),
(755, 'http://img.novicomat.si/Rra_lur.png', 'Rra_lur.png', 1, ''),
(756, 'http://img.novicomat.si/eu_sofinan.png', 'eu_sofinan.png', 1, ''),
(757, 'http://img.novicomat.si/DSC00087.JPG', 'DSC00087.JPG', 1, ''),
(758, 'http://img.novicomat.si/DSC00004.JPG', 'DSC00004.JPG', 1, ''),
(759, 'http://img.novicomat.si/krvodajalska.jpg', 'krvodajalska.jpg', 1, ''),
(760, 'http://img.novicomat.si/Oznanila_20_2013.pdf', 'Oznanila_20_2013.pdf', 1, ''),
(761, 'http://img.novicomat.si/GRAJSKA_POT.pdf', 'GRAJSKA_POT.pdf', 1, ''),
(762, 'http://img.novicomat.si/DOBREPOLJSKI_TEK.pdf', 'DOBREPOLJSKI_TEK.pdf', 1, ''),
(763, 'http://img.novicomat.si/SPREHAJALNE_POTI.pdf', 'SPREHAJALNE_POTI.pdf', 1, ''),
(764, 'http://img.novicomat.si/DOBREPOLJSKA_POT.pdf', 'DOBREPOLJSKA_POT.pdf', 1, ''),
(765, 'http://img.novicomat.si/RIMSKA_POT.pdf', 'RIMSKA_POT.pdf', 1, ''),
(766, 'http://img.novicomat.si/Razpis_prenova,_klub_GROŠ,_september_2013_KONČNI.pdf', 'Razpis_prenova,_klub_GROŠ,_september_2013_KONČNI.pdf', 1, ''),
(767, 'http://img.novicomat.si/arh-stavbno_S5_S6_-_pogled_-_prerez.pdf', 'arh-stavbno_S5_S6_-_pogled_-_prerez.pdf', 1, ''),
(768, 'http://img.novicomat.si/arh-stavbno_S5_S6_-_tloris.pdf', 'arh-stavbno_S5_S6_-_tloris.pdf', 1, ''),
(769, 'http://img.novicomat.si/arh-notranja-oprema.pdf', 'arh-notranja-oprema.pdf', 1, ''),
(770, 'http://img.novicomat.si/arh-rez-1.pdf', 'arh-rez-1.pdf', 1, ''),
(771, 'http://img.novicomat.si/arh-stavbno.pdf', 'arh-stavbno.pdf', 1, ''),
(772, 'http://img.novicomat.si/mapa-4-PZI-popis-delno-odklenjen.XLS', 'mapa-4-PZI-popis-delno-odklenjen.XLS', 1, ''),
(773, 'http://img.novicomat.si/mapa-1-4-5-popis-dokoncni-delno-odklenjeni.xls', 'mapa-1-4-5-popis-dokoncni-delno-odklenjeni.xls', 1, ''),
(774, 'http://img.novicomat.si/stroj-tloris-prit.pdf', 'stroj-tloris-prit.pdf', 1, ''),
(775, 'http://img.novicomat.si/stroj-tloris-nad.pdf', 'stroj-tloris-nad.pdf', 1, ''),
(776, 'http://img.novicomat.si/arh-tloris-prit.pdf', 'arh-tloris-prit.pdf', 1, ''),
(777, 'http://img.novicomat.si/arh-tloris-nad.pdf', 'arh-tloris-nad.pdf', 1, ''),
(778, 'http://img.novicomat.si/914096_511711682197628_656940948_o.jpg', '914096_511711682197628_656940948_o.jpg', 1, ''),
(779, 'http://img.novicomat.si/1074021_575329245835871_372350456_o.jpg', '1074021_575329245835871_372350456_o.jpg', 1, ''),
(780, 'http://img.novicomat.si/1278784_575328402502622_1576747919_o.jpg', '1278784_575328402502622_1576747919_o.jpg', 1, ''),
(781, 'http://img.novicomat.si/1074021_575329245835871_372350456_o_(1).jpg', '1074021_575329245835871_372350456_o_(1).jpg', 1, ''),
(782, 'http://img.novicomat.si/joomla_gros.png', 'joomla_gros.png', 1, ''),
(783, 'http://img.novicomat.si/krvodajalska.png', 'krvodajalska.png', 1, ''),
(784, 'http://img.novicomat.si/2013-09-27_10.07.33.jpg', '2013-09-27_10.07.33.jpg', 1, ''),
(785, 'http://img.novicomat.si/PS%20TINA-449.JPG', 'PS%20TINA-449.JPG', 1, ''),
(786, 'http://img.novicomat.si/PS_TINA-449.JPG', 'PS_TINA-449.JPG', 1, ''),
(787, 'http://img.novicomat.si/233826a67be66a810b23a263230da62e_XL.jpg', '233826a67be66a810b23a263230da62e_XL.jpg', 1, ''),
(788, 'http://img.novicomat.si/PS_TINA-82.JPG', 'PS_TINA-82.JPG', 1, ''),
(789, 'http://img.novicomat.si/2013-06-25_09.32.jpg', '2013-06-25_09.32.jpg', 1, ''),
(790, 'http://img.novicomat.si/8mBFKDe9PftEIKhQiZZzirPknURKGzBzy8VQSFW8sFE,lYWc2yUUdsvdcAcBTNWk7XZoG9AIIp9TgL3-iMzHIOg.jpg', '8mBFKDe9PftEIKhQiZZzirPknURKGzBzy8VQSFW8sFE,lYWc2yUUdsvdcAcBTNWk7XZoG9AIIp9TgL3-iMzHIOg.jpg', 1, ''),
(791, 'http://img.novicomat.si/Dom_poleti.jpg', 'Dom_poleti.jpg', 1, ''),
(792, 'http://img.novicomat.si/P9140200.JPG', 'P9140200.JPG', 1, ''),
(793, 'http://img.novicomat.si/P9140145.JPG', 'P9140145.JPG', 1, ''),
(794, 'http://img.novicomat.si/P9160366.JPG', 'P9160366.JPG', 1, ''),
(795, 'http://img.novicomat.si/P9140148.JPG', 'P9140148.JPG', 1, ''),
(796, 'http://img.novicomat.si/P9140187.JPG', 'P9140187.JPG', 1, ''),
(797, 'http://img.novicomat.si/409183_500711919964271_64427411_n.jpg', '409183_500711919964271_64427411_n.jpg', 1, ''),
(798, 'http://img.novicomat.si/207125.jpg', '207125.jpg', 1, ''),
(799, 'http://img.novicomat.si/Screenshot_from_2013-09-25_10:09:05.png', 'Screenshot_from_2013-09-25_10:09:05.png', 1, ''),
(800, 'http://img.novicomat.si/Moje_Jutro_demo3.mp3', 'Moje_Jutro_demo3.mp3', 1, ''),
(801, 'http://img.novicomat.si/Polona_demo3.mp3', 'Polona_demo3.mp3', 1, ''),
(802, 'http://img.novicomat.si/2013-06-19_21.41.14.jpg', '2013-06-19_21.41.14.jpg', 1, ''),
(803, 'http://img.novicomat.si/2013-06-19_21.42.37.jpg', '2013-06-19_21.42.37.jpg', 1, ''),
(804, 'http://img.novicomat.si/2013-06-19_21.42.14.jpg', '2013-06-19_21.42.14.jpg', 1, ''),
(805, 'http://img.novicomat.si/gros_na_ulici-logo-bw.png', 'gros_na_ulici-logo-bw.png', 1, ''),
(806, 'http://img.novicomat.si/2013-06-19_21.07.05.jpg', '2013-06-19_21.07.05.jpg', 1, ''),
(807, 'http://img.novicomat.si/DSCN3688.JPG', 'DSCN3688.JPG', 1, ''),
(808, 'http://img.novicomat.si/dekd2013a.jpg', 'dekd2013a.jpg', 1, ''),
(809, 'http://img.novicomat.si/Oznanila_21_2013.pdf', 'Oznanila_21_2013.pdf', 1, ''),
(810, 'http://img.novicomat.si/okrogla_miza_grb.jpg', 'okrogla_miza_grb.jpg', 1, ''),
(811, 'http://img.novicomat.si/sd_d.JPG', 'sd_d.JPG', 1, ''),
(812, 'http://img.novicomat.si/pslep09.JPG', 'pslep09.JPG', 1, ''),
(813, 'http://img.novicomat.si/pslep01.JPG', 'pslep01.JPG', 1, ''),
(814, 'http://img.novicomat.si/pslep03.JPG', 'pslep03.JPG', 1, ''),
(815, 'http://img.novicomat.si/pslep04.JPG', 'pslep04.JPG', 1, ''),
(816, 'http://img.novicomat.si/pslep02a.JPG', 'pslep02a.JPG', 1, ''),
(817, 'http://img.novicomat.si/pslep07.JPG', 'pslep07.JPG', 1, ''),
(818, 'http://img.novicomat.si/pslep06.JPG', 'pslep06.JPG', 1, ''),
(819, 'http://img.novicomat.si/pslep08.JPG', 'pslep08.JPG', 1, ''),
(820, 'http://img.novicomat.si/pslep10.JPG', 'pslep10.JPG', 1, ''),
(821, 'http://img.novicomat.si/pslep02.JPG', 'pslep02.JPG', 1, ''),
(822, 'http://img.novicomat.si/pslep05.JPG', 'pslep05.JPG', 1, ''),
(823, 'http://img.novicomat.si/pnada_2013.JPG', 'pnada_2013.JPG', 1, ''),
(824, 'http://img.novicomat.si/pdel-4-1-3.JPG', 'pdel-4-1-3.JPG', 1, ''),
(825, 'http://img.novicomat.si/DSCN3453n.JPG', 'DSCN3453n.JPG', 1, ''),
(826, 'http://img.novicomat.si/DSCN3445n.JPG', 'DSCN3445n.JPG', 1, ''),
(827, 'http://img.novicomat.si/DSCN3448n.JPG', 'DSCN3448n.JPG', 1, ''),
(828, 'http://img.novicomat.si/DSCN3457n.JPG', 'DSCN3457n.JPG', 1, ''),
(829, 'http://img.novicomat.si/DSCN3456n.JPG', 'DSCN3456n.JPG', 1, ''),
(830, 'http://img.novicomat.si/DSCN3459n.JPG', 'DSCN3459n.JPG', 1, ''),
(831, 'http://img.novicomat.si/DSCN3467n.JPG', 'DSCN3467n.JPG', 1, ''),
(832, 'http://img.novicomat.si/DSCN3449n.JPG', 'DSCN3449n.JPG', 1, ''),
(833, 'http://img.novicomat.si/DSCN3471n.JPG', 'DSCN3471n.JPG', 1, ''),
(834, 'http://img.novicomat.si/DSCN3473n.JPG', 'DSCN3473n.JPG', 1, ''),
(835, 'http://img.novicomat.si/DSCN3484n.JPG', 'DSCN3484n.JPG', 1, ''),
(836, 'http://img.novicomat.si/DSCN3487n.JPG', 'DSCN3487n.JPG', 1, ''),
(837, 'http://img.novicomat.si/DSCN3493n.JPG', 'DSCN3493n.JPG', 1, ''),
(838, 'http://img.novicomat.si/DSCN3480n.JPG', 'DSCN3480n.JPG', 1, ''),
(839, 'http://img.novicomat.si/DSCN3496n.JPG', 'DSCN3496n.JPG', 1, ''),
(840, 'http://img.novicomat.si/okrogla_miza_grb_v.jpg', 'okrogla_miza_grb_v.jpg', 1, ''),
(841, 'http://img.novicomat.si/GROŠ mamice_100_EURO.JPG', 'GROŠ mamice_100_EURO.JPG', 1, ''),
(842, 'http://img.novicomat.si/gneca-na-cesti-skofljica-rudnik-140x120.jpg', 'gneca-na-cesti-skofljica-rudnik-140x120.jpg', 1, ''),
(843, 'http://img.novicomat.si/AIDA-ZASTAVE-ZNAK.JPG', 'AIDA-ZASTAVE-ZNAK.JPG', 1, ''),
(844, 'http://img.novicomat.si/Oznanila_22_2013.pdf', 'Oznanila_22_2013.pdf', 1, ''),
(845, 'http://img.novicomat.si/P9210394.JPG', 'P9210394.JPG', 1, ''),
(846, 'http://img.novicomat.si/P9210406.JPG', 'P9210406.JPG', 1, ''),
(847, 'http://img.novicomat.si/P9210426.JPG', 'P9210426.JPG', 1, ''),
(848, 'http://img.novicomat.si/P9210492.JPG', 'P9210492.JPG', 1, ''),
(849, 'http://img.novicomat.si/P9210469.JPG', 'P9210469.JPG', 1, ''),
(850, 'http://img.novicomat.si/P9210483.JPG', 'P9210483.JPG', 1, ''),
(851, 'http://img.novicomat.si/P9210503.JPG', 'P9210503.JPG', 1, ''),
(852, 'http://img.novicomat.si/P9260540.JPG', 'P9260540.JPG', 1, ''),
(853, 'http://img.novicomat.si/PA050609.JPG', 'PA050609.JPG', 1, ''),
(854, 'http://img.novicomat.si/PA050599.JPG', 'PA050599.JPG', 1, ''),
(855, 'http://img.novicomat.si/P9260534.JPG', 'P9260534.JPG', 1, ''),
(856, 'http://img.novicomat.si/PA050602.JPG', 'PA050602.JPG', 1, ''),
(857, 'http://img.novicomat.si/P9260531.JPG', 'P9260531.JPG', 1, ''),
(858, 'http://img.novicomat.si/conv_IMG_6187.jpg', 'conv_IMG_6187.jpg', 1, ''),
(859, 'http://img.novicomat.si/conv_IMG_6166.jpg', 'conv_IMG_6166.jpg', 1, ''),
(860, 'http://img.novicomat.si/conv_IMG_6186.jpg', 'conv_IMG_6186.jpg', 1, ''),
(861, 'http://img.novicomat.si/conv_IMG_6183.jpg', 'conv_IMG_6183.jpg', 1, ''),
(862, 'http://img.novicomat.si/conv_IMG_6182.jpg', 'conv_IMG_6182.jpg', 1, ''),
(863, 'http://img.novicomat.si/conv_IMG_6181.jpg', 'conv_IMG_6181.jpg', 1, ''),
(864, 'http://img.novicomat.si/conv_IMG_6179.jpg', 'conv_IMG_6179.jpg', 1, ''),
(865, 'http://img.novicomat.si/conv_IMG_6178.jpg', 'conv_IMG_6178.jpg', 1, ''),
(866, 'http://img.novicomat.si/conv_IMG_6174.jpg', 'conv_IMG_6174.jpg', 1, ''),
(867, 'http://img.novicomat.si/conv_IMG_6165.jpg', 'conv_IMG_6165.jpg', 1, ''),
(868, 'http://img.novicomat.si/conv_IMG_6162.jpg', 'conv_IMG_6162.jpg', 1, ''),
(869, 'http://img.novicomat.si/conv_IMG_6176.jpg', 'conv_IMG_6176.jpg', 1, ''),
(870, 'http://img.novicomat.si/conv_IMG_6161.jpg', 'conv_IMG_6161.jpg', 1, ''),
(871, 'http://img.novicomat.si/conv_IMG_6173.jpg', 'conv_IMG_6173.jpg', 1, ''),
(872, 'http://img.novicomat.si/custvena-inteligenca.jpg', 'custvena-inteligenca.jpg', 1, ''),
(873, 'http://img.novicomat.si/DSCN3690.JPG', 'DSCN3690.JPG', 1, ''),
(874, 'http://img.novicomat.si/IMG_5437.jpg', 'IMG_5437.jpg', 1, ''),
(875, 'http://img.novicomat.si/IMG_5440_1.jpg', 'IMG_5440_1.jpg', 1, ''),
(876, 'http://img.novicomat.si/DSCN3691.JPG', 'DSCN3691.JPG', 1, ''),
(877, 'http://img.novicomat.si/DSCN3685.JPG', 'DSCN3685.JPG', 1, ''),
(878, 'http://img.novicomat.si/IMG_5438_1.jpg', 'IMG_5438_1.jpg', 1, ''),
(879, 'http://img.novicomat.si/veter_v_laseh_manca_nahtigal_7.jpg', 'veter_v_laseh_manca_nahtigal_7.jpg', 1, ''),
(880, 'http://img.novicomat.si/ester_rebolj_veter_v_laseh.jpg', 'ester_rebolj_veter_v_laseh.jpg', 1, ''),
(881, 'http://img.novicomat.si/DSC00066.jpg', 'DSC00066.jpg', 1, ''),
(882, 'http://img.novicomat.si/DSC00059.jpg', 'DSC00059.jpg', 1, ''),
(883, 'http://img.novicomat.si/literarni_natečaj_2013-zmagovalci.jpg', 'literarni_natečaj_2013-zmagovalci.jpg', 1, ''),
(884, 'http://img.novicomat.si/vetervlaseh13.jpg', 'vetervlaseh13.jpg', 1, ''),
(885, 'http://img.novicomat.si/3.dobrepoljski_tek1.jpg', '3.dobrepoljski_tek1.jpg', 1, ''),
(886, 'http://img.novicomat.si/3.dobrepoljski_tek3.jpg', '3.dobrepoljski_tek3.jpg', 1, ''),
(887, 'http://img.novicomat.si/3.dobrepoljski_tek2.jpg', '3.dobrepoljski_tek2.jpg', 1, ''),
(888, 'http://img.novicomat.si/3.dobrepoljski_tek4.jpg', '3.dobrepoljski_tek4.jpg', 1, ''),
(889, 'http://img.novicomat.si/PiaPodgornikTrio_koncertni_letak.jpg', 'PiaPodgornikTrio_koncertni_letak.jpg', 1, ''),
(890, 'http://img.novicomat.si/slika-_original-1354100380-818563.jpg', 'slika-_original-1354100380-818563.jpg', 1, ''),
(891, 'http://img.novicomat.si/635170149322168585_Jaz_baraba_2_Despicable_me_2_720p.jpg', '635170149322168585_Jaz_baraba_2_Despicable_me_2_720p.jpg', 1, ''),
(892, 'http://img.novicomat.si/image01.jpg', 'image01.jpg', 1, ''),
(893, 'http://img.novicomat.si/Graphic1.jpg', 'Graphic1.jpg', 1, ''),
(894, 'http://img.novicomat.si/trubarjeva%20domacija.jpg', 'trubarjeva%20domacija.jpg', 1, ''),
(895, 'http://img.novicomat.si/IMAG0233.jpg', 'IMAG0233.jpg', 1, ''),
(896, 'http://img.novicomat.si/breakdance.jpg', 'breakdance.jpg', 1, ''),
(897, 'http://img.novicomat.si/hip_hop.jpg', 'hip_hop.jpg', 1, ''),
(898, 'http://img.novicomat.si/vidmar.jpg', 'vidmar.jpg', 1, ''),
(899, 'http://img.novicomat.si/IMAG0105.jpg', 'IMAG0105.jpg', 1, ''),
(900, 'http://img.novicomat.si/1381676_10201304250622102_1509647152_n.jpg', '1381676_10201304250622102_1509647152_n.jpg', 1, ''),
(901, 'http://img.novicomat.si/apolon_vadbe_-_optimum.jpg', 'apolon_vadbe_-_optimum.jpg', 1, ''),
(902, 'http://img.novicomat.si/DSC_3037.jpg', 'DSC_3037.jpg', 1, ''),
(903, 'http://img.novicomat.si/BeFunky_nagrada_cgp.jpg.jpg', 'BeFunky_nagrada_cgp.jpg.jpg', 1, ''),
(904, 'http://img.novicomat.si/nefiks_pingvin_copy.jpg', 'nefiks_pingvin_copy.jpg', 1, ''),
(905, 'http://img.novicomat.si/sokarija.jpg', 'sokarija.jpg', 1, ''),
(906, 'http://img.novicomat.si/slikaProjekta.jpg', 'slikaProjekta.jpg', 1, ''),
(907, 'http://img.novicomat.si/Oznanila_23_2013.pdf', 'Oznanila_23_2013.pdf', 1, ''),
(908, 'http://img.novicomat.si/amerika.jpg', 'amerika.jpg', 1, ''),
(909, 'http://img.novicomat.si/knjiznica_dobrepolje.jpg', 'knjiznica_dobrepolje.jpg', 1, ''),
(910, 'http://img.novicomat.si/1385391_10152100545199368_1833533731_n.jpg', '1385391_10152100545199368_1833533731_n.jpg', 1, ''),
(911, 'http://img.novicomat.si/Mladi_in_podjetništvo1.JPG', 'Mladi_in_podjetništvo1.JPG', 1, ''),
(912, 'http://img.novicomat.si/Mladi_in_podjetništvo2.JPG', 'Mladi_in_podjetništvo2.JPG', 1, ''),
(913, 'http://img.novicomat.si/Svet_je_tvoj_RA_reklama_NOV13.mp3', 'Svet_je_tvoj_RA_reklama_NOV13.mp3', 1, ''),
(914, 'http://img.novicomat.si/TRIMED5.jpg', 'TRIMED5.jpg', 1, ''),
(915, 'http://img.novicomat.si/kp_kolpa1.jpg', 'kp_kolpa1.jpg', 1, ''),
(916, 'http://img.novicomat.si/kp_kolpa2.jpg', 'kp_kolpa2.jpg', 1, ''),
(917, 'http://img.novicomat.si/kraski-rob-400x300.jpg', 'kraski-rob-400x300.jpg', 1, ''),
(918, 'http://img.novicomat.si/Mladi_in_podjetni%C5%A1tvo2.JPG', 'Mladi_in_podjetni%C5%A1tvo2.JPG', 1, ''),
(919, 'http://img.novicomat.si/letak_12JeznihMoz_barvni.png', 'letak_12JeznihMoz_barvni.png', 1, ''),
(920, 'http://img.novicomat.si/slika_volitve.jpg', 'slika_volitve.jpg', 1, ''),
(921, 'http://img.novicomat.si/60893_628228343882484_1442984895_n.jpg', '60893_628228343882484_1442984895_n.jpg', 1, ''),
(922, 'http://img.novicomat.si/prenovljen_groš_klub.jpg', 'prenovljen_groš_klub.jpg', 1, ''),
(923, 'http://img.novicomat.si/Oznanila_24_2013.pdf', 'Oznanila_24_2013.pdf', 1, ''),
(924, 'http://img.novicomat.si/zagagros.png', 'zagagros.png', 1, ''),
(925, 'http://img.novicomat.si/mackara_zagorica_5.jpg', 'mackara_zagorica_5.jpg', 1, ''),
(926, 'http://img.novicomat.si/makare_4_20110415_2046331643.jpg', 'makare_4_20110415_2046331643.jpg', 1, ''),
(927, 'http://img.novicomat.si/22022009014.jpg', '22022009014.jpg', 1, ''),
(928, 'http://img.novicomat.si/22022009015.jpg', '22022009015.jpg', 1, ''),
(929, 'http://img.novicomat.si/DSC_4523.JPG', 'DSC_4523.JPG', 1, ''),
(930, 'http://img.novicomat.si/DSC_4539.JPG', 'DSC_4539.JPG', 1, ''),
(931, 'http://img.novicomat.si/DSC_4555.JPG', 'DSC_4555.JPG', 1, ''),
(932, 'http://img.novicomat.si/DSC_4557.JPG', 'DSC_4557.JPG', 1, ''),
(933, 'http://img.novicomat.si/DSC_4533.JPG', 'DSC_4533.JPG', 1, ''),
(934, 'http://img.novicomat.si/DSC_4513.JPG', 'DSC_4513.JPG', 1, ''),
(935, 'http://img.novicomat.si/DSC_4528.JPG', 'DSC_4528.JPG', 1, ''),
(936, 'http://img.novicomat.si/letak_12JeznihMoz_barvni_(1)-2.png', 'letak_12JeznihMoz_barvni_(1)-2.png', 1, ''),
(937, 'http://img.novicomat.si/letak_12JeznihMoz_barvni_(1)-2.jpg', 'letak_12JeznihMoz_barvni_(1)-2.jpg', 1, ''),
(938, 'http://img.novicomat.si/novica-112.jpg', 'novica-112.jpg', 1, ''),
(939, 'http://img.novicomat.si/Naš_kraj_11_2013_2.jpg', 'Naš_kraj_11_2013_2.jpg', 1, ''),
(940, 'http://img.novicomat.si/Naš_kraj_11_2013_1.jpg', 'Naš_kraj_11_2013_1.jpg', 1, ''),
(941, 'http://img.novicomat.si/logo_jskd.png', 'logo_jskd.png', 1, ''),
(942, 'http://img.novicomat.si/Clay1-620x486.jpg', 'Clay1-620x486.jpg', 1, ''),
(943, 'http://img.novicomat.si/1461323_682482268462766_656753630_n.jpg', '1461323_682482268462766_656753630_n.jpg', 1, ''),
(944, 'http://img.novicomat.si/1469806_10202646040297426_991252269_n.jpg', '1469806_10202646040297426_991252269_n.jpg', 1, ''),
(945, 'http://img.novicomat.si/IMG_6376.JPG', 'IMG_6376.JPG', 1, ''),
(946, 'http://img.novicomat.si/602264_589799721078550_1140266335_n.jpg', '602264_589799721078550_1140266335_n.jpg', 1, ''),
(947, 'http://img.novicomat.si/46890_589792091079313_2038029196_n.jpg', '46890_589792091079313_2038029196_n.jpg', 1, ''),
(948, 'http://img.novicomat.si/527030_589800054411850_1992696371_n.jpg', '527030_589800054411850_1992696371_n.jpg', 1, ''),
(949, 'http://img.novicomat.si/534030_589798714411984_515371026_n.jpg', '534030_589798714411984_515371026_n.jpg', 1, ''),
(950, 'http://img.novicomat.si/544128_589799684411887_968640758_n.jpg', '544128_589799684411887_968640758_n.jpg', 1, ''),
(951, 'http://img.novicomat.si/544532_589799877745201_836521586_n.jpg', '544532_589799877745201_836521586_n.jpg', 1, ''),
(952, 'http://img.novicomat.si/544103_589799974411858_1556162494_n.jpg', '544103_589799974411858_1556162494_n.jpg', 1, ''),
(953, 'http://img.novicomat.si/66933_589791467746042_489277268_n.jpg', '66933_589791467746042_489277268_n.jpg', 1, ''),
(954, 'http://img.novicomat.si/555796_589792027745986_1221596592_n.jpg', '555796_589792027745986_1221596592_n.jpg', 1, ''),
(955, 'http://img.novicomat.si/554084_589791881079334_1746099880_n.jpg', '554084_589791881079334_1746099880_n.jpg', 1, ''),
(956, 'http://img.novicomat.si/564599_589799421078580_1828109703_n.jpg', '564599_589799421078580_1828109703_n.jpg', 1, ''),
(957, 'http://img.novicomat.si/553113_589799051078617_2123617888_n.jpg', '553113_589799051078617_2123617888_n.jpg', 1, ''),
(958, 'http://img.novicomat.si/580758_589791724412683_1548677612_n.jpg', '580758_589791724412683_1548677612_n.jpg', 1, ''),
(959, 'http://img.novicomat.si/560797_589799027745286_2457406_n.jpg', '560797_589799027745286_2457406_n.jpg', 1, ''),
(960, 'http://img.novicomat.si/581792_589792004412655_228055389_n.jpg', '581792_589792004412655_228055389_n.jpg', 1, ''),
(961, 'http://img.novicomat.si/578057_589791477746041_2073405879_n.jpg', '578057_589791477746041_2073405879_n.jpg', 1, ''),
(962, 'http://img.novicomat.si/580762_589792067745982_708138150_n.jpg', '580762_589792067745982_708138150_n.jpg', 1, ''),
(963, 'http://img.novicomat.si/603049_589799381078584_748679547_n.jpg', '603049_589799381078584_748679547_n.jpg', 1, ''),
(964, 'http://img.novicomat.si/935135_589800021078520_1665606651_n.jpg', '935135_589800021078520_1665606651_n.jpg', 1, ''),
(965, 'http://img.novicomat.si/943690_589791977745991_1374459532_n.jpg', '943690_589791977745991_1374459532_n.jpg', 1, ''),
(966, 'http://img.novicomat.si/935977_589791584412697_522156961_n.jpg', '935977_589791584412697_522156961_n.jpg', 1, ''),
(967, 'http://img.novicomat.si/996961_589791581079364_215141260_n.jpg', '996961_589791581079364_215141260_n.jpg', 1, ''),
(968, 'http://img.novicomat.si/1376987_589799841078538_915268533_n.jpg', '1376987_589799841078538_915268533_n.jpg', 1, ''),
(969, 'http://img.novicomat.si/1377117_589791731079349_2062358553_n.jpg', '1377117_589791731079349_2062358553_n.jpg', 1, ''),
(970, 'http://img.novicomat.si/1378239_589799924411863_1470378243_n.jpg', '1378239_589799924411863_1470378243_n.jpg', 1, ''),
(971, 'http://img.novicomat.si/1377477_589791484412707_982627022_n.jpg', '1377477_589791484412707_982627022_n.jpg', 1, ''),
(972, 'http://img.novicomat.si/1377466_589798717745317_571638041_n.jpg', '1377466_589798717745317_571638041_n.jpg', 1, ''),
(973, 'http://img.novicomat.si/1378828_589800001078522_257622614_n.jpg', '1378828_589800001078522_257622614_n.jpg', 1, ''),
(974, 'http://img.novicomat.si/1378794_589798941078628_1367713479_n.jpg', '1378794_589798941078628_1367713479_n.jpg', 1, ''),
(975, 'http://img.novicomat.si/1382105_589798691078653_1777825766_n.jpg', '1382105_589798691078653_1777825766_n.jpg', 1, ''),
(976, 'http://img.novicomat.si/1380104_589799597745229_1498839936_n.jpg', '1380104_589799597745229_1498839936_n.jpg', 1, ''),
(977, 'http://img.novicomat.si/1379830_589799451078577_562495721_n.jpg', '1379830_589799451078577_562495721_n.jpg', 1, ''),
(978, 'http://img.novicomat.si/1378556_589798901078632_1412495377_n.jpg', '1378556_589798901078632_1412495377_n.jpg', 1, ''),
(979, 'http://img.novicomat.si/1381881_589799881078534_1018545776_n.jpg', '1381881_589799881078534_1018545776_n.jpg', 1, ''),
(980, 'http://img.novicomat.si/1385079_589791737746015_31271159_n.jpg', '1385079_589791737746015_31271159_n.jpg', 1, ''),
(981, 'http://img.novicomat.si/1385069_589791817746007_1394304987_n.jpg', '1385069_589791817746007_1394304987_n.jpg', 1, ''),
(982, 'http://img.novicomat.si/1391461_589791827746006_1628351274_n.jpg', '1391461_589791827746006_1628351274_n.jpg', 1, ''),
(983, 'http://img.novicomat.si/1390749_589799761078546_1603832225_n.jpg', '1390749_589799761078546_1603832225_n.jpg', 1, ''),
(984, 'http://img.novicomat.si/1383415_589791834412672_846186129_n.jpg', '1383415_589791834412672_846186129_n.jpg', 1, ''),
(985, 'http://img.novicomat.si/1391478_589799201078602_1681805392_n.jpg', '1391478_589799201078602_1681805392_n.jpg', 1, ''),
(986, 'http://img.novicomat.si/1383742_589799011078621_2091952038_n.jpg', '1383742_589799011078621_2091952038_n.jpg', 1, ''),
(987, 'http://img.novicomat.si/1391712_589798867745302_1594234814_n.jpg', '1391712_589798867745302_1594234814_n.jpg', 1, ''),
(988, 'http://img.novicomat.si/1393749_589791577746031_986907878_n.jpg', '1393749_589791577746031_986907878_n.jpg', 1, ''),
(989, 'http://img.novicomat.si/poprtnik.jpg', 'poprtnik.jpg', 1, ''),
(990, 'http://img.novicomat.si/554919_583825511646811_465771433_n.jpg', '554919_583825511646811_465771433_n.jpg', 1, ''),
(991, 'http://img.novicomat.si/999617_598158790219583_84251325_n.jpg', '999617_598158790219583_84251325_n.jpg', 1, ''),
(992, 'http://img.novicomat.si/poprt11-3.JPG', 'poprt11-3.JPG', 1, ''),
(993, 'http://img.novicomat.si/turbo-05-l.jpg', 'turbo-05-l.jpg', 1, ''),
(994, 'http://img.novicomat.si/GMPS2-00-l.jpg', 'GMPS2-00-l.jpg', 1, ''),
(995, 'http://img.novicomat.si/thorthedarkworld-01-s.jpg', 'thorthedarkworld-01-s.jpg', 1, ''),
(996, 'http://img.novicomat.si/niko2-04-l.jpg', 'niko2-04-l.jpg', 1, ''),
(997, 'http://img.novicomat.si/thorthedarkworld-01-l.jpg', 'thorthedarkworld-01-l.jpg', 1, ''),
(998, 'http://img.novicomat.si/cefurjiraus-06-l.jpg', 'cefurjiraus-06-l.jpg', 1, ''),
(999, 'http://img.novicomat.si/badgrandpa-04-l.jpg', 'badgrandpa-04-l.jpg', 1, ''),
(1000, 'http://img.novicomat.si/zastava.jpg', 'zastava.jpg', 1, ''),
(1001, 'http://img.novicomat.si/ob_tebi.jpg', 'ob_tebi.jpg', 1, ''),
(1002, 'http://img.novicomat.si/maxresdefault.jpg', 'maxresdefault.jpg', 1, ''),
(1003, 'http://img.novicomat.si/godba_logo.jpg', 'godba_logo.jpg', 1, ''),
(1004, 'http://img.novicomat.si/1476284_602940916408037_1106585171_n.jpg', '1476284_602940916408037_1106585171_n.jpg', 1, ''),
(1005, 'http://img.novicomat.si/videm_bozicni.jpg', 'videm_bozicni.jpg', 1, ''),
(1006, 'http://img.novicomat.si/vabilo_proslava_2013.jpg', 'vabilo_proslava_2013.jpg', 1, ''),
(1007, 'http://img.novicomat.si/437px-Verdi.jpg', '437px-Verdi.jpg', 1, ''),
(1008, 'http://img.novicomat.si/migrena.jpg', 'migrena.jpg', 1, ''),
(1009, 'http://img.novicomat.si/anglčk.jpg', 'anglčk.jpg', 1, ''),
(1010, 'http://img.novicomat.si/anglčk.gif', 'anglčk.gif', 1, ''),
(1011, 'http://img.novicomat.si/šd_kompolje.png', 'šd_kompolje.png', 1, ''),
(1012, 'http://img.novicomat.si/1474595_10202431061844558_2083834034_n.jpg', '1474595_10202431061844558_2083834034_n.jpg', 1, ''),
(1013, 'http://img.novicomat.si/1470355_603465886355540_179492393_n.jpg', '1470355_603465886355540_179492393_n.jpg', 1, ''),
(1014, 'http://img.novicomat.si/Oznanila_25_2013.pdf', 'Oznanila_25_2013.pdf', 1, ''),
(1015, 'http://img.novicomat.si/ATna%20gradu_02.JPG', 'ATna%20gradu_02.JPG', 1, ''),
(1016, 'http://img.novicomat.si/ATna_gradu_02.JPG', 'ATna_gradu_02.JPG', 1, ''),
(1017, 'http://img.novicomat.si/ribnica-okrog-1900-340x213.jpg', 'ribnica-okrog-1900-340x213.jpg', 1, ''),
(1018, 'http://img.novicomat.si/IMG_3452.JPG', 'IMG_3452.JPG', 1, ''),
(1019, 'http://img.novicomat.si/Basketball_4.jpg', 'Basketball_4.jpg', 1, ''),
(1020, 'http://img.novicomat.si/2.jpg', '2.jpg', 1, ''),
(1021, 'http://img.novicomat.si/dobrepolje_flyer.jpg', 'dobrepolje_flyer.jpg', 1, ''),
(1022, 'http://img.novicomat.si/prenovljen_gro%C5%A1_klub.jpg', 'prenovljen_gro%C5%A1_klub.jpg', 1, ''),
(1023, 'http://img.novicomat.si/DSC00105.JPG', 'DSC00105.JPG', 1, ''),
(1024, 'http://img.novicomat.si/rd-135x135.jpg', 'rd-135x135.jpg', 1, ''),
(1025, 'http://img.novicomat.si/ziga.jpg', 'ziga.jpg', 1, ''),
(1026, 'http://img.novicomat.si/ÖBB_-_Verbindungen_und_Angebote.pdf', 'ÖBB_-_Verbindungen_und_Angebote.pdf', 1, ''),
(1027, 'http://img.novicomat.si/Villach_-_Slovenske_železnice_d.o.o.pdf', 'Villach_-_Slovenske_železnice_d.o.o.pdf', 1, ''),
(1028, 'http://img.novicomat.si/vabilo_na_odb_turnir2013.pdf', 'vabilo_na_odb_turnir2013.pdf', 1, ''),
(1029, 'http://img.novicomat.si/Oznanila_26_2013.pdf', 'Oznanila_26_2013.pdf', 1, ''),
(1030, 'http://img.novicomat.si/festival-mlade-literature-urska-2012-340x226.jpg', 'festival-mlade-literature-urska-2012-340x226.jpg', 1, ''),
(1031, 'http://img.novicomat.si/photo_3.JPG', 'photo_3.JPG', 1, ''),
(1111, 'http://img.novicomat.si/Brucovanje_2013_40.jpg', 'Brucovanje_2013_40.jpg', 1, ''),
(1190, 'http://img.novicomat.si/Brucovanje_2013_05.jpg', 'Brucovanje_2013_05.jpg', 1, ''),
(1191, 'http://img.novicomat.si/Brucovanje_2013_03.jpg', 'Brucovanje_2013_03.jpg', 1, ''),
(1192, 'http://img.novicomat.si/Brucovanje_2013_00.jpg', 'Brucovanje_2013_00.jpg', 1, ''),
(1193, 'http://img.novicomat.si/Brucovanje_2013_04.jpg', 'Brucovanje_2013_04.jpg', 1, ''),
(1194, 'http://img.novicomat.si/Brucovanje_2013_02.jpg', 'Brucovanje_2013_02.jpg', 1, ''),
(1195, 'http://img.novicomat.si/Brucovanje_2013_07.jpg', 'Brucovanje_2013_07.jpg', 1, ''),
(1196, 'http://img.novicomat.si/Brucovanje_2013_01.jpg', 'Brucovanje_2013_01.jpg', 1, ''),
(1197, 'http://img.novicomat.si/Brucovanje_2013_06.jpg', 'Brucovanje_2013_06.jpg', 1, ''),
(1198, 'http://img.novicomat.si/Brucovanje_2013_11.jpg', 'Brucovanje_2013_11.jpg', 1, ''),
(1199, 'http://img.novicomat.si/Brucovanje_2013_09.jpg', 'Brucovanje_2013_09.jpg', 1, ''),
(1200, 'http://img.novicomat.si/Brucovanje_2013_08.jpg', 'Brucovanje_2013_08.jpg', 1, ''),
(1201, 'http://img.novicomat.si/Brucovanje_2013_12.jpg', 'Brucovanje_2013_12.jpg', 1, ''),
(1202, 'http://img.novicomat.si/Brucovanje_2013_10.jpg', 'Brucovanje_2013_10.jpg', 1, ''),
(1203, 'http://img.novicomat.si/Brucovanje_2013_14.jpg', 'Brucovanje_2013_14.jpg', 1, ''),
(1204, 'http://img.novicomat.si/Brucovanje_2013_15.jpg', 'Brucovanje_2013_15.jpg', 1, ''),
(1205, 'http://img.novicomat.si/Brucovanje_2013_13.jpg', 'Brucovanje_2013_13.jpg', 1, ''),
(1206, 'http://img.novicomat.si/Brucovanje_2013_16.jpg', 'Brucovanje_2013_16.jpg', 1, ''),
(1207, 'http://img.novicomat.si/Brucovanje_2013_18.jpg', 'Brucovanje_2013_18.jpg', 1, ''),
(1208, 'http://img.novicomat.si/Brucovanje_2013_20.jpg', 'Brucovanje_2013_20.jpg', 1, ''),
(1209, 'http://img.novicomat.si/Brucovanje_2013_17.jpg', 'Brucovanje_2013_17.jpg', 1, ''),
(1210, 'http://img.novicomat.si/Brucovanje_2013_19.jpg', 'Brucovanje_2013_19.jpg', 1, ''),
(1211, 'http://img.novicomat.si/Brucovanje_2013_23.jpg', 'Brucovanje_2013_23.jpg', 1, ''),
(1212, 'http://img.novicomat.si/Brucovanje_2013_21.jpg', 'Brucovanje_2013_21.jpg', 1, ''),
(1213, 'http://img.novicomat.si/Brucovanje_2013_22.jpg', 'Brucovanje_2013_22.jpg', 1, ''),
(1214, 'http://img.novicomat.si/Brucovanje_2013_25.jpg', 'Brucovanje_2013_25.jpg', 1, ''),
(1215, 'http://img.novicomat.si/Brucovanje_2013_26.jpg', 'Brucovanje_2013_26.jpg', 1, ''),
(1216, 'http://img.novicomat.si/Brucovanje_2013_28.jpg', 'Brucovanje_2013_28.jpg', 1, ''),
(1217, 'http://img.novicomat.si/Brucovanje_2013_27.jpg', 'Brucovanje_2013_27.jpg', 1, ''),
(1218, 'http://img.novicomat.si/Brucovanje_2013_29.jpg', 'Brucovanje_2013_29.jpg', 1, ''),
(1219, 'http://img.novicomat.si/Brucovanje_2013_31.jpg', 'Brucovanje_2013_31.jpg', 1, ''),
(1220, 'http://img.novicomat.si/Brucovanje_2013_30.jpg', 'Brucovanje_2013_30.jpg', 1, ''),
(1221, 'http://img.novicomat.si/Brucovanje_2013_33.jpg', 'Brucovanje_2013_33.jpg', 1, ''),
(1222, 'http://img.novicomat.si/Brucovanje_2013_36.jpg', 'Brucovanje_2013_36.jpg', 1, ''),
(1223, 'http://img.novicomat.si/Brucovanje_2013_32.jpg', 'Brucovanje_2013_32.jpg', 1, ''),
(1224, 'http://img.novicomat.si/Brucovanje_2013_34.jpg', 'Brucovanje_2013_34.jpg', 1, ''),
(1225, 'http://img.novicomat.si/Brucovanje_2013_35.jpg', 'Brucovanje_2013_35.jpg', 1, ''),
(1226, 'http://img.novicomat.si/Brucovanje_2013_39.jpg', 'Brucovanje_2013_39.jpg', 1, ''),
(1227, 'http://img.novicomat.si/Brucovanje_2013_37.jpg', 'Brucovanje_2013_37.jpg', 1, ''),
(1228, 'http://img.novicomat.si/Brucovanje_2013_41.jpg', 'Brucovanje_2013_41.jpg', 1, ''),
(1229, 'http://img.novicomat.si/Brucovanje_2013_38.jpg', 'Brucovanje_2013_38.jpg', 1, ''),
(1230, 'http://img.novicomat.si/Brucovanje_2013_43.jpg', 'Brucovanje_2013_43.jpg', 1, ''),
(1231, 'http://img.novicomat.si/Brucovanje_2013_42.jpg', 'Brucovanje_2013_42.jpg', 1, ''),
(1232, 'http://img.novicomat.si/Brucovanje_2013_44.jpg', 'Brucovanje_2013_44.jpg', 1, ''),
(1233, 'http://img.novicomat.si/Brucovanje_2013_46.jpg', 'Brucovanje_2013_46.jpg', 1, ''),
(1234, 'http://img.novicomat.si/Brucovanje_2013_45.jpg', 'Brucovanje_2013_45.jpg', 1, ''),
(1235, 'http://img.novicomat.si/Brucovanje_2013_47.jpg', 'Brucovanje_2013_47.jpg', 1, ''),
(1236, 'http://img.novicomat.si/Brucovanje_2013_48.jpg', 'Brucovanje_2013_48.jpg', 1, ''),
(1237, 'http://img.novicomat.si/Brucovanje_2013_49.jpg', 'Brucovanje_2013_49.jpg', 1, ''),
(1238, 'http://img.novicomat.si/Brucovanje_2013_51.jpg', 'Brucovanje_2013_51.jpg', 1, ''),
(1239, 'http://img.novicomat.si/Brucovanje_2013_50.jpg', 'Brucovanje_2013_50.jpg', 1, ''),
(1240, 'http://img.novicomat.si/Brucovanje_2013_52.jpg', 'Brucovanje_2013_52.jpg', 1, ''),
(1241, 'http://img.novicomat.si/Brucovanje_2013_54.jpg', 'Brucovanje_2013_54.jpg', 1, ''),
(1242, 'http://img.novicomat.si/Brucovanje_2013_56.jpg', 'Brucovanje_2013_56.jpg', 1, ''),
(1243, 'http://img.novicomat.si/Brucovanje_2013_55.jpg', 'Brucovanje_2013_55.jpg', 1, ''),
(1244, 'http://img.novicomat.si/Brucovanje_2013_53.jpg', 'Brucovanje_2013_53.jpg', 1, ''),
(1245, 'http://img.novicomat.si/Brucovanje_2013_58.jpg', 'Brucovanje_2013_58.jpg', 1, ''),
(1246, 'http://img.novicomat.si/Brucovanje_2013_57.jpg', 'Brucovanje_2013_57.jpg', 1, ''),
(1247, 'http://img.novicomat.si/Brucovanje_2013_61.jpg', 'Brucovanje_2013_61.jpg', 1, ''),
(1248, 'http://img.novicomat.si/Brucovanje_2013_60.jpg', 'Brucovanje_2013_60.jpg', 1, ''),
(1249, 'http://img.novicomat.si/Brucovanje_2013_59.jpg', 'Brucovanje_2013_59.jpg', 1, ''),
(1250, 'http://img.novicomat.si/Brucovanje_2013_62.jpg', 'Brucovanje_2013_62.jpg', 1, ''),
(1251, 'http://img.novicomat.si/Brucovanje_2013_63.jpg', 'Brucovanje_2013_63.jpg', 1, ''),
(1252, 'http://img.novicomat.si/Brucovanje_2013_65.jpg', 'Brucovanje_2013_65.jpg', 1, ''),
(1253, 'http://img.novicomat.si/Brucovanje_2013_68.jpg', 'Brucovanje_2013_68.jpg', 1, ''),
(1254, 'http://img.novicomat.si/Brucovanje_2013_66.jpg', 'Brucovanje_2013_66.jpg', 1, ''),
(1255, 'http://img.novicomat.si/Brucovanje_2013_67.jpg', 'Brucovanje_2013_67.jpg', 1, ''),
(1256, 'http://img.novicomat.si/Brucovanje_2013_64.jpg', 'Brucovanje_2013_64.jpg', 1, ''),
(1257, 'http://img.novicomat.si/Brucovanje_2013_70.jpg', 'Brucovanje_2013_70.jpg', 1, ''),
(1258, 'http://img.novicomat.si/Brucovanje_2013_69.jpg', 'Brucovanje_2013_69.jpg', 1, ''),
(1259, 'http://img.novicomat.si/Brucovanje_2013_72.jpg', 'Brucovanje_2013_72.jpg', 1, ''),
(1260, 'http://img.novicomat.si/Brucovanje_2013_71.jpg', 'Brucovanje_2013_71.jpg', 1, ''),
(1261, 'http://img.novicomat.si/Brucovanje_2013_74.jpg', 'Brucovanje_2013_74.jpg', 1, ''),
(1262, 'http://img.novicomat.si/Brucovanje_2013_73.jpg', 'Brucovanje_2013_73.jpg', 1, ''),
(1263, 'http://img.novicomat.si/Brucovanje_2013_75.jpg', 'Brucovanje_2013_75.jpg', 1, ''),
(1264, 'http://img.novicomat.si/Brucovanje_2013_76.jpg', 'Brucovanje_2013_76.jpg', 1, ''),
(1265, 'http://img.novicomat.si/Brucovanje_2013_24.jpg', 'Brucovanje_2013_24.jpg', 1, ''),
(1266, 'http://img.novicomat.si/Brucovanje_2013_77.jpg', 'Brucovanje_2013_77.jpg', 1, ''),
(1267, 'http://img.novicomat.si/Brucovanje_2013_78.jpg', 'Brucovanje_2013_78.jpg', 1, ''),
(1268, 'http://img.novicomat.si/740073_609935095708619_606153253_o.jpg', '740073_609935095708619_606153253_o.jpg', 1, ''),
(1269, 'http://img.novicomat.si/736240_609935189041943_100643606_o.jpg', '736240_609935189041943_100643606_o.jpg', 1, ''),
(1270, 'http://img.novicomat.si/882648_609934189042043_1827140028_o.jpg', '882648_609934189042043_1827140028_o.jpg', 1, ''),
(1271, 'http://img.novicomat.si/861087_609935395708589_1826579261_o.jpg', '861087_609935395708589_1826579261_o.jpg', 1, ''),
(1272, 'http://img.novicomat.si/884416_609934092375386_1075709743_o.jpg', '884416_609934092375386_1075709743_o.jpg', 1, ''),
(1273, 'http://img.novicomat.si/778758_609936132375182_1567175459_o.jpg', '778758_609936132375182_1567175459_o.jpg', 1, ''),
(1274, 'http://img.novicomat.si/884472_609935902375205_119728064_o.jpg', '884472_609935902375205_119728064_o.jpg', 1, ''),
(1275, 'http://img.novicomat.si/884461_609934669041995_180508356_o.jpg', '884461_609934669041995_180508356_o.jpg', 1, ''),
(1276, 'http://img.novicomat.si/886574_609934919041970_1239863095_o.jpg', '886574_609934919041970_1239863095_o.jpg', 1, ''),
(1277, 'http://img.novicomat.si/906199_609935309041931_52576714_o.jpg', '906199_609935309041931_52576714_o.jpg', 1, ''),
(1278, 'http://img.novicomat.si/891676_609935559041906_73804096_o.jpg', '891676_609935559041906_73804096_o.jpg', 1, ''),
(1279, 'http://img.novicomat.si/922550_609934625708666_142539625_o.jpg', '922550_609934625708666_142539625_o.jpg', 1, ''),
(1280, 'http://img.novicomat.si/919218_609934719041990_1978984803_o.jpg', '919218_609934719041990_1978984803_o.jpg', 1, ''),
(1281, 'http://img.novicomat.si/906535_609935812375214_2079122226_o.jpg', '906535_609935812375214_2079122226_o.jpg', 1, ''),
(1282, 'http://img.novicomat.si/964333_609935339041928_753405609_o.jpg', '964333_609935339041928_753405609_o.jpg', 1, ''),
(1283, 'http://img.novicomat.si/1417477_609935739041888_1370174043_o.jpg', '1417477_609935739041888_1370174043_o.jpg', 1, ''),
(1284, 'http://img.novicomat.si/1403137_609934352375360_210996938_o.jpg', '1403137_609934352375360_210996938_o.jpg', 1, ''),
(1285, 'http://img.novicomat.si/1082392_609936262375169_540764860_o.jpg', '1082392_609936262375169_540764860_o.jpg', 1, ''),
(1286, 'http://img.novicomat.si/1421023_609935062375289_272479041_o.jpg', '1421023_609935062375289_272479041_o.jpg', 1, ''),
(1287, 'http://img.novicomat.si/1417655_609935549041907_905192788_o.jpg', '1417655_609935549041907_905192788_o.jpg', 1, ''),
(1288, 'http://img.novicomat.si/1425286_609933779042084_1287415301_o.jpg', '1425286_609933779042084_1287415301_o.jpg', 1, ''),
(1289, 'http://img.novicomat.si/1421168_609934379042024_1380416559_o.jpg', '1421168_609934379042024_1380416559_o.jpg', 1, ''),
(1290, 'http://img.novicomat.si/1425469_609936169041845_216739400_o.jpg', '1425469_609936169041845_216739400_o.jpg', 1, ''),
(1291, 'http://img.novicomat.si/1421293_609936055708523_749102762_o.jpg', '1421293_609936055708523_749102762_o.jpg', 1, ''),
(1292, 'http://img.novicomat.si/1462601_609935272375268_1446695672_o.jpg', '1462601_609935272375268_1446695672_o.jpg', 1, ''),
(1293, 'http://img.novicomat.si/1487800_609934449042017_1523605452_o.jpg', '1487800_609934449042017_1523605452_o.jpg', 1, ''),
(1294, 'http://img.novicomat.si/1465761_609934055708723_660290008_o.jpg', '1465761_609934055708723_660290008_o.jpg', 1, ''),
(1295, 'http://img.novicomat.si/1462764_609934852375310_1548954701_o.jpg', '1462764_609934852375310_1548954701_o.jpg', 1, ''),
(1296, 'http://img.novicomat.si/1462610_609936302375165_1662656620_o.jpg', '1462610_609936302375165_1662656620_o.jpg', 1, ''),
(1297, 'http://img.novicomat.si/1490693_609935522375243_1560483694_o.jpg', '1490693_609935522375243_1560483694_o.jpg', 1, ''),
(1298, 'http://img.novicomat.si/1490901_609935845708544_1261795327_o.jpg', '1490901_609935845708544_1261795327_o.jpg', 1, ''),
(1299, 'http://img.novicomat.si/1492339_609934745708654_471522454_o.jpg', '1492339_609934745708654_471522454_o.jpg', 1, ''),
(1300, 'http://img.novicomat.si/1491388_609935609041901_2065704265_o.jpg', '1491388_609935609041901_2065704265_o.jpg', 1, ''),
(1301, 'http://img.novicomat.si/1491498_609935225708606_2079821966_o.jpg', '1491498_609935225708606_2079821966_o.jpg', 1, ''),
(1302, 'http://img.novicomat.si/1491296_609934702375325_1014029372_o.jpg', '1491296_609934702375325_1014029372_o.jpg', 1, ''),
(1303, 'http://img.novicomat.si/1491533_609936092375186_501383227_o.jpg', '1491533_609936092375186_501383227_o.jpg', 1, ''),
(1304, 'http://img.novicomat.si/1492705_609936612375134_1265667975_o.jpg', '1492705_609936612375134_1265667975_o.jpg', 1, ''),
(1305, 'http://img.novicomat.si/1492739_609934992375296_1462123277_o.jpg', '1492739_609934992375296_1462123277_o.jpg', 1, ''),
(1306, 'http://img.novicomat.si/1492501_609934155708713_895606973_o.jpg', '1492501_609934155708713_895606973_o.jpg', 1, ''),
(1307, 'http://img.novicomat.si/1492678_609936489041813_1359736581_o.jpg', '1492678_609936489041813_1359736581_o.jpg', 1, ''),
(1308, 'http://img.novicomat.si/1495953_609936549041807_612982780_o.jpg', '1495953_609936549041807_612982780_o.jpg', 1, ''),
(1309, 'http://img.novicomat.si/1492378_609936379041824_354058296_o.jpg', '1492378_609936379041824_354058296_o.jpg', 1, ''),
(1310, 'http://img.novicomat.si/1496056_609935572375238_87567715_o.jpg', '1496056_609935572375238_87567715_o.jpg', 1, ''),
(1311, 'http://img.novicomat.si/1496325_609934032375392_511821977_o.jpg', '1496325_609934032375392_511821977_o.jpg', 1, ''),
(1312, 'http://img.novicomat.si/1498117_609933819042080_647251171_o.jpg', '1498117_609933819042080_647251171_o.jpg', 1, ''),
(1313, 'http://img.novicomat.si/1492562_609935702375225_1490064257_o.jpg', '1492562_609935702375225_1490064257_o.jpg', 1, ''),
(1314, 'http://img.novicomat.si/1502630_609934275708701_1754880591_o.jpg', '1502630_609934275708701_1754880591_o.jpg', 1, ''),
(1315, 'http://img.novicomat.si/1496247_609936409041821_533698012_o.jpg', '1496247_609936409041821_533698012_o.jpg', 1, ''),
(1316, 'http://img.novicomat.si/1502591_609936399041822_503643707_o.jpg', '1502591_609936399041822_503643707_o.jpg', 1, ''),
(1317, 'http://img.novicomat.si/1501518_609934879041974_1973236408_o.jpg', '1501518_609934879041974_1973236408_o.jpg', 1, ''),
(1318, 'http://img.novicomat.si/1502828_609934529042009_490824122_o.jpg', '1502828_609934529042009_490824122_o.jpg', 1, ''),
(1319, 'http://img.novicomat.si/1502734_609933972375398_2022463118_o.jpg', '1502734_609933972375398_2022463118_o.jpg', 1, ''),
(1320, 'http://img.novicomat.si/1506118_609934182375377_1093386849_o.jpg', '1506118_609934182375377_1093386849_o.jpg', 1, ''),
(1321, 'http://img.novicomat.si/1506321_609935435708585_2064944077_o.jpg', '1506321_609935435708585_2064944077_o.jpg', 1, ''),
(1322, 'http://img.novicomat.si/1502852_609933905708738_1607533405_o.jpg', '1502852_609933905708738_1607533405_o.jpg', 1, ''),
(1323, 'http://img.novicomat.si/1502757_609933809042081_2042289042_o.jpg', '1502757_609933809042081_2042289042_o.jpg', 1, ''),
(1324, 'http://img.novicomat.si/1506144_609935875708541_74996867_o.jpg', '1506144_609935875708541_74996867_o.jpg', 1, ''),
(1325, 'http://img.novicomat.si/1507356_609936129041849_483659341_o.jpg', '1507356_609936129041849_483659341_o.jpg', 1, ''),
(1326, 'http://img.novicomat.si/1507471_609936282375167_1650252871_o.jpg', '1507471_609936282375167_1650252871_o.jpg', 1, ''),
(1327, 'http://img.novicomat.si/1512261_609935462375249_1841156590_o.jpg', '1512261_609935462375249_1841156590_o.jpg', 1, ''),
(1328, 'http://img.novicomat.si/1512228_609935029041959_261319200_o.jpg', '1512228_609935029041959_261319200_o.jpg', 1, ''),
(1329, 'http://img.novicomat.si/1506344_609934015708727_1872597390_o.jpg', '1506344_609934015708727_1872597390_o.jpg', 1, ''),
(1330, 'http://img.novicomat.si/1517801_609935722375223_497323423_o.jpg', '1517801_609935722375223_497323423_o.jpg', 1, ''),
(1331, 'http://img.novicomat.si/1523512_609936552375140_1557891703_o.jpg', '1523512_609936552375140_1557891703_o.jpg', 1, ''),
(1332, 'http://img.novicomat.si/1523729_609934775708651_740284828_o.jpg', '1523729_609934775708651_740284828_o.jpg', 1, ''),
(1333, 'http://img.novicomat.si/1522920_609933949042067_435811074_o.jpg', '1522920_609933949042067_435811074_o.jpg', 1, ''),
(1334, 'http://img.novicomat.si/1412674_609935972375198_1584270161_o.jpg', '1412674_609935972375198_1584270161_o.jpg', 1, ''),
(1335, 'http://img.novicomat.si/1496070_605865639448898_543985330_o.jpg', '1496070_605865639448898_543985330_o.jpg', 1, ''),
(1336, 'http://img.novicomat.si/LMB_2013_PLAKAT-page-001_1.jpg', 'LMB_2013_PLAKAT-page-001_1.jpg', 1, ''),
(1337, 'http://img.novicomat.si/TA-VESELI-DAN_pasica_120x60.gif', 'TA-VESELI-DAN_pasica_120x60.gif', 1, ''),
(1338, 'http://img.novicomat.si/Oznanila_27_2013.pdf', 'Oznanila_27_2013.pdf', 1, ''),
(1339, 'http://img.novicomat.si/1465129_689979284369914_1545143446_n.png', '1465129_689979284369914_1545143446_n.png', 1, ''),
(1340, 'http://img.novicomat.si/1465359_608952869140175_1312227496_n.jpg', '1465359_608952869140175_1312227496_n.jpg', 1, ''),
(1341, 'http://img.novicomat.si/voščilnica.jpg', 'voščilnica.jpg', 1, ''),
(1342, 'http://img.novicomat.si/silvestrovanje-na-prostem-v-ribnici-2013-plakat.png', 'silvestrovanje-na-prostem-v-ribnici-2013-plakat.png', 1, ''),
(1343, 'http://img.novicomat.si/740076_614583415243787_1196286211_o.jpg', '740076_614583415243787_1196286211_o.jpg', 1, ''),
(1344, 'http://img.novicomat.si/882973_614584728576989_1755108198_o.jpg', '882973_614584728576989_1755108198_o.jpg', 1, ''),
(1345, 'http://img.novicomat.si/621751_614584845243644_252869021_o.jpg', '621751_614584845243644_252869021_o.jpg', 1, ''),
(1346, 'http://img.novicomat.si/792288_614583805243748_50091728_o.jpg', '792288_614583805243748_50091728_o.jpg', 1, ''),
(1347, 'http://img.novicomat.si/621740_614585278576934_1738767334_o.jpg', '621740_614585278576934_1738767334_o.jpg', 1, ''),
(1348, 'http://img.novicomat.si/885354_614582285243900_1563546134_o.jpg', '885354_614582285243900_1563546134_o.jpg', 1, ''),
(1349, 'http://img.novicomat.si/921625_614583645243764_809539234_o.jpg', '921625_614583645243764_809539234_o.jpg', 1, ''),
(1350, 'http://img.novicomat.si/885362_614584155243713_1118719294_o.jpg', '885362_614584155243713_1118719294_o.jpg', 1, ''),
(1351, 'http://img.novicomat.si/886776_614584695243659_1511843961_o.jpg', '886776_614584695243659_1511843961_o.jpg', 1, ''),
(1352, 'http://img.novicomat.si/981035_614585555243573_1617431902_o.jpg', '981035_614585555243573_1617431902_o.jpg', 1, ''),
(1353, 'http://img.novicomat.si/1097115_614584101910385_601938681_o.jpg', '1097115_614584101910385_601938681_o.jpg', 1, ''),
(1354, 'http://img.novicomat.si/981034_614583485243780_1821286703_o.jpg', '981034_614583485243780_1821286703_o.jpg', 1, ''),
(1355, 'http://img.novicomat.si/1397751_614582385243890_818145148_o.jpg', '1397751_614582385243890_818145148_o.jpg', 1, ''),
(1356, 'http://img.novicomat.si/1396767_614584518577010_311869120_o.jpg', '1396767_614584518577010_311869120_o.jpg', 1, ''),
(1357, 'http://img.novicomat.si/1399777_614583451910450_1114278610_o.jpg', '1399777_614583451910450_1114278610_o.jpg', 1, ''),
(1358, 'http://img.novicomat.si/1397779_614583601910435_1962368952_o.jpg', '1397779_614583601910435_1962368952_o.jpg', 1, ''),
(1359, 'http://img.novicomat.si/1462731_614584645243664_756128490_o.jpg', '1462731_614584645243664_756128490_o.jpg', 1, ''),
(1360, 'http://img.novicomat.si/1417663_614583538577108_1104652386_o.jpg', '1417663_614583538577108_1104652386_o.jpg', 1, ''),
(1361, 'http://img.novicomat.si/1462750_614581858577276_1700902602_o.jpg', '1462750_614581858577276_1700902602_o.jpg', 1, ''),
(1362, 'http://img.novicomat.si/1421318_614585075243621_1053926876_o.jpg', '1421318_614585075243621_1053926876_o.jpg', 1, ''),
(1363, 'http://img.novicomat.si/1462810_614584998576962_2043654552_o.jpg', '1462810_614584998576962_2043654552_o.jpg', 1, ''),
(1364, 'http://img.novicomat.si/1487887_614583921910403_2060596940_o.jpg', '1487887_614583921910403_2060596940_o.jpg', 1, ''),
(1365, 'http://img.novicomat.si/1486106_614585655243563_1923969653_o.jpg', '1486106_614585655243563_1923969653_o.jpg', 1, ''),
(1366, 'http://img.novicomat.si/1465937_614583308577131_1170124717_o.jpg', '1465937_614583308577131_1170124717_o.jpg', 1, ''),
(1367, 'http://img.novicomat.si/1486056_614582881910507_151692000_o.jpg', '1486056_614582881910507_151692000_o.jpg', 1, ''),
(1368, 'http://img.novicomat.si/1487838_614585395243589_1474088335_o.jpg', '1487838_614585395243589_1474088335_o.jpg', 1, ''),
(1369, 'http://img.novicomat.si/1488002_614583825243746_1504195831_o.jpg', '1488002_614583825243746_1504195831_o.jpg', 1, ''),
(1370, 'http://img.novicomat.si/1487903_614583945243734_1908233113_o.jpg', '1487903_614583945243734_1908233113_o.jpg', 1, ''),
(1371, 'http://img.novicomat.si/1490899_614582708577191_347344928_o.jpg', '1490899_614582708577191_347344928_o.jpg', 1, ''),
(1372, 'http://img.novicomat.si/1492227_614582751910520_603821659_o.jpg', '1492227_614582751910520_603821659_o.jpg', 1, ''),
(1373, 'http://img.novicomat.si/1491475_614584045243724_1727679380_o.jpg', '1491475_614584045243724_1727679380_o.jpg', 1, ''),
(1374, 'http://img.novicomat.si/1492370_614582015243927_287467094_o.jpg', '1492370_614582015243927_287467094_o.jpg', 1, ''),
(1375, 'http://img.novicomat.si/1491393_614582111910584_964744374_o.jpg', '1491393_614582111910584_964744374_o.jpg', 1, ''),
(1376, 'http://img.novicomat.si/1492443_614585641910231_1523012419_o.jpg', '1492443_614585641910231_1523012419_o.jpg', 1, ''),
(1377, 'http://img.novicomat.si/1493294_614584575243671_715826364_o.jpg', '1493294_614584575243671_715826364_o.jpg', 1, ''),
(1378, 'http://img.novicomat.si/1492648_614583911910404_2141401374_o.jpg', '1492648_614583911910404_2141401374_o.jpg', 1, ''),
(1379, 'http://img.novicomat.si/1493406_614582935243835_1937759860_o.jpg', '1493406_614582935243835_1937759860_o.jpg', 1, ''),
(1380, 'http://img.novicomat.si/1493603_614583341910461_126730694_o.jpg', '1493603_614583341910461_126730694_o.jpg', 1, ''),
(1381, 'http://img.novicomat.si/1493598_614585231910272_1710588776_o.jpg', '1493598_614585231910272_1710588776_o.jpg', 1, ''),
(1382, 'http://img.novicomat.si/1493437_614581991910596_1668865151_o.jpg', '1493437_614581991910596_1668865151_o.jpg', 1, ''),
(1383, 'http://img.novicomat.si/1495399_614585245243604_1973845523_o.jpg', '1495399_614585245243604_1973845523_o.jpg', 1, '');
INSERT INTO `vs_multimedia` (`id`, `url`, `file_name`, `type`, `format`) VALUES
(1384, 'http://img.novicomat.si/1496135_614582158577246_924523147_o.jpg', '1496135_614582158577246_924523147_o.jpg', 1, ''),
(1385, 'http://img.novicomat.si/1496165_614581825243946_1447255562_o.jpg', '1496165_614581825243946_1447255562_o.jpg', 1, ''),
(1386, 'http://img.novicomat.si/1496249_614584851910310_752570319_o.jpg', '1496249_614584851910310_752570319_o.jpg', 1, ''),
(1387, 'http://img.novicomat.si/1495422_614584371910358_1732369643_o.jpg', '1495422_614584371910358_1732369643_o.jpg', 1, ''),
(1388, 'http://img.novicomat.si/1496327_614584261910369_1170616617_o.jpg', '1496327_614584261910369_1170616617_o.jpg', 1, ''),
(1389, 'http://img.novicomat.si/1497920_614582615243867_1392303862_o.jpg', '1497920_614582615243867_1392303862_o.jpg', 1, ''),
(1390, 'http://img.novicomat.si/1496368_614582575243871_600322803_o.jpg', '1496368_614582575243871_600322803_o.jpg', 1, ''),
(1391, 'http://img.novicomat.si/1497929_614585111910284_1749381020_o.jpg', '1497929_614585111910284_1749381020_o.jpg', 1, ''),
(1392, 'http://img.novicomat.si/1498040_614584548577007_1824969733_o.jpg', '1498040_614584548577007_1824969733_o.jpg', 1, ''),
(1393, 'http://img.novicomat.si/1498097_614582155243913_1749886634_o.jpg', '1498097_614582155243913_1749886634_o.jpg', 1, ''),
(1394, 'http://img.novicomat.si/1498981_614581711910624_1011963652_o.jpg', '1498981_614581711910624_1011963652_o.jpg', 1, ''),
(1395, 'http://img.novicomat.si/1501529_614584445243684_195336149_o.jpg', '1501529_614584445243684_195336149_o.jpg', 1, ''),
(1396, 'http://img.novicomat.si/1500832_614584885243640_1696634354_o.jpg', '1500832_614584885243640_1696634354_o.jpg', 1, ''),
(1397, 'http://img.novicomat.si/1501625_614584405243688_508722687_o.jpg', '1501625_614584405243688_508722687_o.jpg', 1, ''),
(1398, 'http://img.novicomat.si/1501490_614585585243570_1683067472_o.jpg', '1501490_614585585243570_1683067472_o.jpg', 1, ''),
(1399, 'http://img.novicomat.si/1501311_614584331910362_713226434_o.jpg', '1501311_614584331910362_713226434_o.jpg', 1, ''),
(1400, 'http://img.novicomat.si/1501632_614584638576998_1166584075_o.jpg', '1501632_614584638576998_1166584075_o.jpg', 1, ''),
(1401, 'http://img.novicomat.si/1501658_614582591910536_868644374_o.jpg', '1501658_614582591910536_868644374_o.jpg', 1, ''),
(1402, 'http://img.novicomat.si/1502191_614585125243616_1251057933_o.jpg', '1502191_614585125243616_1251057933_o.jpg', 1, ''),
(1403, 'http://img.novicomat.si/1502205_614583248577137_185208241_o.jpg', '1502205_614583248577137_185208241_o.jpg', 1, ''),
(1404, 'http://img.novicomat.si/1502252_614582405243888_698939578_o.jpg', '1502252_614582405243888_698939578_o.jpg', 1, ''),
(1405, 'http://img.novicomat.si/1502436_614582978577164_1278704468_o.jpg', '1502436_614582978577164_1278704468_o.jpg', 1, ''),
(1406, 'http://img.novicomat.si/1502265_614585518576910_405788834_o.jpg', '1502265_614585518576910_405788834_o.jpg', 1, ''),
(1407, 'http://img.novicomat.si/1502588_614583141910481_19936628_o.jpg', '1502588_614583141910481_19936628_o.jpg', 1, ''),
(1408, 'http://img.novicomat.si/1504190_614585435243585_310461029_o.jpg', '1504190_614585435243585_310461029_o.jpg', 1, ''),
(1409, 'http://img.novicomat.si/1502844_614584975243631_1488941652_o.jpg', '1502844_614584975243631_1488941652_o.jpg', 1, ''),
(1410, 'http://img.novicomat.si/1506259_614582025243926_1594529236_o.jpg', '1506259_614582025243926_1594529236_o.jpg', 1, ''),
(1411, 'http://img.novicomat.si/1506085_614583178577144_1944718794_o.jpg', '1506085_614583178577144_1944718794_o.jpg', 1, ''),
(1412, 'http://img.novicomat.si/1506246_614582918577170_2145226188_o.jpg', '1506246_614582918577170_2145226188_o.jpg', 1, ''),
(1413, 'http://img.novicomat.si/1506314_614582395243889_1008608206_o.jpg', '1506314_614582395243889_1008608206_o.jpg', 1, ''),
(1414, 'http://img.novicomat.si/1507506_614582258577236_1574978594_o.jpg', '1507506_614582258577236_1574978594_o.jpg', 1, ''),
(1415, 'http://img.novicomat.si/1506322_614584095243719_707185913_o.jpg', '1506322_614584095243719_707185913_o.jpg', 1, ''),
(1416, 'http://img.novicomat.si/1512141_614583365243792_19003158_o.jpg', '1512141_614583365243792_19003158_o.jpg', 1, ''),
(1417, 'http://img.novicomat.si/1507259_614585208576941_1657336680_o.jpg', '1507259_614585208576941_1657336680_o.jpg', 1, ''),
(1418, 'http://img.novicomat.si/1512028_614584768576985_1102075062_o.jpg', '1512028_614584768576985_1102075062_o.jpg', 1, ''),
(1419, 'http://img.novicomat.si/1511505_614583065243822_1200567639_o.jpg', '1511505_614583065243822_1200567639_o.jpg', 1, ''),
(1420, 'http://img.novicomat.si/1518988_614582598577202_1074057578_o.jpg', '1518988_614582598577202_1074057578_o.jpg', 1, ''),
(1421, 'http://img.novicomat.si/1519188_614583221910473_119566475_o.jpg', '1519188_614583221910473_119566475_o.jpg', 1, ''),
(1422, 'http://img.novicomat.si/1519725_614584481910347_1031734634_o.jpg', '1519725_614584481910347_1031734634_o.jpg', 1, ''),
(1423, 'http://img.novicomat.si/1529845_614585415243587_566354556_o.jpg', '1529845_614585415243587_566354556_o.jpg', 1, ''),
(1424, 'http://img.novicomat.si/1534866_614581718577290_756439275_o.jpg', '1534866_614581718577290_756439275_o.jpg', 1, ''),
(1425, 'http://img.novicomat.si/1519185_614582848577177_1439512675_o.jpg', '1519185_614582848577177_1439512675_o.jpg', 1, ''),
(1426, 'http://img.novicomat.si/1518365_614583525243776_216934168_o.jpg', '1518365_614583525243776_216934168_o.jpg', 1, ''),
(1427, 'http://img.novicomat.si/1523044_614584225243706_960240493_o.jpg', '1523044_614584225243706_960240493_o.jpg', 1, ''),
(1428, 'http://img.novicomat.si/1522757_614582181910577_1505156767_o.jpg', '1522757_614582181910577_1505156767_o.jpg', 1, ''),
(1429, 'http://img.novicomat.si/1534936_614583785243750_348329725_o.jpg', '1534936_614583785243750_348329725_o.jpg', 1, ''),
(1430, 'http://img.novicomat.si/1537915_614582461910549_1034527838_o.jpg', '1537915_614582461910549_1034527838_o.jpg', 1, ''),
(1431, 'http://img.novicomat.si/1537829_614582255243903_1701945882_o.jpg', '1537829_614582255243903_1701945882_o.jpg', 1, ''),
(1432, 'http://img.novicomat.si/1537968_614581845243944_271263023_o.jpg', '1537968_614581845243944_271263023_o.jpg', 1, ''),
(1433, 'http://img.novicomat.si/1540278_614583758577086_1245439246_o.jpg', '1540278_614583758577086_1245439246_o.jpg', 1, ''),
(1434, 'http://img.novicomat.si/1547915_614584391910356_949842120_o.jpg', '1547915_614584391910356_949842120_o.jpg', 1, ''),
(1435, 'http://img.novicomat.si/882967_614584985243630_48607995_o.jpg', '882967_614584985243630_48607995_o.jpg', 1, ''),
(1436, 'http://img.novicomat.si/1540510_614584295243699_600536678_o.jpg', '1540510_614584295243699_600536678_o.jpg', 1, ''),
(1437, 'http://img.novicomat.si/1548018_614583681910427_1814824846_o.jpg', '1548018_614583681910427_1814824846_o.jpg', 1, ''),
(1438, 'http://img.novicomat.si/1548078_614581728577289_1555571401_o.jpg', '1548078_614581728577289_1555571401_o.jpg', 1, ''),
(1439, 'http://img.novicomat.si/1495204_614582798577182_62990488_o.jpg', '1495204_614582798577182_62990488_o.jpg', 1, ''),
(1440, 'http://img.novicomat.si/1548127_614583695243759_1437076446_o.jpg', '1548127_614583695243759_1437076446_o.jpg', 1, ''),
(1441, 'http://img.novicomat.si/kuh_pop28.JPG', 'kuh_pop28.JPG', 1, ''),
(1442, 'http://img.novicomat.si/silvestrovanje-v-ribnici-2013-340x255.jpg', 'silvestrovanje-v-ribnici-2013-340x255.jpg', 1, ''),
(1443, 'http://img.novicomat.si/slo-bozic.jpg', 'slo-bozic.jpg', 1, ''),
(1444, 'http://img.novicomat.si/Oznanila.png', 'Oznanila.png', 1, ''),
(1445, 'http://img.novicomat.si/Oznanila_01_2014.pdf', 'Oznanila_01_2014.pdf', 1, ''),
(1446, 'http://img.novicomat.si/prijavni_obrazec_prijava_medobcinski_inspekciji.doc', 'prijavni_obrazec_prijava_medobcinski_inspekciji.doc', 1, ''),
(1447, 'http://img.novicomat.si/obvestilo_redarstva.jpg', 'obvestilo_redarstva.jpg', 1, ''),
(1448, 'http://img.novicomat.si/Oznanila_2014.jpg', 'Oznanila_2014.jpg', 1, ''),
(1449, 'http://img.novicomat.si/pop2014-02.JPG', 'pop2014-02.JPG', 1, ''),
(1450, 'http://img.novicomat.si/pop2014-01.JPG', 'pop2014-01.JPG', 1, ''),
(1451, 'http://img.novicomat.si/pop2014-03.JPG', 'pop2014-03.JPG', 1, ''),
(1452, 'http://img.novicomat.si/pop2014-04.JPG', 'pop2014-04.JPG', 1, ''),
(1453, 'http://img.novicomat.si/pop2014-07.JPG', 'pop2014-07.JPG', 1, ''),
(1454, 'http://img.novicomat.si/pop2014-06.JPG', 'pop2014-06.JPG', 1, ''),
(1455, 'http://img.novicomat.si/pop2014-08.JPG', 'pop2014-08.JPG', 1, ''),
(1456, 'http://img.novicomat.si/pop2014-09.JPG', 'pop2014-09.JPG', 1, ''),
(1457, 'http://img.novicomat.si/pop2014-05.JPG', 'pop2014-05.JPG', 1, ''),
(1458, 'http://img.novicomat.si/pop2014-10.JPG', 'pop2014-10.JPG', 1, ''),
(1459, 'http://img.novicomat.si/pop2014-11.JPG', 'pop2014-11.JPG', 1, ''),
(1460, 'http://img.novicomat.si/pop2014-13.JPG', 'pop2014-13.JPG', 1, ''),
(1461, 'http://img.novicomat.si/pop2014-14.JPG', 'pop2014-14.JPG', 1, ''),
(1462, 'http://img.novicomat.si/pop2014-16.JPG', 'pop2014-16.JPG', 1, ''),
(1463, 'http://img.novicomat.si/pop2014-12.JPG', 'pop2014-12.JPG', 1, ''),
(1464, 'http://img.novicomat.si/pop2014-15.JPG', 'pop2014-15.JPG', 1, ''),
(1465, 'http://img.novicomat.si/masa2014.jpg', 'masa2014.jpg', 1, ''),
(1466, 'http://img.novicomat.si/vilicar_tecaj.jpg', 'vilicar_tecaj.jpg', 1, ''),
(1467, 'http://img.novicomat.si/1533900_619600534742075_1831292812_n.jpg', '1533900_619600534742075_1831292812_n.jpg', 1, ''),
(1468, 'http://img.novicomat.si/statut_sk_gros.pdf', 'statut_sk_gros.pdf', 1, ''),
(1469, 'http://img.novicomat.si/kettle2.jpg', 'kettle2.jpg', 1, ''),
(1470, 'http://img.novicomat.si/kettle1.jpg', 'kettle1.jpg', 1, ''),
(1471, 'http://img.novicomat.si/kettle.jpg', 'kettle.jpg', 1, ''),
(1472, 'http://img.novicomat.si/veselica.png', 'veselica.png', 1, ''),
(1473, 'http://img.novicomat.si/hocevje.jpg', 'hocevje.jpg', 1, ''),
(1474, 'http://img.novicomat.si/Ne_boste_me_izsiljevali!.JPG', 'Ne_boste_me_izsiljevali!.JPG', 1, ''),
(1475, 'http://img.novicomat.si/Ne_boste_me_izsiljevali.JPG', 'Ne_boste_me_izsiljevali.JPG', 1, ''),
(1476, 'http://img.novicomat.si/Čakajte_no,_sai_to_ni_nič_hudega..JPG', 'Čakajte_no,_sai_to_ni_nič_hudega..JPG', 1, ''),
(1477, 'http://img.novicomat.si/Slišati_ni_mogel_drugega_kot_strašen_ropot..JPG', 'Slišati_ni_mogel_drugega_kot_strašen_ropot..JPG', 1, ''),
(1478, 'http://img.novicomat.si/Zahtevam,_da_poveste!.JPG', 'Zahtevam,_da_poveste!.JPG', 1, ''),
(1479, 'http://img.novicomat.si/Bo_kdo_kaj_rekel.JPG', 'Bo_kdo_kaj_rekel.JPG', 1, ''),
(1480, 'http://img.novicomat.si/posta_videm.jpg', 'posta_videm.jpg', 1, ''),
(1481, 'http://img.novicomat.si/zgodba1.jpg', 'zgodba1.jpg', 1, ''),
(1482, 'http://img.novicomat.si/zgodba-podarimalico.jpg', 'zgodba-podarimalico.jpg', 1, ''),
(1483, 'http://img.novicomat.si/186282991-1000x500.jpg', '186282991-1000x500.jpg', 1, ''),
(1484, 'http://img.novicomat.si/dead-v21-660x439.jpg', 'dead-v21-660x439.jpg', 1, ''),
(1485, 'http://img.novicomat.si/struge.jpg', 'struge.jpg', 1, ''),
(1486, 'http://img.novicomat.si/_dsc0305.jpg', '_dsc0305.jpg', 1, ''),
(1487, 'http://img.novicomat.si/_dsc0298.jpg', '_dsc0298.jpg', 1, ''),
(1488, 'http://img.novicomat.si/13-eyes-out.jpg', '13-eyes-out.jpg', 1, ''),
(1489, 'http://img.novicomat.si/286382d1309783113-man-murdered-barbados-eye.jpg', '286382d1309783113-man-murdered-barbados-eye.jpg', 1, ''),
(1490, 'http://img.novicomat.si/prihodnost_se_je_zacela.jpg', 'prihodnost_se_je_zacela.jpg', 1, ''),
(1491, 'http://img.novicomat.si/computer-schlaf.jpg', 'computer-schlaf.jpg', 1, ''),
(1492, 'http://img.novicomat.si/student-schueler-lernen-nacht-schlaf-nachtschicht-muede.jpg', 'student-schueler-lernen-nacht-schlaf-nachtschicht-muede.jpg', 1, ''),
(1493, 'http://img.novicomat.si/10.jpg', '10.jpg', 1, ''),
(1494, 'http://img.novicomat.si/8.jpg', '8.jpg', 1, ''),
(1495, 'http://img.novicomat.si/9.jpg', '9.jpg', 1, ''),
(1496, 'http://img.novicomat.si/5.jpg', '5.jpg', 1, ''),
(1497, 'http://img.novicomat.si/12.jpg', '12.jpg', 1, ''),
(1498, 'http://img.novicomat.si/13.jpg', '13.jpg', 1, ''),
(1499, 'http://img.novicomat.si/15.jpg', '15.jpg', 1, ''),
(1500, 'http://img.novicomat.si/11.jpg', '11.jpg', 1, ''),
(1501, 'http://img.novicomat.si/17.jpg', '17.jpg', 1, ''),
(1502, 'http://img.novicomat.si/16.jpg', '16.jpg', 1, ''),
(1503, 'http://img.novicomat.si/18.jpg', '18.jpg', 1, ''),
(1504, 'http://img.novicomat.si/22.jpg', '22.jpg', 1, ''),
(1505, 'http://img.novicomat.si/obcinapromo.pdf', 'obcinapromo.pdf', 1, ''),
(1506, 'http://img.novicomat.si/jason_mraz_-_i''m_yours.mp3', 'jason_mraz_-_i''m_yours.mp3', 1, ''),
(1507, 'http://img.novicomat.si/zelen_val_2_0.mp3', 'zelen_val_2_0.mp3', 1, ''),
(1508, 'http://img.novicomat.si/oznanila_02_2014.pdf', 'oznanila_02_2014.pdf', 1, ''),
(1509, 'http://img.novicomat.si/1557711_624427724259356_1055781046_n.png', '1557711_624427724259356_1055781046_n.png', 1, ''),
(1510, 'http://img.novicomat.si/gledaliska_igra_stajerc_v_ljubljani_-_letak_a5_2014-1.jpg', 'gledaliska_igra_stajerc_v_ljubljani_-_letak_a5_2014-1.jpg', 1, '');

-- --------------------------------------------------------

--
-- Struktura tabele `vs_tags`
--

CREATE TABLE IF NOT EXISTS `vs_tags` (
  `id` int(11) NOT NULL AUTO_INCREMENT,
  `name` varchar(256) NOT NULL,
  `alias` varchar(256) NOT NULL,
  `created` timestamp NOT NULL DEFAULT CURRENT_TIMESTAMP,
  PRIMARY KEY (`id`)
) ENGINE=InnoDB  DEFAULT CHARSET=utf8 AUTO_INCREMENT=367 ;

--
-- Odloži podatke za tabelo `vs_tags`
--

INSERT INTO `vs_tags` (`id`, `name`, `alias`, `created`) VALUES
(1, '', '', '0000-00-00 00:00:00'),
(3, 'odbojka na mivki', 'odbojka_na_mivki', '0000-00-00 00:00:00'),
(4, 'košarka', 'kosarka', '0000-00-00 00:00:00'),
(5, 'turnir trojk', 'turnir_trojk', '0000-00-00 00:00:00'),
(6, 'Grosuplje', 'grosuplje', '0000-00-00 00:00:00'),
(7, 'osnovna šola', 'osnovna_sola', '0000-00-00 00:00:00'),
(8, 'Ribnica', 'ribnica', '0000-00-00 00:00:00'),
(9, 'Kultura', 'kultura', '0000-00-00 00:00:00'),
(10, 'Glasba', 'glasba', '0000-00-00 00:00:00'),
(11, 'Parnas', 'parnas', '0000-00-00 00:00:00'),
(12, 'Rob', 'rob', '0000-00-00 00:00:00'),
(13, 'kulturna dediščina', 'kulturna_dediscina', '0000-00-00 00:00:00'),
(14, 'semenj', 'semenj', '0000-00-00 00:00:00'),
(15, 'suha roba', 'suha_roba', '0000-00-00 00:00:00'),
(16, 'Turizem', 'turizem', '0000-00-00 00:00:00'),
(17, 'Slovenija', 'slovenija', '0000-00-00 00:00:00'),
(18, 'Izobraževanje', 'izobrazevanje', '0000-00-00 00:00:00'),
(19, 'Poljudna znanost', 'poljudna_znanost', '0000-00-00 00:00:00'),
(20, 'Novice', 'novice', '0000-00-00 00:00:00'),
(21, 'Razno', 'razno', '0000-00-00 00:00:00'),
(22, 'Ambrosia', 'ambrosia', '0000-00-00 00:00:00'),
(23, 'Ambrozija', 'ambrozija', '0000-00-00 00:00:00'),
(24, 'Kopanj', 'kopanj', '0000-00-00 00:00:00'),
(25, 'Radensko polje', 'radensko_polje', '0000-00-00 00:00:00'),
(26, 'Borut Pahor', 'borut_pahor', '0000-00-00 00:00:00'),
(27, 'Skrabčeva domačija', 'skrabceva_domacija', '0000-00-00 00:00:00'),
(28, 'Hrovača', 'hrovaca', '0000-00-00 00:00:00'),
(29, 'Prireditve', 'prireditve', '0000-00-00 00:00:00'),
(30, 'Fižolov Dan', 'fizolov_dan', '0000-00-00 00:00:00'),
(31, 'fižolov kruh', 'fizolov_kruh', '0000-00-00 00:00:00'),
(32, 'fižolova klobasa', 'fizolova_klobasa', '0000-00-00 00:00:00'),
(33, 'razstavna dejavnost', 'razstavna_dejavnost', '0000-00-00 00:00:00'),
(34, 'Andrej Turjaški', 'andrej_turjaski', '0000-00-00 00:00:00'),
(35, 'Medved naš vsakdanji', 'medved_nas_vsakdanji', '0000-00-00 00:00:00'),
(36, 'Likovna umetnost', 'likovna_umetnost', '0000-00-00 00:00:00'),
(37, 'Boštanj', 'bostanj', '0000-00-00 00:00:00'),
(38, 'velikan', 'velikan', '0000-00-00 00:00:00'),
(39, 'Zeleni vikend', 'zeleni_vikend', '0000-00-00 00:00:00'),
(40, 'Radio Zeleni val', 'radio_zeleni_val', '0000-00-00 00:00:00'),
(41, 'Šport', 'sport', '0000-00-00 00:00:00'),
(42, 'Športna društva', 'sportna_drustva', '0000-00-00 00:00:00'),
(43, 'TVD Partizan', 'tvd_partizan', '0000-00-00 00:00:00'),
(44, 'Sv. Primož', 'sv._primoz', '0000-00-00 00:00:00'),
(45, 'kolesarski vzpon', 'kolesarski_vzpon', '0000-00-00 00:00:00'),
(46, 'Mladina', 'mladina', '0000-00-00 00:00:00'),
(47, 'Obvestila', 'obvestila', '0000-00-00 00:00:00'),
(48, 'Oratorij', 'oratorij', '0000-00-00 00:00:00'),
(49, 'Velike Lašče', 'velike_lasce', '0000-00-00 00:00:00'),
(50, 'Grem jaz', 'grem_jaz', '0000-00-00 00:00:00'),
(51, 'Pitna voda', 'pitna_voda', '0000-00-00 00:00:00'),
(52, 'komunalno podjetje', 'komunalno_podjetje', '0000-00-00 00:00:00'),
(53, 'Rašica', 'rasica', '0000-00-00 00:00:00'),
(54, 'Dobrepolje', 'dobrepolje', '0000-00-00 00:00:00'),
(55, 'Šentrumar', 'sentrumar', '0000-00-00 00:00:00'),
(56, 'Razstava gob', 'razstava_gob', '0000-00-00 00:00:00'),
(57, 'gobji golaž', 'gobji_golaz', '0000-00-00 00:00:00'),
(58, 'Štorovke', 'storovke', '0000-00-00 00:00:00'),
(59, 'lovsko društvo', 'lovsko_drustvo', '0000-00-00 00:00:00'),
(60, 'Predavanja', 'predavanja', '0000-00-00 00:00:00'),
(61, 'Župnija Dobrepolje', 'zupnija_dobrepolje', '0000-00-00 00:00:00'),
(62, 'rekreacija', 'rekreacija', '0000-00-00 00:00:00'),
(64, 'JSKD', 'jskd', '0000-00-00 00:00:00'),
(65, 'Dobrodelnost', 'dobrodelnost', '0000-00-00 00:00:00'),
(66, 'Krvodajalska akcija', 'krvodajalska_akcija', '0000-00-00 00:00:00'),
(67, 'Rdeči križ', 'rdeci_kriz', '0000-00-00 00:00:00'),
(68, 'Dosejavanje', 'dosejavanje', '0000-00-00 00:00:00'),
(69, 'Živimo zdravo', 'zivimo_zdravo', '0000-00-00 00:00:00'),
(70, 'delavnice', 'delavnice', '0000-00-00 00:00:00'),
(71, 'zdravje', 'zdravje', '0000-00-00 00:00:00'),
(72, 'Simbioz@', 'simbioz@', '0000-00-00 00:00:00'),
(73, 'Očistimo Slovenijo', 'ocistimo_slovenijo', '0000-00-00 00:00:00'),
(74, 'star papir', 'star_papir', '0000-00-00 00:00:00'),
(75, 'orientalski ples', 'orientalski_ples', '0000-00-00 00:00:00'),
(76, 'Zgodilo se je...', 'zgodilo_se_je...', '0000-00-00 00:00:00'),
(77, 'peka piškotov', 'peka_piskotov', '0000-00-00 00:00:00'),
(78, 'Ostalo', 'ostalo', '0000-00-00 00:00:00'),
(79, 'Gremo na pot', 'gremo_na_pot', '0000-00-00 00:00:00'),
(80, 'pohodništvo', 'pohodnistvo', '0000-00-00 00:00:00'),
(81, 'kolesarstvo', 'kolesarstvo', '0000-00-00 00:00:00'),
(82, 'tek', 'tek', '0000-00-00 00:00:00'),
(83, 'gasilci', 'gasilci', '0000-00-00 00:00:00'),
(84, 'pgd', 'pgd', '0000-00-00 00:00:00'),
(85, 'zdenska vas', 'zdenska_vas', '0000-00-00 00:00:00'),
(86, 'Gledališče', 'gledalisce', '0000-00-00 00:00:00'),
(87, 'NVO', 'nvo', '0000-00-00 00:00:00'),
(88, 'Ples', 'ples', '0000-00-00 00:00:00'),
(89, 'Ribniški sejem 2012', 'ribniski_sejem_2012', '0000-00-00 00:00:00'),
(90, 'Pohodništvo', 'pohodnistvo', '0000-00-00 00:00:00'),
(91, 'Pohorje', 'pohorje', '0000-00-00 00:00:00'),
(92, 'hagiografska drama', 'hagiografska_drama', '0000-00-00 00:00:00'),
(93, 'mučenec Lojze Grozde', 'mucenec_lojze_grozde', '0000-00-00 00:00:00'),
(94, 'Trubarjevi kraji', 'trubarjevi_kraji', '0000-00-00 00:00:00'),
(95, 'Turjak', 'turjak', '0000-00-00 00:00:00'),
(97, 'krvodajalska akcija', 'krvodajalska_akcija', '0000-00-00 00:00:00'),
(98, 'Groš', 'gros', '0000-00-00 00:00:00'),
(99, 'študentski klub', 'studentski_klub', '0000-00-00 00:00:00'),
(100, 'Literatura', 'literatura', '0000-00-00 00:00:00'),
(101, 'Izberi kategorijo:', 'izberi_kategorijo:', '0000-00-00 00:00:00'),
(102, 'Vlado Kreslin', 'vlado_kreslin', '0000-00-00 00:00:00'),
(103, 'redar', 'redar', '0000-00-00 00:00:00'),
(104, 'občinska seja', 'obcinska_seja', '0000-00-00 00:00:00'),
(105, 'Kostanjada', 'kostanjada', '0000-00-00 00:00:00'),
(106, 'CERO Špaja dolina', 'cero_spaja_dolina', '0000-00-00 00:00:00'),
(107, 'DramŠpil', 'dramspil', '0000-00-00 00:00:00'),
(108, 'Uršlja gora', 'urslja_gora', '0000-00-00 00:00:00'),
(109, 'Smrekovec', 'smrekovec', '0000-00-00 00:00:00'),
(110, 'Športno plezanje', 'sportno_plezanje', '0000-00-00 00:00:00'),
(111, 'Rokodelski center', 'rokodelski_center', '0000-00-00 00:00:00'),
(112, 'Dobrepoljski tek', 'dobrepoljski_tek', '0000-00-00 00:00:00'),
(113, 'futsal', 'futsal', '0000-00-00 00:00:00'),
(114, 'Zelnik', 'zelnik', '0000-00-00 00:00:00'),
(115, 'RC Ribnica', 'rc_ribnica', '0000-00-00 00:00:00'),
(116, 'Kompolje', 'kompolje', '0000-00-00 00:00:00'),
(117, 'Občina Dobrepolje', 'obcina_dobrepolje', '0000-00-00 00:00:00'),
(118, 'Sveti Gregor', 'sveti_gregor', '0000-00-00 00:00:00'),
(119, 'Ribniški pasijon', 'ribniski_pasijon', '0000-00-00 00:00:00'),
(120, 'Grmada', 'grmada', '0000-00-00 00:00:00'),
(121, 'društvo', 'drustvo', '0000-00-00 00:00:00'),
(122, 'ŠD Kompolje', 'sd_kompolje', '0000-00-00 00:00:00'),
(123, 'občinski praznik', 'obcinski_praznik', '0000-00-00 00:00:00'),
(124, 'Ideal', 'ideal', '0000-00-00 00:00:00'),
(125, 'Čebelarstvo', 'cebelarstvo', '0000-00-00 00:00:00'),
(126, 'zabava', 'zabava', '0000-00-00 00:00:00'),
(127, 'Praznik', 'praznik', '0000-00-00 00:00:00'),
(128, 'Sveti trije kralji', 'sveti_trije_kralji', '0000-00-00 00:00:00'),
(129, 'Ravnanje z odpadki', 'ravnanje_z_odpadki', '0000-00-00 00:00:00'),
(130, 'Narodno zabavna glasba', 'narodno_zabavna_glasba', '0000-00-00 00:00:00'),
(131, 'DPM Kalček', 'dpm_kalcek', '0000-00-00 00:00:00'),
(132, 'Zimski športi', 'zimski_sporti', '0000-00-00 00:00:00'),
(133, 'Janko Trošt', 'janko_trost', '0000-00-00 00:00:00'),
(134, 'Dolenja vas', 'dolenja_vas', '0000-00-00 00:00:00'),
(135, 'JSKD Ribnica', 'jskd_ribnica', '0000-00-00 00:00:00'),
(136, 'Sodražica', 'sodrazica', '0000-00-00 00:00:00'),
(137, 'Komedija', 'komedija', '0000-00-00 00:00:00'),
(138, 'Kleklanje', 'kleklanje', '0000-00-00 00:00:00'),
(139, 'Rokodelski center Ribnica', 'rokodelski_center_ribnica', '0000-00-00 00:00:00'),
(140, 'Anamanka', 'anamanka', '0000-00-00 00:00:00'),
(141, 'Podaljšano bivanje', 'podaljsano_bivanje', '0000-00-00 00:00:00'),
(142, 'Muzej Ribnica', 'muzej_ribnica', '0000-00-00 00:00:00'),
(143, 'Bralni klub Dobrevoljci', 'bralni_klub_dobrevoljci', '0000-00-00 00:00:00'),
(144, 'Jurčič', 'jurcic', '0000-00-00 00:00:00'),
(145, 'plezanje', 'plezanje', '0000-00-00 00:00:00'),
(146, 'Planinsko društvo Ribnica', 'planinsko_drustvo_ribnica', '0000-00-00 00:00:00'),
(147, 'Kulturno društvo Dobrepolje', 'kulturno_drustvo_dobrepolje', '0000-00-00 00:00:00'),
(148, 'Splošno', 'splosno', '0000-00-00 00:00:00'),
(149, 'Stand Up', 'stand_up', '0000-00-00 00:00:00'),
(150, 'Moja rodbina', 'moja_rodbina', '0000-00-00 00:00:00'),
(151, 'ŠD Dobrepolje', 'sd_dobrepolje', '0000-00-00 00:00:00'),
(152, 'Najdihojca', 'najdihojca', '0000-00-00 00:00:00'),
(153, 'sv. Ana', 'sv._ana', '0000-00-00 00:00:00'),
(154, 'RŠK', 'rsk', '0000-00-00 00:00:00'),
(155, 'Potopisi', 'potopisi', '0000-00-00 00:00:00'),
(156, 'Ivančna Gorica', 'ivancna_gorica', '0000-00-00 00:00:00'),
(157, 'Vakuumska kanalizacija', 'vakuumska_kanalizacija', '0000-00-00 00:00:00'),
(158, 'Ponikve', 'ponikve', '0000-00-00 00:00:00'),
(159, 'OŠ Dobrepolje', 'os_dobrepolje', '0000-00-00 00:00:00'),
(160, 'Turistično društvo Dobrepolje', 'turisticno_drustvo_dobrepolje', '0000-00-00 00:00:00'),
(161, 'Kmetijstvo', 'kmetijstvo', '0000-00-00 00:00:00'),
(162, 'Kino', 'kino', '0000-00-00 00:00:00'),
(163, 'ŠK GROŠ', 'sk_gros', '0000-00-00 00:00:00'),
(164, 'Odbojka', 'odbojka', '0000-00-00 00:00:00'),
(165, 'Račica', 'racica', '0000-00-00 00:00:00'),
(166, 'Sv. Ana', 'sv._ana', '0000-00-00 00:00:00'),
(167, 'Big band DOM', 'big_band_dom', '0000-00-00 00:00:00'),
(168, 'Braco Doblekar', 'braco_doblekar', '0000-00-00 00:00:00'),
(169, 'DG Štorovke', 'dg_storovke', '0000-00-00 00:00:00'),
(170, 'OZRK Grosuplje', 'ozrk_grosuplje', '0000-00-00 00:00:00'),
(171, 'Politika', 'politika', '0000-00-00 00:00:00'),
(172, 'Fiskalno pravilo', 'fiskalno_pravilo', '0000-00-00 00:00:00'),
(173, 'Mladinsko društvo Dobrepolje', 'mladinsko_drustvo_dobrepolje', '0000-00-00 00:00:00'),
(174, 'Izvir', 'izvir', '0000-00-00 00:00:00'),
(175, 'Karitas', 'karitas', '0000-00-00 00:00:00'),
(176, 'Pijava Gorica', 'pijava_gorica', '0000-00-00 00:00:00'),
(177, 'Ceste', 'ceste', '0000-00-00 00:00:00'),
(178, 'Turistično društvo Podgora', 'turisticno_drustvo_podgora', '0000-00-00 00:00:00'),
(179, 'Aktualno', 'aktualno', '0000-00-00 00:00:00'),
(181, 'bele stene', 'bele_stene', '0000-00-00 00:00:00'),
(182, 'Rock kamnolom', 'rock_kamnolom', '0000-00-00 00:00:00'),
(183, 'Predstruge', 'predstruge', '0000-00-00 00:00:00'),
(184, 'Openair kamnolom', 'openair_kamnolom', '0000-00-00 00:00:00'),
(185, 'Pedro Opeka', 'pedro_opeka', '0000-00-00 00:00:00'),
(186, 'poprtnik', 'poprtnik', '0000-00-00 00:00:00'),
(187, 'Nogomet', 'nogomet', '0000-00-00 00:00:00'),
(188, 'mali nogomet', 'mali_nogomet', '0000-00-00 00:00:00'),
(189, 'zimska liga', 'zimska_liga', '0000-00-00 00:00:00'),
(190, 'parnas', 'parnas', '0000-00-00 00:00:00'),
(191, 'rjavi medved', 'rjavi_medved', '0000-00-00 00:00:00'),
(192, 'jurčičev pohod', 'jurcicev_pohod', '0000-00-00 00:00:00'),
(193, 'društvo štorovke', 'drustvo_storovke', '0000-00-00 00:00:00'),
(194, 'zdravilne gobe', 'zdravilne_gobe', '0000-00-00 00:00:00'),
(195, 'Škrabčeva domačija', 'skrabceva_domacija', '0000-00-00 00:00:00'),
(196, 'revija pevskih zborov', 'revija_pevskih_zborov', '0000-00-00 00:00:00'),
(197, 'videm', 'videm', '0000-00-00 00:00:00'),
(199, 'župnijska cerkev', 'zupnijska_cerkev', '0000-00-00 00:00:00'),
(200, 'ribniška dekanija', 'ribniska_dekanija', '0000-00-00 00:00:00'),
(201, 'predavanje', 'predavanje', '0000-00-00 00:00:00'),
(202, 'urejanje vrtov', 'urejanje_vrtov', '0000-00-00 00:00:00'),
(203, 'okrasne rastiline', 'okrasne_rastiline', '0000-00-00 00:00:00'),
(204, 'potres', 'potres', '0000-00-00 00:00:00'),
(205, 'Advanture Race Slovenia', 'advanture_race_slovenia', '0000-00-00 00:00:00'),
(206, 'DKM Ribnica', 'dkm_ribnica', '0000-00-00 00:00:00'),
(207, 'Na kmetih', 'na_kmetih', '0000-00-00 00:00:00'),
(208, 'Lumberjack', 'lumberjack', '0000-00-00 00:00:00'),
(209, 'Poletni večeri', 'poletni_veceri', '0000-00-00 00:00:00'),
(210, 'SoundLight', 'soundlight', '0000-00-00 00:00:00'),
(211, 'Škofljica', 'skofljica', '0000-00-00 00:00:00'),
(212, 'Knej', 'knej', '0000-00-00 00:00:00'),
(213, 'Karlovica', 'karlovica', '0000-00-00 00:00:00'),
(214, 'Fundacija Drevored', 'fundacija_drevored', '0000-00-00 00:00:00'),
(215, 'Društvo mažoret in plesalcev Ribnica', 'drustvo_mazoret_in_plesalcev_ribnica', '0000-00-00 00:00:00'),
(216, 'Administatorske novice', 'administatorske_novice', '0000-00-00 00:00:00'),
(217, 'Veronika Zajec', 'veronika_zajec', '0000-00-00 00:00:00'),
(218, 'Zagoriški fantje', 'zagoriski_fantje', '0000-00-00 00:00:00'),
(219, 'Družina Erčulj', 'druzina_erculj', '0000-00-00 00:00:00'),
(220, 'Tržnica', 'trznica', '0000-00-00 00:00:00'),
(221, 'Animatorji', 'animatorji', '0000-00-00 00:00:00'),
(222, 'prireditve', 'prireditve', '0000-00-00 00:00:00'),
(223, 'Hilarij', 'hilarij', '0000-00-00 00:00:00'),
(224, 'občine', 'obcine', '0000-00-00 00:00:00'),
(225, 'Ig', 'ig', '0000-00-00 00:00:00'),
(227, 'Gardaland', 'gardaland', '0000-00-00 00:00:00'),
(228, 'Terme Čatež', 'terme_catez', '0000-00-00 00:00:00'),
(229, 'Strelstvo', 'strelstvo', '0000-00-00 00:00:00'),
(230, 'Joomla', 'joomla', '0000-00-00 00:00:00'),
(231, 'prehrana', 'prehrana', '0000-00-00 00:00:00'),
(232, 'Rafting', 'rafting', '0000-00-00 00:00:00'),
(233, 'KOMA 750', 'koma_750', '0000-00-00 00:00:00'),
(234, 'Rock', 'rock', '0000-00-00 00:00:00'),
(235, 'Izleti', 'izleti', '0000-00-00 00:00:00'),
(236, 'Oznanila', 'oznanila', '0000-00-00 00:00:00'),
(237, 'Novicomat', 'novicomat', '0000-00-00 00:00:00'),
(238, 'okrogla miza', 'okrogla_miza', '0000-00-00 00:00:00'),
(239, 'Veselice', 'veselice', '0000-00-00 00:00:00'),
(240, 'ŠD Sodražica', 'sd_sodrazica', '0000-00-00 00:00:00'),
(241, 'maraton', 'maraton', '0000-00-00 00:00:00'),
(242, 'Maša', 'masa', '0000-00-00 00:00:00'),
(243, 'šport', 'sport', '0000-00-00 00:00:00'),
(244, 'Futsal klub Dobrepolje', 'futsal_klub_dobrepolje', '0000-00-00 00:00:00'),
(245, 'Kraljica suhe robe', 'kraljica_suhe_robe', '0000-00-00 00:00:00'),
(246, 'Alternativa', 'alternativa', '0000-00-00 00:00:00'),
(247, 'Alternativa 2013', 'alternativa_2013', '0000-00-00 00:00:00'),
(248, 'KD Divja horda', 'kd_divja_horda', '0000-00-00 00:00:00'),
(249, 'galopska dirka', 'galopska_dirka', '0000-00-00 00:00:00'),
(250, 'konjeništvo', 'konjenistvo', '0000-00-00 00:00:00'),
(251, 'Grajski večeri', 'grajski_veceri', '0000-00-00 00:00:00'),
(252, 'KD Grosuplje - mesto kipov', 'kd_grosuplje_-_mesto_kipov', '0000-00-00 00:00:00'),
(253, 'Groš na ulici', 'gros_na_ulici', '0000-00-00 00:00:00'),
(254, 'Razpis', 'razpis', '0000-00-00 00:00:00'),
(255, 'GRAJSKI VEČERI', 'grajski_veceri', '0000-00-00 00:00:00'),
(256, 'Zavod Drevored', 'zavod_drevored', '0000-00-00 00:00:00'),
(257, 'sejem', 'sejem', '0000-00-00 00:00:00'),
(258, 'hribi', 'hribi', '0000-00-00 00:00:00'),
(259, 'MD Dobrepolje', 'md_dobrepolje', '0000-00-00 00:00:00'),
(260, 'KD Godba Dobrepolje', 'kd_godba_dobrepolje', '0000-00-00 00:00:00'),
(261, 'Turistično društvo Ribnica', 'turisticno_drustvo_ribnica', '0000-00-00 00:00:00'),
(262, 'galerija', 'galerija', '0000-00-00 00:00:00'),
(263, 'Zavod Jezerski Hram', 'zavod_jezerski_hram', '0000-00-00 00:00:00'),
(264, 'Cerkniško jezero', 'cerknisko_jezero', '0000-00-00 00:00:00'),
(265, 'Cerknica', 'cerknica', '0000-00-00 00:00:00'),
(266, 'promet', 'promet', '0000-00-00 00:00:00'),
(267, 'računalništvo', 'racunalnistvo', '0000-00-00 00:00:00'),
(268, 'podjetništvo', 'podjetnistvo', '0000-00-00 00:00:00'),
(269, 'starup', 'starup', '0000-00-00 00:00:00'),
(270, 'NEFIKS', 'nefiks', '0000-00-00 00:00:00'),
(271, 'nagrada', 'nagrada', '0000-00-00 00:00:00'),
(272, 'neformalnoi izobraževanje', 'neformalnoi_izobrazevanje', '0000-00-00 00:00:00'),
(273, 'DPŽ Dobrepolje - Struge', 'dpz_dobrepolje_-_struge', '0000-00-00 00:00:00'),
(274, 'DS Scena', 'ds_scena', '0000-00-00 00:00:00'),
(275, 'skavti', 'skavti', '0000-00-00 00:00:00'),
(276, 'velika igra', 'velika_igra', '0000-00-00 00:00:00'),
(277, 'Steg Dobrepolje', 'steg_dobrepolje', '0000-00-00 00:00:00'),
(278, 'RRA LUR', 'rra_lur', '0000-00-00 00:00:00'),
(279, 'prenova', 'prenova', '0000-00-00 00:00:00'),
(280, 'test', 'test', '0000-00-00 00:00:00'),
(281, 'neposredni prenos', 'neposredni_prenos', '0000-00-00 00:00:00'),
(282, 'ekskurzije', 'ekskurzije', '0000-00-00 00:00:00'),
(283, 'afrika', 'afrika', '0000-00-00 00:00:00'),
(284, 'zbiranje oblek', 'zbiranje_oblek', '0000-00-00 00:00:00'),
(285, 'zbiranje obutve', 'zbiranje_obutve', '0000-00-00 00:00:00'),
(286, 'pomoč', 'pomoc', '0000-00-00 00:00:00'),
(287, 'Hip Hop', 'hip_hop', '0000-00-00 00:00:00'),
(288, 'Brakedance', 'brakedance', '0000-00-00 00:00:00'),
(289, 'Govedorejsko društvo Dobrepolje', 'govedorejsko_drustvo_dobrepolje', '0000-00-00 00:00:00'),
(290, 'KSS Dobrepolje', 'kss_dobrepolje', '0000-00-00 00:00:00'),
(291, 'Jazz', 'jazz', '0000-00-00 00:00:00'),
(292, 'Mladinski klub Sodražica', 'mladinski_klub_sodrazica', '0000-00-00 00:00:00'),
(293, 'Mestna knjižnica Grosuplje', 'mestna_knjiznica_grosuplje', '0000-00-00 00:00:00'),
(294, 'Knjižnica Dobrepolje', 'knjiznica_dobrepolje', '0000-00-00 00:00:00'),
(295, 'PD Velike Lašče', 'pd_velike_lasce', '0000-00-00 00:00:00'),
(296, 'PD Ribnica', 'pd_ribnica', '0000-00-00 00:00:00'),
(297, 'volitve', 'volitve', '0000-00-00 00:00:00'),
(298, 'ŠKIS', 'skis', '0000-00-00 00:00:00'),
(299, 'usposabljanje', 'usposabljanje', '0000-00-00 00:00:00'),
(300, 'pust', 'pust', '0000-00-00 00:00:00'),
(301, 'karneval', 'karneval', '0000-00-00 00:00:00'),
(302, 'Zagorica', 'zagorica', '0000-00-00 00:00:00'),
(303, 'Zagariške mačkare', 'zagariske_mackare', '0000-00-00 00:00:00'),
(304, 'otroci', 'otroci', '0000-00-00 00:00:00'),
(305, 'MGS I.K.S', 'mgs_i.k.s', '0000-00-00 00:00:00'),
(306, 'kulinarika', 'kulinarika', '0000-00-00 00:00:00'),
(307, 'PŠ Struge', 'ps_struge', '0000-00-00 00:00:00'),
(308, 'Struge', 'struge', '0000-00-00 00:00:00'),
(309, 'voščilo', 'voscilo', '0000-00-00 00:00:00'),
(310, 'Žiga Palčar', 'ziga_palcar', '0000-00-00 00:00:00'),
(311, 'Fotografija', 'fotografija', '0000-00-00 00:00:00'),
(312, 'Kolesarjenje', 'kolesarjenje', '0000-00-00 00:00:00'),
(313, 'Brucovanje', 'brucovanje', '0000-00-00 00:00:00'),
(314, 'organi kluba', 'organi_kluba', '0000-00-00 00:00:00'),
(315, 'Luč miru iz Betlehema', 'luc_miru_iz_betlehema', '0000-00-00 00:00:00'),
(316, 'Slovenski božič', 'slovenski_bozic', '0000-00-00 00:00:00'),
(317, 'ŽPZ Biser', 'zpz_biser', '0000-00-00 00:00:00'),
(318, 'Sekstet Komplet', 'sekstet_komplet', '0000-00-00 00:00:00'),
(319, 'Ana Erčulj', 'ana_erculj', '0000-00-00 00:00:00'),
(320, 'Loški Potok', 'loski_potok', '0000-00-00 00:00:00'),
(321, 'Viličar', 'vilicar', '0000-00-00 00:00:00'),
(322, 'Tečaji', 'tecaji', '0000-00-00 00:00:00'),
(323, 'popustniki', 'popustniki', '0000-00-00 00:00:00'),
(324, '12 jeznih mož', '12_jeznih_moz', '0000-00-00 00:00:00'),
(325, 'ponovitve', 'ponovitve', '0000-00-00 00:00:00'),
(326, 'Pošta Slovenije', 'posta_slovenije', '0000-00-00 00:00:00'),
(327, '1312 Videm - Dobrepolje', '1312_videm_-_dobrepolje', '0000-00-00 00:00:00'),
(328, 'dobrodelnost', 'dobrodelnost', '0000-00-00 00:00:00'),
(329, 'zaokroži', 'zaokrozi', '0000-00-00 00:00:00'),
(330, 'zgodbe', 'zgodbe', '0000-00-00 00:00:00'),
(331, 'startup', 'startup', '0000-00-00 00:00:00'),
(332, 'podjetja', 'podjetja', '0000-00-00 00:00:00'),
(333, 'Reinovator', 'reinovator', '0000-00-00 00:00:00'),
(334, 'Viva', 'viva', '0000-00-00 00:00:00'),
(335, 'Studio Moderna', 'studio_moderna', '0000-00-00 00:00:00'),
(336, 'Bisnode', 'bisnode', '0000-00-00 00:00:00'),
(337, 'pogovorni večeri', 'pogovorni_veceri', '0000-00-00 00:00:00'),
(338, 'lol', 'lol', '0000-00-00 00:00:00'),
(339, 'dafuq', 'dafuq', '0000-00-00 00:00:00'),
(340, 'gfjfgj', 'gfjfgj', '0000-00-00 00:00:00'),
(341, 'hehe', 'hehe', '0000-00-00 00:00:00'),
(342, 'hoh', 'hoh', '0000-00-00 00:00:00'),
(343, 'kej', 'kej', '0000-00-00 00:00:00'),
(344, 'add a tag', 'add_a_tag', '0000-00-00 00:00:00'),
(345, 'fxtngf.', 'fxtngf.', '0000-00-00 00:00:00'),
(346, 'zaaa', 'zaaa', '0000-00-00 00:00:00'),
(347, 'nekaj.', 'nekaj.', '0000-00-00 00:00:00'),
(348, 'novega', 'novega', '0000-00-00 00:00:00'),
(349, 'lolol', 'lolol', '0000-00-00 00:00:00'),
(350, 'kaj', 'kaj', '0000-00-00 00:00:00'),
(351, 'nic jasno', 'nic_jasno', '0000-00-00 00:00:00'),
(352, 'zanimivo', 'zanimivo', '0000-00-00 00:00:00'),
(353, 'nonekaj', 'nonekaj', '0000-00-00 00:00:00'),
(354, 'novega kajne', 'novega_kajne', '0000-00-00 00:00:00'),
(355, 'poglejmo ce je se kaj', 'poglejmo_ce_je_se_kaj', '0000-00-00 00:00:00'),
(356, 'zanimivega', 'zanimivega', '0000-00-00 00:00:00'),
(357, 'hihi', 'hihi', '0000-00-00 00:00:00'),
(358, 'm', 'm', '0000-00-00 00:00:00'),
(359, 'mazt', 'mazt', '0000-00-00 00:00:00'),
(360, 'ma', 'ma', '0000-00-00 00:00:00'),
(361, 'l', 'l', '0000-00-00 00:00:00'),
(362, 'h', 'h', '0000-00-00 00:00:00'),
(363, 'ho', 'ho', '0000-00-00 00:00:00'),
(364, 'hoho', 'hoho', '0000-00-00 00:00:00'),
(365, 'apolon', 'apolon', '2014-05-02 13:38:44'),
(366, 'lolololol', 'lolololol', '2014-05-02 15:36:49');

-- --------------------------------------------------------

--
-- Struktura tabele `vs_tags_content`
--

CREATE TABLE IF NOT EXISTS `vs_tags_content` (
  `id` int(11) NOT NULL AUTO_INCREMENT,
  `tag_id` int(11) NOT NULL,
  `content_id` int(11) NOT NULL,
  `created` timestamp NOT NULL DEFAULT CURRENT_TIMESTAMP,
  PRIMARY KEY (`id`)
) ENGINE=InnoDB  DEFAULT CHARSET=utf8 AUTO_INCREMENT=3595 ;

--
-- Odloži podatke za tabelo `vs_tags_content`
--

INSERT INTO `vs_tags_content` (`id`, `tag_id`, `content_id`, `created`) VALUES
(1, 41, 1822, '0000-00-00 00:00:00'),
(2, 62, 1822, '0000-00-00 00:00:00'),
(3, 116, 1822, '0000-00-00 00:00:00'),
(4, 121, 1822, '0000-00-00 00:00:00'),
(5, 41, 1823, '0000-00-00 00:00:00'),
(6, 62, 1823, '0000-00-00 00:00:00'),
(7, 116, 1823, '0000-00-00 00:00:00'),
(8, 121, 1823, '0000-00-00 00:00:00'),
(9, 1, 1799, '0000-00-00 00:00:00'),
(10, 11, 1821, '0000-00-00 00:00:00'),
(11, 12, 1821, '0000-00-00 00:00:00'),
(12, 13, 1821, '0000-00-00 00:00:00'),
(13, 11, 1820, '0000-00-00 00:00:00'),
(14, 12, 1820, '0000-00-00 00:00:00'),
(15, 13, 1820, '0000-00-00 00:00:00'),
(16, 6, 1817, '0000-00-00 00:00:00'),
(17, 7, 1827, '0000-00-00 00:00:00'),
(18, 7, 1826, '0000-00-00 00:00:00'),
(19, 41, 1848, '0000-00-00 00:00:00'),
(20, 62, 1848, '0000-00-00 00:00:00'),
(21, 116, 1848, '0000-00-00 00:00:00'),
(22, 121, 1848, '0000-00-00 00:00:00'),
(23, 41, 1849, '0000-00-00 00:00:00'),
(24, 62, 1849, '0000-00-00 00:00:00'),
(25, 116, 1849, '0000-00-00 00:00:00'),
(26, 121, 1849, '0000-00-00 00:00:00'),
(27, 1, 1845, '0000-00-00 00:00:00'),
(28, 1, 1844, '0000-00-00 00:00:00'),
(29, 41, 1851, '0000-00-00 00:00:00'),
(30, 62, 1851, '0000-00-00 00:00:00'),
(31, 116, 1851, '0000-00-00 00:00:00'),
(32, 122, 1851, '0000-00-00 00:00:00'),
(33, 123, 1851, '0000-00-00 00:00:00'),
(34, 1, 1847, '0000-00-00 00:00:00'),
(35, 1, 1846, '0000-00-00 00:00:00'),
(36, 6, 1816, '0000-00-00 00:00:00'),
(37, 1, 1850, '0000-00-00 00:00:00'),
(38, 41, 1850, '0000-00-00 00:00:00'),
(39, 62, 1850, '0000-00-00 00:00:00'),
(40, 116, 1850, '0000-00-00 00:00:00'),
(41, 122, 1850, '0000-00-00 00:00:00'),
(42, 1, 1842, '0000-00-00 00:00:00'),
(43, 1, 1841, '0000-00-00 00:00:00'),
(44, 1, 1840, '0000-00-00 00:00:00'),
(45, 1, 1839, '0000-00-00 00:00:00'),
(46, 1, 1838, '0000-00-00 00:00:00'),
(47, 8, 1838, '0000-00-00 00:00:00'),
(48, 20, 1838, '0000-00-00 00:00:00'),
(49, 124, 1838, '0000-00-00 00:00:00'),
(50, 1, 1828, '0000-00-00 00:00:00'),
(51, 1, 1809, '0000-00-00 00:00:00'),
(52, 20, 1809, '0000-00-00 00:00:00'),
(53, 49, 1809, '0000-00-00 00:00:00'),
(54, 1, 1870, '0000-00-00 00:00:00'),
(55, 1, 1808, '0000-00-00 00:00:00'),
(56, 1, 1807, '0000-00-00 00:00:00'),
(57, 1, 1798, '0000-00-00 00:00:00'),
(58, 29, 1797, '0000-00-00 00:00:00'),
(59, 94, 1797, '0000-00-00 00:00:00'),
(60, 95, 1797, '0000-00-00 00:00:00'),
(61, 96, 1797, '0000-00-00 00:00:00'),
(62, 1, 1806, '0000-00-00 00:00:00'),
(63, 1, 1805, '0000-00-00 00:00:00'),
(64, 1, 1804, '0000-00-00 00:00:00'),
(65, 6, 1815, '0000-00-00 00:00:00'),
(66, 1, 1837, '0000-00-00 00:00:00'),
(67, 1, 1836, '0000-00-00 00:00:00'),
(68, 1, 1843, '0000-00-00 00:00:00'),
(69, 11, 1819, '0000-00-00 00:00:00'),
(70, 12, 1819, '0000-00-00 00:00:00'),
(71, 13, 1819, '0000-00-00 00:00:00'),
(72, 6, 1814, '0000-00-00 00:00:00'),
(73, 1, 1835, '0000-00-00 00:00:00'),
(74, 1, 1803, '0000-00-00 00:00:00'),
(75, 1, 1802, '0000-00-00 00:00:00'),
(76, 11, 1818, '0000-00-00 00:00:00'),
(77, 12, 1818, '0000-00-00 00:00:00'),
(78, 13, 1818, '0000-00-00 00:00:00'),
(79, 1, 1834, '0000-00-00 00:00:00'),
(80, 1, 1833, '0000-00-00 00:00:00'),
(81, 1, 1801, '0000-00-00 00:00:00'),
(82, 1, 1800, '0000-00-00 00:00:00'),
(83, 6, 1813, '0000-00-00 00:00:00'),
(84, 1, 1830, '0000-00-00 00:00:00'),
(85, 1, 1829, '0000-00-00 00:00:00'),
(86, 6, 1812, '0000-00-00 00:00:00'),
(87, 1, 1832, '0000-00-00 00:00:00'),
(88, 6, 1811, '0000-00-00 00:00:00'),
(89, 7, 1825, '0000-00-00 00:00:00'),
(90, 7, 1824, '0000-00-00 00:00:00'),
(91, 1, 1831, '0000-00-00 00:00:00'),
(92, 6, 1810, '0000-00-00 00:00:00'),
(93, 1, 1858, '0000-00-00 00:00:00'),
(94, 1, 1861, '0000-00-00 00:00:00'),
(95, 1, 1857, '0000-00-00 00:00:00'),
(96, 1, 1856, '0000-00-00 00:00:00'),
(97, 11, 1855, '0000-00-00 00:00:00'),
(98, 12, 1855, '0000-00-00 00:00:00'),
(99, 13, 1855, '0000-00-00 00:00:00'),
(100, 6, 1854, '0000-00-00 00:00:00'),
(101, 1, 1853, '0000-00-00 00:00:00'),
(102, 29, 1852, '0000-00-00 00:00:00'),
(103, 94, 1852, '0000-00-00 00:00:00'),
(104, 95, 1852, '0000-00-00 00:00:00'),
(105, 96, 1852, '0000-00-00 00:00:00'),
(106, 1, 1860, '0000-00-00 00:00:00'),
(107, 1, 1859, '0000-00-00 00:00:00'),
(108, 1, 1869, '0000-00-00 00:00:00'),
(109, 1, 1868, '0000-00-00 00:00:00'),
(110, 6, 1863, '0000-00-00 00:00:00'),
(111, 1, 1867, '0000-00-00 00:00:00'),
(112, 6, 1862, '0000-00-00 00:00:00'),
(113, 1, 1866, '0000-00-00 00:00:00'),
(114, 1, 1865, '0000-00-00 00:00:00'),
(115, 1, 1864, '0000-00-00 00:00:00'),
(116, 1, 1902, '0000-00-00 00:00:00'),
(117, 1, 1901, '0000-00-00 00:00:00'),
(118, 6, 1878, '0000-00-00 00:00:00'),
(119, 1, 1900, '0000-00-00 00:00:00'),
(120, 18, 1871, '0000-00-00 00:00:00'),
(121, 19, 1871, '0000-00-00 00:00:00'),
(122, 49, 1871, '0000-00-00 00:00:00'),
(123, 94, 1871, '0000-00-00 00:00:00'),
(124, 125, 1871, '0000-00-00 00:00:00'),
(125, 83, 1879, '0000-00-00 00:00:00'),
(126, 84, 1879, '0000-00-00 00:00:00'),
(127, 85, 1879, '0000-00-00 00:00:00'),
(128, 1, 1899, '0000-00-00 00:00:00'),
(129, 1, 1898, '0000-00-00 00:00:00'),
(130, 6, 1877, '0000-00-00 00:00:00'),
(131, 1, 1897, '0000-00-00 00:00:00'),
(132, 1, 1896, '0000-00-00 00:00:00'),
(133, 1, 1895, '0000-00-00 00:00:00'),
(134, 1, 1894, '0000-00-00 00:00:00'),
(135, 7, 1880, '0000-00-00 00:00:00'),
(136, 1, 1893, '0000-00-00 00:00:00'),
(137, 6, 1876, '0000-00-00 00:00:00'),
(138, 1, 1892, '0000-00-00 00:00:00'),
(139, 1, 1891, '0000-00-00 00:00:00'),
(140, 9, 1891, '0000-00-00 00:00:00'),
(141, 10, 1891, '0000-00-00 00:00:00'),
(142, 63, 1891, '0000-00-00 00:00:00'),
(143, 1, 1890, '0000-00-00 00:00:00'),
(144, 1, 1889, '0000-00-00 00:00:00'),
(145, 6, 1875, '0000-00-00 00:00:00'),
(146, 6, 1874, '0000-00-00 00:00:00'),
(147, 1, 1888, '0000-00-00 00:00:00'),
(148, 1, 1887, '0000-00-00 00:00:00'),
(149, 1, 1886, '0000-00-00 00:00:00'),
(150, 1, 1885, '0000-00-00 00:00:00'),
(151, 8, 1884, '0000-00-00 00:00:00'),
(152, 20, 1884, '0000-00-00 00:00:00'),
(153, 21, 1884, '0000-00-00 00:00:00'),
(154, 126, 1884, '0000-00-00 00:00:00'),
(155, 1, 1882, '0000-00-00 00:00:00'),
(156, 1, 1881, '0000-00-00 00:00:00'),
(157, 1, 1883, '0000-00-00 00:00:00'),
(158, 47, 1883, '0000-00-00 00:00:00'),
(159, 61, 1883, '0000-00-00 00:00:00'),
(160, 127, 1883, '0000-00-00 00:00:00'),
(161, 128, 1883, '0000-00-00 00:00:00'),
(162, 6, 1873, '0000-00-00 00:00:00'),
(163, 6, 1872, '0000-00-00 00:00:00'),
(164, 1, 1904, '0000-00-00 00:00:00'),
(165, 1, 1903, '0000-00-00 00:00:00'),
(166, 1, 1905, '0000-00-00 00:00:00'),
(167, 1, 1906, '0000-00-00 00:00:00'),
(168, 20, 1906, '0000-00-00 00:00:00'),
(169, 54, 1906, '0000-00-00 00:00:00'),
(170, 73, 1906, '0000-00-00 00:00:00'),
(171, 129, 1906, '0000-00-00 00:00:00'),
(172, 1, 1907, '0000-00-00 00:00:00'),
(173, 1, 1909, '0000-00-00 00:00:00'),
(174, 6, 1908, '0000-00-00 00:00:00'),
(175, 41, 1912, '0000-00-00 00:00:00'),
(176, 78, 1912, '0000-00-00 00:00:00'),
(177, 131, 1912, '0000-00-00 00:00:00'),
(178, 132, 1912, '0000-00-00 00:00:00'),
(179, 1, 1918, '0000-00-00 00:00:00'),
(180, 1, 1916, '0000-00-00 00:00:00'),
(181, 6, 1914, '0000-00-00 00:00:00'),
(182, 1, 1917, '0000-00-00 00:00:00'),
(183, 8, 1917, '0000-00-00 00:00:00'),
(184, 9, 1917, '0000-00-00 00:00:00'),
(185, 63, 1917, '0000-00-00 00:00:00'),
(186, 100, 1917, '0000-00-00 00:00:00'),
(187, 115, 1917, '0000-00-00 00:00:00'),
(188, 133, 1917, '0000-00-00 00:00:00'),
(189, 1, 1911, '0000-00-00 00:00:00'),
(190, 1, 1913, '0000-00-00 00:00:00'),
(191, 7, 1915, '0000-00-00 00:00:00'),
(192, 1, 1920, '0000-00-00 00:00:00'),
(193, 1, 1922, '0000-00-00 00:00:00'),
(194, 11, 1919, '0000-00-00 00:00:00'),
(195, 12, 1919, '0000-00-00 00:00:00'),
(196, 13, 1919, '0000-00-00 00:00:00'),
(197, 1, 1921, '0000-00-00 00:00:00'),
(198, 1, 1935, '0000-00-00 00:00:00'),
(199, 1, 1934, '0000-00-00 00:00:00'),
(200, 1, 1923, '0000-00-00 00:00:00'),
(201, 1, 1932, '0000-00-00 00:00:00'),
(202, 6, 1926, '0000-00-00 00:00:00'),
(203, 1, 1933, '0000-00-00 00:00:00'),
(204, 6, 1925, '0000-00-00 00:00:00'),
(205, 1, 1930, '0000-00-00 00:00:00'),
(206, 1, 1929, '0000-00-00 00:00:00'),
(207, 1, 1928, '0000-00-00 00:00:00'),
(208, 1, 1931, '0000-00-00 00:00:00'),
(209, 1, 1927, '0000-00-00 00:00:00'),
(210, 6, 1924, '0000-00-00 00:00:00'),
(211, 1, 1937, '0000-00-00 00:00:00'),
(212, 1, 1938, '0000-00-00 00:00:00'),
(213, 41, 1968, '0000-00-00 00:00:00'),
(214, 54, 1968, '0000-00-00 00:00:00'),
(215, 62, 1968, '0000-00-00 00:00:00'),
(216, 6, 1956, '0000-00-00 00:00:00'),
(217, 6, 1949, '0000-00-00 00:00:00'),
(218, 98, 1949, '0000-00-00 00:00:00'),
(219, 99, 1949, '0000-00-00 00:00:00'),
(220, 1, 1936, '0000-00-00 00:00:00'),
(221, 1, 1941, '0000-00-00 00:00:00'),
(222, 1, 1940, '0000-00-00 00:00:00'),
(223, 8, 1940, '0000-00-00 00:00:00'),
(224, 9, 1940, '0000-00-00 00:00:00'),
(225, 63, 1940, '0000-00-00 00:00:00'),
(226, 86, 1940, '0000-00-00 00:00:00'),
(227, 134, 1940, '0000-00-00 00:00:00'),
(228, 135, 1940, '0000-00-00 00:00:00'),
(229, 9, 2006, '0000-00-00 00:00:00'),
(230, 29, 2006, '0000-00-00 00:00:00'),
(231, 54, 2006, '0000-00-00 00:00:00'),
(232, 63, 2006, '0000-00-00 00:00:00'),
(233, 96, 2006, '0000-00-00 00:00:00'),
(234, 100, 2006, '0000-00-00 00:00:00'),
(235, 29, 1939, '0000-00-00 00:00:00'),
(236, 94, 1939, '0000-00-00 00:00:00'),
(237, 95, 1939, '0000-00-00 00:00:00'),
(238, 96, 1939, '0000-00-00 00:00:00'),
(239, 6, 1943, '0000-00-00 00:00:00'),
(240, 1, 1945, '0000-00-00 00:00:00'),
(241, 29, 1942, '0000-00-00 00:00:00'),
(242, 94, 1942, '0000-00-00 00:00:00'),
(243, 95, 1942, '0000-00-00 00:00:00'),
(244, 96, 1942, '0000-00-00 00:00:00'),
(245, 83, 1944, '0000-00-00 00:00:00'),
(246, 84, 1944, '0000-00-00 00:00:00'),
(247, 85, 1944, '0000-00-00 00:00:00'),
(248, 6, 1948, '0000-00-00 00:00:00'),
(249, 98, 1948, '0000-00-00 00:00:00'),
(250, 99, 1948, '0000-00-00 00:00:00'),
(251, 6, 1947, '0000-00-00 00:00:00'),
(252, 98, 1947, '0000-00-00 00:00:00'),
(253, 99, 1947, '0000-00-00 00:00:00'),
(254, 11, 1967, '0000-00-00 00:00:00'),
(255, 12, 1967, '0000-00-00 00:00:00'),
(256, 13, 1967, '0000-00-00 00:00:00'),
(257, 29, 1951, '0000-00-00 00:00:00'),
(258, 94, 1951, '0000-00-00 00:00:00'),
(259, 95, 1951, '0000-00-00 00:00:00'),
(260, 96, 1951, '0000-00-00 00:00:00'),
(261, 1, 2005, '0000-00-00 00:00:00'),
(262, 7, 1973, '0000-00-00 00:00:00'),
(263, 7, 1972, '0000-00-00 00:00:00'),
(264, 11, 1966, '0000-00-00 00:00:00'),
(265, 12, 1966, '0000-00-00 00:00:00'),
(266, 13, 1966, '0000-00-00 00:00:00'),
(267, 1, 1999, '0000-00-00 00:00:00'),
(268, 1, 1998, '0000-00-00 00:00:00'),
(269, 1, 1997, '0000-00-00 00:00:00'),
(270, 1, 1996, '0000-00-00 00:00:00'),
(271, 1, 1995, '0000-00-00 00:00:00'),
(272, 1, 1994, '0000-00-00 00:00:00'),
(273, 1, 1993, '0000-00-00 00:00:00'),
(274, 7, 1970, '0000-00-00 00:00:00'),
(275, 1, 1987, '0000-00-00 00:00:00'),
(276, 1, 1986, '0000-00-00 00:00:00'),
(277, 6, 1946, '0000-00-00 00:00:00'),
(278, 98, 1946, '0000-00-00 00:00:00'),
(279, 99, 1946, '0000-00-00 00:00:00'),
(280, 6, 1961, '0000-00-00 00:00:00'),
(281, 1, 1985, '0000-00-00 00:00:00'),
(282, 1, 1984, '0000-00-00 00:00:00'),
(283, 1, 1983, '0000-00-00 00:00:00'),
(284, 6, 1959, '0000-00-00 00:00:00'),
(285, 6, 1958, '0000-00-00 00:00:00'),
(286, 1, 1981, '0000-00-00 00:00:00'),
(287, 1, 1978, '0000-00-00 00:00:00'),
(288, 1, 1980, '0000-00-00 00:00:00'),
(289, 6, 1960, '0000-00-00 00:00:00'),
(290, 1, 2004, '0000-00-00 00:00:00'),
(291, 1, 1953, '0000-00-00 00:00:00'),
(292, 1, 2003, '0000-00-00 00:00:00'),
(293, 1, 2002, '0000-00-00 00:00:00'),
(294, 1, 2001, '0000-00-00 00:00:00'),
(295, 7, 1975, '0000-00-00 00:00:00'),
(296, 83, 1969, '0000-00-00 00:00:00'),
(297, 84, 1969, '0000-00-00 00:00:00'),
(298, 85, 1969, '0000-00-00 00:00:00'),
(299, 1, 2000, '0000-00-00 00:00:00'),
(300, 29, 1950, '0000-00-00 00:00:00'),
(301, 94, 1950, '0000-00-00 00:00:00'),
(302, 95, 1950, '0000-00-00 00:00:00'),
(303, 96, 1950, '0000-00-00 00:00:00'),
(304, 7, 1974, '0000-00-00 00:00:00'),
(305, 1, 1992, '0000-00-00 00:00:00'),
(306, 1, 1952, '0000-00-00 00:00:00'),
(307, 6, 1964, '0000-00-00 00:00:00'),
(308, 1, 1991, '0000-00-00 00:00:00'),
(309, 1, 1990, '0000-00-00 00:00:00'),
(310, 1, 1989, '0000-00-00 00:00:00'),
(311, 1, 1988, '0000-00-00 00:00:00'),
(312, 6, 1963, '0000-00-00 00:00:00'),
(313, 6, 1962, '0000-00-00 00:00:00'),
(314, 41, 1955, '0000-00-00 00:00:00'),
(315, 54, 1955, '0000-00-00 00:00:00'),
(316, 113, 1955, '0000-00-00 00:00:00'),
(317, 41, 1954, '0000-00-00 00:00:00'),
(318, 54, 1954, '0000-00-00 00:00:00'),
(319, 113, 1954, '0000-00-00 00:00:00'),
(320, 9, 1982, '0000-00-00 00:00:00'),
(321, 63, 1982, '0000-00-00 00:00:00'),
(322, 86, 1982, '0000-00-00 00:00:00'),
(323, 134, 1982, '0000-00-00 00:00:00'),
(324, 136, 1982, '0000-00-00 00:00:00'),
(325, 137, 1982, '0000-00-00 00:00:00'),
(326, 1, 1979, '0000-00-00 00:00:00'),
(327, 8, 1979, '0000-00-00 00:00:00'),
(328, 9, 1979, '0000-00-00 00:00:00'),
(329, 36, 1979, '0000-00-00 00:00:00'),
(330, 63, 1979, '0000-00-00 00:00:00'),
(331, 138, 1979, '0000-00-00 00:00:00'),
(332, 139, 1979, '0000-00-00 00:00:00'),
(333, 1, 1977, '0000-00-00 00:00:00'),
(334, 18, 1977, '0000-00-00 00:00:00'),
(335, 60, 1977, '0000-00-00 00:00:00'),
(336, 8, 1976, '0000-00-00 00:00:00'),
(337, 9, 1976, '0000-00-00 00:00:00'),
(338, 10, 1976, '0000-00-00 00:00:00'),
(339, 63, 1976, '0000-00-00 00:00:00'),
(340, 140, 1976, '0000-00-00 00:00:00'),
(341, 6, 1957, '0000-00-00 00:00:00'),
(342, 7, 1971, '0000-00-00 00:00:00'),
(343, 54, 1971, '0000-00-00 00:00:00'),
(344, 141, 1971, '0000-00-00 00:00:00'),
(345, 1, 2008, '0000-00-00 00:00:00'),
(346, 16, 2008, '0000-00-00 00:00:00'),
(347, 29, 2008, '0000-00-00 00:00:00'),
(348, 49, 2008, '0000-00-00 00:00:00'),
(349, 94, 2008, '0000-00-00 00:00:00'),
(350, 95, 2008, '0000-00-00 00:00:00'),
(351, 96, 2008, '0000-00-00 00:00:00'),
(352, 7, 2010, '0000-00-00 00:00:00'),
(353, 9, 2010, '0000-00-00 00:00:00'),
(354, 29, 2010, '0000-00-00 00:00:00'),
(355, 54, 2010, '0000-00-00 00:00:00'),
(356, 63, 2010, '0000-00-00 00:00:00'),
(357, 96, 2010, '0000-00-00 00:00:00'),
(358, 7, 2009, '0000-00-00 00:00:00'),
(359, 1, 2013, '0000-00-00 00:00:00'),
(360, 8, 2013, '0000-00-00 00:00:00'),
(361, 9, 2013, '0000-00-00 00:00:00'),
(362, 63, 2013, '0000-00-00 00:00:00'),
(363, 100, 2013, '0000-00-00 00:00:00'),
(364, 142, 2013, '0000-00-00 00:00:00'),
(365, 1, 2012, '0000-00-00 00:00:00'),
(366, 1, 2011, '0000-00-00 00:00:00'),
(367, 29, 2007, '0000-00-00 00:00:00'),
(368, 94, 2007, '0000-00-00 00:00:00'),
(369, 95, 2007, '0000-00-00 00:00:00'),
(370, 96, 2007, '0000-00-00 00:00:00'),
(371, 1, 2017, '0000-00-00 00:00:00'),
(372, 6, 2015, '0000-00-00 00:00:00'),
(373, 6, 2014, '0000-00-00 00:00:00'),
(374, 1, 2022, '0000-00-00 00:00:00'),
(375, 9, 2023, '0000-00-00 00:00:00'),
(376, 63, 2023, '0000-00-00 00:00:00'),
(377, 100, 2023, '0000-00-00 00:00:00'),
(378, 143, 2023, '0000-00-00 00:00:00'),
(379, 1, 2020, '0000-00-00 00:00:00'),
(380, 1, 2019, '0000-00-00 00:00:00'),
(381, 1, 2018, '0000-00-00 00:00:00'),
(382, 1, 2036, '0000-00-00 00:00:00'),
(383, 1, 2035, '0000-00-00 00:00:00'),
(384, 1, 2034, '0000-00-00 00:00:00'),
(385, 1, 2032, '0000-00-00 00:00:00'),
(386, 1, 2030, '0000-00-00 00:00:00'),
(387, 41, 2027, '0000-00-00 00:00:00'),
(388, 62, 2027, '0000-00-00 00:00:00'),
(389, 116, 2027, '0000-00-00 00:00:00'),
(390, 121, 2027, '0000-00-00 00:00:00'),
(391, 1, 2021, '0000-00-00 00:00:00'),
(392, 7, 2029, '0000-00-00 00:00:00'),
(393, 1, 2043, '0000-00-00 00:00:00'),
(394, 41, 2048, '0000-00-00 00:00:00'),
(395, 80, 2048, '0000-00-00 00:00:00'),
(396, 90, 2048, '0000-00-00 00:00:00'),
(397, 144, 2048, '0000-00-00 00:00:00'),
(398, 41, 2040, '0000-00-00 00:00:00'),
(399, 62, 2040, '0000-00-00 00:00:00'),
(400, 116, 2040, '0000-00-00 00:00:00'),
(401, 121, 2040, '0000-00-00 00:00:00'),
(402, 6, 2026, '0000-00-00 00:00:00'),
(403, 41, 2033, '0000-00-00 00:00:00'),
(404, 78, 2033, '0000-00-00 00:00:00'),
(405, 145, 2033, '0000-00-00 00:00:00'),
(406, 8, 2031, '0000-00-00 00:00:00'),
(407, 41, 2031, '0000-00-00 00:00:00'),
(408, 80, 2031, '0000-00-00 00:00:00'),
(409, 90, 2031, '0000-00-00 00:00:00'),
(410, 146, 2031, '0000-00-00 00:00:00'),
(411, 7, 2028, '0000-00-00 00:00:00'),
(412, 6, 2025, '0000-00-00 00:00:00'),
(413, 1, 2045, '0000-00-00 00:00:00'),
(414, 1, 2041, '0000-00-00 00:00:00'),
(415, 6, 2024, '0000-00-00 00:00:00'),
(416, 9, 2024, '0000-00-00 00:00:00'),
(417, 63, 2024, '0000-00-00 00:00:00'),
(418, 86, 2024, '0000-00-00 00:00:00'),
(419, 149, 2024, '0000-00-00 00:00:00'),
(420, 8, 2050, '0000-00-00 00:00:00'),
(421, 9, 2050, '0000-00-00 00:00:00'),
(422, 63, 2050, '0000-00-00 00:00:00'),
(423, 86, 2050, '0000-00-00 00:00:00'),
(424, 1, 2047, '0000-00-00 00:00:00'),
(425, 1, 2046, '0000-00-00 00:00:00'),
(426, 6, 2037, '0000-00-00 00:00:00'),
(427, 1, 2038, '0000-00-00 00:00:00'),
(428, 9, 2038, '0000-00-00 00:00:00'),
(429, 11, 2038, '0000-00-00 00:00:00'),
(430, 12, 2038, '0000-00-00 00:00:00'),
(431, 13, 2038, '0000-00-00 00:00:00'),
(432, 18, 2038, '0000-00-00 00:00:00'),
(433, 19, 2038, '0000-00-00 00:00:00'),
(434, 63, 2038, '0000-00-00 00:00:00'),
(435, 8, 2051, '0000-00-00 00:00:00'),
(436, 9, 2051, '0000-00-00 00:00:00'),
(437, 10, 2051, '0000-00-00 00:00:00'),
(438, 63, 2051, '0000-00-00 00:00:00'),
(439, 140, 2051, '0000-00-00 00:00:00'),
(440, 1, 2044, '0000-00-00 00:00:00'),
(441, 1, 2042, '0000-00-00 00:00:00'),
(442, 1, 2059, '0000-00-00 00:00:00'),
(443, 6, 2053, '0000-00-00 00:00:00'),
(444, 1, 2052, '0000-00-00 00:00:00'),
(445, 41, 2052, '0000-00-00 00:00:00'),
(446, 49, 2052, '0000-00-00 00:00:00'),
(447, 54, 2052, '0000-00-00 00:00:00'),
(448, 113, 2052, '0000-00-00 00:00:00'),
(449, 1, 2060, '0000-00-00 00:00:00'),
(450, 1, 2058, '0000-00-00 00:00:00'),
(451, 1, 2057, '0000-00-00 00:00:00'),
(452, 1, 2056, '0000-00-00 00:00:00'),
(453, 11, 2039, '0000-00-00 00:00:00'),
(454, 12, 2039, '0000-00-00 00:00:00'),
(455, 13, 2039, '0000-00-00 00:00:00'),
(456, 150, 2039, '0000-00-00 00:00:00'),
(457, 11, 2074, '0000-00-00 00:00:00'),
(458, 12, 2074, '0000-00-00 00:00:00'),
(459, 13, 2074, '0000-00-00 00:00:00'),
(460, 1, 2055, '0000-00-00 00:00:00'),
(461, 9, 2055, '0000-00-00 00:00:00'),
(462, 10, 2055, '0000-00-00 00:00:00'),
(463, 63, 2055, '0000-00-00 00:00:00'),
(464, 136, 2055, '0000-00-00 00:00:00'),
(465, 6, 2072, '0000-00-00 00:00:00'),
(466, 41, 2054, '0000-00-00 00:00:00'),
(467, 54, 2054, '0000-00-00 00:00:00'),
(468, 62, 2054, '0000-00-00 00:00:00'),
(469, 151, 2054, '0000-00-00 00:00:00'),
(470, 1, 2089, '0000-00-00 00:00:00'),
(471, 1, 2088, '0000-00-00 00:00:00'),
(472, 9, 2088, '0000-00-00 00:00:00'),
(473, 29, 2088, '0000-00-00 00:00:00'),
(474, 63, 2088, '0000-00-00 00:00:00'),
(475, 96, 2088, '0000-00-00 00:00:00'),
(476, 136, 2088, '0000-00-00 00:00:00'),
(477, 6, 2071, '0000-00-00 00:00:00'),
(478, 1, 2087, '0000-00-00 00:00:00'),
(479, 6, 2070, '0000-00-00 00:00:00'),
(480, 1, 2073, '0000-00-00 00:00:00'),
(481, 8, 2073, '0000-00-00 00:00:00'),
(482, 9, 2073, '0000-00-00 00:00:00'),
(483, 11, 2073, '0000-00-00 00:00:00'),
(484, 63, 2073, '0000-00-00 00:00:00'),
(485, 86, 2073, '0000-00-00 00:00:00'),
(486, 152, 2073, '0000-00-00 00:00:00'),
(487, 7, 2076, '0000-00-00 00:00:00'),
(488, 1, 2086, '0000-00-00 00:00:00'),
(489, 6, 2069, '0000-00-00 00:00:00'),
(490, 8, 2085, '0000-00-00 00:00:00'),
(491, 41, 2085, '0000-00-00 00:00:00'),
(492, 80, 2085, '0000-00-00 00:00:00'),
(493, 90, 2085, '0000-00-00 00:00:00'),
(494, 153, 2085, '0000-00-00 00:00:00'),
(495, 1, 2084, '0000-00-00 00:00:00'),
(496, 18, 2084, '0000-00-00 00:00:00'),
(497, 20, 2084, '0000-00-00 00:00:00'),
(498, 21, 2084, '0000-00-00 00:00:00'),
(499, 46, 2084, '0000-00-00 00:00:00'),
(500, 47, 2084, '0000-00-00 00:00:00'),
(501, 1, 2083, '0000-00-00 00:00:00'),
(502, 1, 2082, '0000-00-00 00:00:00'),
(503, 1, 2081, '0000-00-00 00:00:00'),
(504, 8, 2081, '0000-00-00 00:00:00'),
(505, 46, 2081, '0000-00-00 00:00:00'),
(506, 47, 2081, '0000-00-00 00:00:00'),
(507, 154, 2081, '0000-00-00 00:00:00'),
(508, 1, 2080, '0000-00-00 00:00:00'),
(509, 8, 2080, '0000-00-00 00:00:00'),
(510, 18, 2080, '0000-00-00 00:00:00'),
(511, 154, 2080, '0000-00-00 00:00:00'),
(512, 155, 2080, '0000-00-00 00:00:00'),
(513, 1, 2079, '0000-00-00 00:00:00'),
(514, 6, 2061, '0000-00-00 00:00:00'),
(515, 98, 2061, '0000-00-00 00:00:00'),
(516, 99, 2061, '0000-00-00 00:00:00'),
(517, 1, 2067, '0000-00-00 00:00:00'),
(518, 6, 2067, '0000-00-00 00:00:00'),
(519, 18, 2067, '0000-00-00 00:00:00'),
(520, 87, 2067, '0000-00-00 00:00:00'),
(521, 6, 2066, '0000-00-00 00:00:00'),
(522, 54, 2066, '0000-00-00 00:00:00'),
(523, 156, 2066, '0000-00-00 00:00:00'),
(524, 54, 2065, '0000-00-00 00:00:00'),
(525, 157, 2065, '0000-00-00 00:00:00'),
(526, 158, 2065, '0000-00-00 00:00:00'),
(527, 1, 2064, '0000-00-00 00:00:00'),
(528, 1, 2078, '0000-00-00 00:00:00'),
(529, 1, 2075, '0000-00-00 00:00:00'),
(530, 18, 2075, '0000-00-00 00:00:00'),
(531, 20, 2075, '0000-00-00 00:00:00'),
(532, 54, 2075, '0000-00-00 00:00:00'),
(533, 159, 2075, '0000-00-00 00:00:00'),
(534, 6, 2068, '0000-00-00 00:00:00'),
(535, 8, 2077, '0000-00-00 00:00:00'),
(536, 9, 2077, '0000-00-00 00:00:00'),
(537, 29, 2077, '0000-00-00 00:00:00'),
(538, 63, 2077, '0000-00-00 00:00:00'),
(539, 96, 2077, '0000-00-00 00:00:00'),
(540, 100, 2077, '0000-00-00 00:00:00'),
(541, 115, 2077, '0000-00-00 00:00:00'),
(542, 1, 2063, '0000-00-00 00:00:00'),
(543, 47, 2063, '0000-00-00 00:00:00'),
(544, 160, 2063, '0000-00-00 00:00:00'),
(545, 1, 2062, '0000-00-00 00:00:00'),
(546, 10, 2062, '0000-00-00 00:00:00'),
(547, 29, 2062, '0000-00-00 00:00:00'),
(548, 94, 2062, '0000-00-00 00:00:00'),
(549, 95, 2062, '0000-00-00 00:00:00'),
(550, 96, 2062, '0000-00-00 00:00:00'),
(551, 1, 2090, '0000-00-00 00:00:00'),
(552, 16, 2090, '0000-00-00 00:00:00'),
(553, 54, 2090, '0000-00-00 00:00:00'),
(554, 1, 2091, '0000-00-00 00:00:00'),
(555, 18, 2091, '0000-00-00 00:00:00'),
(556, 155, 2091, '0000-00-00 00:00:00'),
(557, 18, 2092, '0000-00-00 00:00:00'),
(558, 19, 2092, '0000-00-00 00:00:00'),
(559, 54, 2092, '0000-00-00 00:00:00'),
(560, 20, 2093, '0000-00-00 00:00:00'),
(561, 54, 2093, '0000-00-00 00:00:00'),
(562, 161, 2093, '0000-00-00 00:00:00'),
(563, 1, 2094, '0000-00-00 00:00:00'),
(564, 36, 2094, '0000-00-00 00:00:00'),
(565, 46, 2096, '0000-00-00 00:00:00'),
(566, 47, 2096, '0000-00-00 00:00:00'),
(567, 163, 2096, '0000-00-00 00:00:00'),
(568, 7, 2097, '0000-00-00 00:00:00'),
(569, 1, 2098, '0000-00-00 00:00:00'),
(570, 46, 2098, '0000-00-00 00:00:00'),
(571, 47, 2098, '0000-00-00 00:00:00'),
(572, 163, 2098, '0000-00-00 00:00:00'),
(573, 1, 2100, '0000-00-00 00:00:00'),
(574, 9, 2100, '0000-00-00 00:00:00'),
(575, 20, 2100, '0000-00-00 00:00:00'),
(576, 21, 2100, '0000-00-00 00:00:00'),
(577, 63, 2100, '0000-00-00 00:00:00'),
(578, 6, 2105, '0000-00-00 00:00:00'),
(579, 6, 2104, '0000-00-00 00:00:00'),
(580, 1, 2099, '0000-00-00 00:00:00'),
(581, 1, 2120, '0000-00-00 00:00:00'),
(582, 6, 2103, '0000-00-00 00:00:00'),
(583, 1, 2116, '0000-00-00 00:00:00'),
(584, 1, 2119, '0000-00-00 00:00:00'),
(585, 41, 2101, '0000-00-00 00:00:00'),
(586, 54, 2101, '0000-00-00 00:00:00'),
(587, 113, 2101, '0000-00-00 00:00:00'),
(588, 1, 2118, '0000-00-00 00:00:00'),
(589, 1, 2114, '0000-00-00 00:00:00'),
(590, 6, 2102, '0000-00-00 00:00:00'),
(591, 1, 2117, '0000-00-00 00:00:00'),
(592, 18, 2117, '0000-00-00 00:00:00'),
(593, 60, 2117, '0000-00-00 00:00:00'),
(594, 154, 2117, '0000-00-00 00:00:00'),
(595, 155, 2117, '0000-00-00 00:00:00'),
(596, 1, 2115, '0000-00-00 00:00:00'),
(597, 41, 2115, '0000-00-00 00:00:00'),
(598, 42, 2115, '0000-00-00 00:00:00'),
(599, 1, 2113, '0000-00-00 00:00:00'),
(600, 1, 2112, '0000-00-00 00:00:00'),
(601, 6, 2107, '0000-00-00 00:00:00'),
(602, 7, 2108, '0000-00-00 00:00:00'),
(603, 1, 2111, '0000-00-00 00:00:00'),
(604, 9, 2111, '0000-00-00 00:00:00'),
(605, 20, 2111, '0000-00-00 00:00:00'),
(606, 21, 2111, '0000-00-00 00:00:00'),
(607, 63, 2111, '0000-00-00 00:00:00'),
(608, 1, 2110, '0000-00-00 00:00:00'),
(609, 9, 2110, '0000-00-00 00:00:00'),
(610, 18, 2110, '0000-00-00 00:00:00'),
(611, 60, 2110, '0000-00-00 00:00:00'),
(612, 63, 2110, '0000-00-00 00:00:00'),
(613, 6, 2106, '0000-00-00 00:00:00'),
(614, 1, 2109, '0000-00-00 00:00:00'),
(615, 9, 2109, '0000-00-00 00:00:00'),
(616, 29, 2109, '0000-00-00 00:00:00'),
(617, 63, 2109, '0000-00-00 00:00:00'),
(618, 96, 2109, '0000-00-00 00:00:00'),
(619, 1, 2126, '0000-00-00 00:00:00'),
(620, 9, 2126, '0000-00-00 00:00:00'),
(621, 36, 2126, '0000-00-00 00:00:00'),
(622, 63, 2126, '0000-00-00 00:00:00'),
(623, 1, 2123, '0000-00-00 00:00:00'),
(624, 1, 2122, '0000-00-00 00:00:00'),
(625, 1, 2124, '0000-00-00 00:00:00'),
(626, 1, 2125, '0000-00-00 00:00:00'),
(627, 6, 2121, '0000-00-00 00:00:00'),
(628, 1, 2128, '0000-00-00 00:00:00'),
(629, 1, 2131, '0000-00-00 00:00:00'),
(630, 41, 2131, '0000-00-00 00:00:00'),
(631, 78, 2131, '0000-00-00 00:00:00'),
(632, 1, 2129, '0000-00-00 00:00:00'),
(633, 1, 2150, '0000-00-00 00:00:00'),
(634, 9, 2150, '0000-00-00 00:00:00'),
(635, 36, 2150, '0000-00-00 00:00:00'),
(636, 63, 2150, '0000-00-00 00:00:00'),
(637, 1, 2151, '0000-00-00 00:00:00'),
(638, 47, 2151, '0000-00-00 00:00:00'),
(639, 160, 2151, '0000-00-00 00:00:00'),
(640, 1, 2152, '0000-00-00 00:00:00'),
(641, 9, 2152, '0000-00-00 00:00:00'),
(642, 63, 2152, '0000-00-00 00:00:00'),
(643, 100, 2152, '0000-00-00 00:00:00'),
(644, 1, 2146, '0000-00-00 00:00:00'),
(645, 29, 2127, '0000-00-00 00:00:00'),
(646, 94, 2127, '0000-00-00 00:00:00'),
(647, 95, 2127, '0000-00-00 00:00:00'),
(648, 96, 2127, '0000-00-00 00:00:00'),
(649, 6, 2130, '0000-00-00 00:00:00'),
(650, 1, 2145, '0000-00-00 00:00:00'),
(651, 1, 2144, '0000-00-00 00:00:00'),
(652, 41, 2133, '0000-00-00 00:00:00'),
(653, 54, 2133, '0000-00-00 00:00:00'),
(654, 113, 2133, '0000-00-00 00:00:00'),
(655, 7, 2140, '0000-00-00 00:00:00'),
(656, 6, 2136, '0000-00-00 00:00:00'),
(657, 1, 2143, '0000-00-00 00:00:00'),
(658, 6, 2135, '0000-00-00 00:00:00'),
(659, 6, 2134, '0000-00-00 00:00:00'),
(660, 11, 2148, '0000-00-00 00:00:00'),
(661, 12, 2148, '0000-00-00 00:00:00'),
(662, 13, 2148, '0000-00-00 00:00:00'),
(663, 6, 2154, '0000-00-00 00:00:00'),
(664, 1, 2158, '0000-00-00 00:00:00'),
(665, 8, 2158, '0000-00-00 00:00:00'),
(666, 9, 2158, '0000-00-00 00:00:00'),
(667, 63, 2158, '0000-00-00 00:00:00'),
(668, 86, 2158, '0000-00-00 00:00:00'),
(669, 1, 2142, '0000-00-00 00:00:00'),
(670, 8, 2142, '0000-00-00 00:00:00'),
(671, 18, 2142, '0000-00-00 00:00:00'),
(672, 46, 2142, '0000-00-00 00:00:00'),
(673, 154, 2142, '0000-00-00 00:00:00'),
(674, 155, 2142, '0000-00-00 00:00:00'),
(675, 1, 2132, '0000-00-00 00:00:00'),
(676, 1, 2141, '0000-00-00 00:00:00'),
(677, 41, 2138, '0000-00-00 00:00:00'),
(678, 54, 2138, '0000-00-00 00:00:00'),
(679, 62, 2138, '0000-00-00 00:00:00'),
(680, 1, 2139, '0000-00-00 00:00:00'),
(681, 41, 2139, '0000-00-00 00:00:00'),
(682, 54, 2139, '0000-00-00 00:00:00'),
(683, 62, 2139, '0000-00-00 00:00:00'),
(684, 151, 2139, '0000-00-00 00:00:00'),
(685, 1, 2149, '0000-00-00 00:00:00'),
(686, 9, 2149, '0000-00-00 00:00:00'),
(687, 10, 2149, '0000-00-00 00:00:00'),
(688, 63, 2149, '0000-00-00 00:00:00'),
(689, 9, 2147, '0000-00-00 00:00:00'),
(690, 49, 2147, '0000-00-00 00:00:00'),
(691, 63, 2147, '0000-00-00 00:00:00'),
(692, 86, 2147, '0000-00-00 00:00:00'),
(693, 1, 2157, '0000-00-00 00:00:00'),
(694, 1, 2156, '0000-00-00 00:00:00'),
(695, 1, 2155, '0000-00-00 00:00:00'),
(696, 6, 2153, '0000-00-00 00:00:00'),
(697, 1, 2159, '0000-00-00 00:00:00'),
(698, 16, 2159, '0000-00-00 00:00:00'),
(699, 17, 2159, '0000-00-00 00:00:00'),
(700, 1, 2160, '0000-00-00 00:00:00'),
(701, 8, 2160, '0000-00-00 00:00:00'),
(702, 16, 2160, '0000-00-00 00:00:00'),
(703, 154, 2160, '0000-00-00 00:00:00'),
(704, 11, 2163, '0000-00-00 00:00:00'),
(705, 12, 2163, '0000-00-00 00:00:00'),
(706, 13, 2163, '0000-00-00 00:00:00'),
(707, 1, 2166, '0000-00-00 00:00:00'),
(708, 9, 2166, '0000-00-00 00:00:00'),
(709, 10, 2166, '0000-00-00 00:00:00'),
(710, 63, 2166, '0000-00-00 00:00:00'),
(711, 1, 2161, '0000-00-00 00:00:00'),
(712, 8, 2161, '0000-00-00 00:00:00'),
(713, 9, 2161, '0000-00-00 00:00:00'),
(714, 63, 2161, '0000-00-00 00:00:00'),
(715, 86, 2161, '0000-00-00 00:00:00'),
(716, 7, 2165, '0000-00-00 00:00:00'),
(717, 7, 2164, '0000-00-00 00:00:00'),
(718, 13, 2162, '0000-00-00 00:00:00'),
(719, 94, 2162, '0000-00-00 00:00:00'),
(720, 165, 2162, '0000-00-00 00:00:00'),
(721, 1, 2186, '0000-00-00 00:00:00'),
(722, 1, 2185, '0000-00-00 00:00:00'),
(723, 1, 2184, '0000-00-00 00:00:00'),
(724, 1, 2183, '0000-00-00 00:00:00'),
(725, 1, 2182, '0000-00-00 00:00:00'),
(726, 8, 2181, '0000-00-00 00:00:00'),
(727, 9, 2181, '0000-00-00 00:00:00'),
(728, 63, 2181, '0000-00-00 00:00:00'),
(729, 100, 2181, '0000-00-00 00:00:00'),
(730, 6, 2170, '0000-00-00 00:00:00'),
(731, 6, 2169, '0000-00-00 00:00:00'),
(732, 1, 2180, '0000-00-00 00:00:00'),
(733, 1, 2179, '0000-00-00 00:00:00'),
(734, 1, 2178, '0000-00-00 00:00:00'),
(735, 1, 2177, '0000-00-00 00:00:00'),
(736, 16, 2177, '0000-00-00 00:00:00'),
(737, 153, 2177, '0000-00-00 00:00:00'),
(738, 166, 2177, '0000-00-00 00:00:00'),
(739, 1, 2176, '0000-00-00 00:00:00'),
(740, 16, 2176, '0000-00-00 00:00:00'),
(741, 17, 2176, '0000-00-00 00:00:00'),
(742, 1, 2175, '0000-00-00 00:00:00'),
(743, 7, 2171, '0000-00-00 00:00:00'),
(744, 6, 2167, '0000-00-00 00:00:00'),
(745, 1, 2172, '0000-00-00 00:00:00'),
(746, 6, 2168, '0000-00-00 00:00:00'),
(747, 1, 2174, '0000-00-00 00:00:00'),
(748, 9, 2174, '0000-00-00 00:00:00'),
(749, 10, 2174, '0000-00-00 00:00:00'),
(750, 63, 2174, '0000-00-00 00:00:00'),
(751, 136, 2174, '0000-00-00 00:00:00'),
(752, 1, 2173, '0000-00-00 00:00:00'),
(753, 9, 2173, '0000-00-00 00:00:00'),
(754, 29, 2173, '0000-00-00 00:00:00'),
(755, 63, 2173, '0000-00-00 00:00:00'),
(756, 96, 2173, '0000-00-00 00:00:00'),
(757, 134, 2173, '0000-00-00 00:00:00'),
(758, 1, 2187, '0000-00-00 00:00:00'),
(759, 1, 2190, '0000-00-00 00:00:00'),
(760, 16, 2190, '0000-00-00 00:00:00'),
(761, 54, 2190, '0000-00-00 00:00:00'),
(762, 1, 2189, '0000-00-00 00:00:00'),
(763, 1, 2188, '0000-00-00 00:00:00'),
(764, 1, 2191, '0000-00-00 00:00:00'),
(765, 6, 2192, '0000-00-00 00:00:00'),
(766, 1, 2195, '0000-00-00 00:00:00'),
(767, 18, 2196, '0000-00-00 00:00:00'),
(768, 54, 2196, '0000-00-00 00:00:00'),
(769, 60, 2196, '0000-00-00 00:00:00'),
(770, 1, 2197, '0000-00-00 00:00:00'),
(771, 20, 2197, '0000-00-00 00:00:00'),
(772, 54, 2197, '0000-00-00 00:00:00'),
(773, 65, 2197, '0000-00-00 00:00:00'),
(774, 1, 2198, '0000-00-00 00:00:00'),
(775, 1, 2206, '0000-00-00 00:00:00'),
(776, 6, 2206, '0000-00-00 00:00:00'),
(777, 20, 2206, '0000-00-00 00:00:00'),
(778, 65, 2206, '0000-00-00 00:00:00'),
(779, 6, 2204, '0000-00-00 00:00:00'),
(780, 29, 2205, '0000-00-00 00:00:00'),
(781, 94, 2205, '0000-00-00 00:00:00'),
(782, 95, 2205, '0000-00-00 00:00:00'),
(783, 96, 2205, '0000-00-00 00:00:00'),
(784, 1, 2199, '0000-00-00 00:00:00'),
(785, 21, 2199, '0000-00-00 00:00:00'),
(786, 65, 2199, '0000-00-00 00:00:00'),
(787, 7, 2194, '0000-00-00 00:00:00'),
(788, 7, 2193, '0000-00-00 00:00:00'),
(789, 1, 2203, '0000-00-00 00:00:00'),
(790, 1, 2202, '0000-00-00 00:00:00'),
(791, 47, 2202, '0000-00-00 00:00:00'),
(792, 73, 2202, '0000-00-00 00:00:00'),
(793, 9, 2201, '0000-00-00 00:00:00'),
(794, 10, 2201, '0000-00-00 00:00:00'),
(795, 18, 2201, '0000-00-00 00:00:00'),
(796, 54, 2201, '0000-00-00 00:00:00'),
(797, 63, 2201, '0000-00-00 00:00:00'),
(798, 1, 2200, '0000-00-00 00:00:00'),
(799, 1, 2208, '0000-00-00 00:00:00'),
(800, 1, 2207, '0000-00-00 00:00:00'),
(801, 1, 2209, '0000-00-00 00:00:00'),
(802, 9, 2209, '0000-00-00 00:00:00'),
(803, 63, 2209, '0000-00-00 00:00:00'),
(804, 167, 2209, '0000-00-00 00:00:00'),
(805, 168, 2209, '0000-00-00 00:00:00'),
(806, 18, 2210, '0000-00-00 00:00:00'),
(807, 60, 2210, '0000-00-00 00:00:00'),
(808, 169, 2210, '0000-00-00 00:00:00'),
(809, 20, 2211, '0000-00-00 00:00:00'),
(810, 21, 2211, '0000-00-00 00:00:00'),
(811, 65, 2211, '0000-00-00 00:00:00'),
(812, 170, 2211, '0000-00-00 00:00:00'),
(813, 9, 2215, '0000-00-00 00:00:00'),
(814, 36, 2215, '0000-00-00 00:00:00'),
(815, 63, 2215, '0000-00-00 00:00:00'),
(816, 162, 2215, '0000-00-00 00:00:00'),
(817, 11, 2212, '0000-00-00 00:00:00'),
(818, 12, 2212, '0000-00-00 00:00:00'),
(819, 13, 2212, '0000-00-00 00:00:00'),
(820, 11, 2217, '0000-00-00 00:00:00'),
(821, 12, 2217, '0000-00-00 00:00:00'),
(822, 13, 2217, '0000-00-00 00:00:00'),
(823, 1, 2225, '0000-00-00 00:00:00'),
(824, 6, 2225, '0000-00-00 00:00:00'),
(825, 20, 2225, '0000-00-00 00:00:00'),
(826, 1, 2227, '0000-00-00 00:00:00'),
(827, 18, 2227, '0000-00-00 00:00:00'),
(828, 60, 2227, '0000-00-00 00:00:00'),
(829, 8, 2223, '0000-00-00 00:00:00'),
(830, 16, 2223, '0000-00-00 00:00:00'),
(831, 20, 2223, '0000-00-00 00:00:00'),
(832, 1, 2218, '0000-00-00 00:00:00'),
(833, 1, 2224, '0000-00-00 00:00:00'),
(834, 1, 2222, '0000-00-00 00:00:00'),
(835, 6, 2219, '0000-00-00 00:00:00'),
(836, 1, 2221, '0000-00-00 00:00:00'),
(837, 1, 2220, '0000-00-00 00:00:00'),
(838, 18, 2226, '0000-00-00 00:00:00'),
(839, 19, 2226, '0000-00-00 00:00:00'),
(840, 171, 2226, '0000-00-00 00:00:00'),
(841, 172, 2226, '0000-00-00 00:00:00'),
(842, 6, 2233, '0000-00-00 00:00:00'),
(843, 1, 2242, '0000-00-00 00:00:00'),
(844, 7, 2236, '0000-00-00 00:00:00'),
(845, 1, 2230, '0000-00-00 00:00:00'),
(846, 6, 2232, '0000-00-00 00:00:00'),
(847, 6, 2231, '0000-00-00 00:00:00'),
(848, 1, 2239, '0000-00-00 00:00:00'),
(849, 1, 2238, '0000-00-00 00:00:00'),
(850, 1, 2240, '0000-00-00 00:00:00'),
(851, 29, 2229, '0000-00-00 00:00:00'),
(852, 94, 2229, '0000-00-00 00:00:00'),
(853, 95, 2229, '0000-00-00 00:00:00'),
(854, 96, 2229, '0000-00-00 00:00:00'),
(855, 1, 2243, '0000-00-00 00:00:00'),
(856, 1, 2241, '0000-00-00 00:00:00'),
(857, 41, 2237, '0000-00-00 00:00:00'),
(858, 80, 2237, '0000-00-00 00:00:00'),
(859, 90, 2237, '0000-00-00 00:00:00'),
(860, 136, 2237, '0000-00-00 00:00:00'),
(861, 1, 2266, '0000-00-00 00:00:00'),
(862, 1, 2260, '0000-00-00 00:00:00'),
(863, 1, 2245, '0000-00-00 00:00:00'),
(864, 8, 2256, '0000-00-00 00:00:00'),
(865, 20, 2256, '0000-00-00 00:00:00'),
(866, 21, 2256, '0000-00-00 00:00:00'),
(867, 1, 2255, '0000-00-00 00:00:00'),
(868, 8, 2254, '0000-00-00 00:00:00'),
(869, 41, 2254, '0000-00-00 00:00:00'),
(870, 42, 2254, '0000-00-00 00:00:00'),
(871, 1, 2253, '0000-00-00 00:00:00'),
(872, 9, 2253, '0000-00-00 00:00:00'),
(873, 10, 2253, '0000-00-00 00:00:00'),
(874, 63, 2253, '0000-00-00 00:00:00'),
(875, 136, 2253, '0000-00-00 00:00:00'),
(876, 1, 2267, '0000-00-00 00:00:00'),
(877, 20, 2267, '0000-00-00 00:00:00'),
(878, 21, 2267, '0000-00-00 00:00:00'),
(879, 1, 2268, '0000-00-00 00:00:00'),
(880, 20, 2268, '0000-00-00 00:00:00'),
(881, 65, 2268, '0000-00-00 00:00:00'),
(882, 1, 2269, '0000-00-00 00:00:00'),
(883, 41, 2269, '0000-00-00 00:00:00'),
(884, 42, 2269, '0000-00-00 00:00:00'),
(885, 151, 2269, '0000-00-00 00:00:00'),
(886, 1, 2257, '0000-00-00 00:00:00'),
(887, 1, 2271, '0000-00-00 00:00:00'),
(888, 9, 2271, '0000-00-00 00:00:00'),
(889, 29, 2271, '0000-00-00 00:00:00'),
(890, 63, 2271, '0000-00-00 00:00:00'),
(891, 96, 2271, '0000-00-00 00:00:00'),
(892, 11, 2235, '0000-00-00 00:00:00'),
(893, 12, 2235, '0000-00-00 00:00:00'),
(894, 13, 2235, '0000-00-00 00:00:00'),
(895, 1, 2265, '0000-00-00 00:00:00'),
(896, 1, 2263, '0000-00-00 00:00:00'),
(897, 1, 2262, '0000-00-00 00:00:00'),
(898, 6, 2250, '0000-00-00 00:00:00'),
(899, 29, 2244, '0000-00-00 00:00:00'),
(900, 94, 2244, '0000-00-00 00:00:00'),
(901, 95, 2244, '0000-00-00 00:00:00'),
(902, 96, 2244, '0000-00-00 00:00:00'),
(903, 6, 2248, '0000-00-00 00:00:00'),
(904, 6, 2247, '0000-00-00 00:00:00'),
(905, 1, 2246, '0000-00-00 00:00:00'),
(906, 6, 2246, '0000-00-00 00:00:00'),
(907, 65, 2246, '0000-00-00 00:00:00'),
(908, 6, 2249, '0000-00-00 00:00:00'),
(909, 6, 2275, '0000-00-00 00:00:00'),
(910, 1, 2284, '0000-00-00 00:00:00'),
(911, 1, 2280, '0000-00-00 00:00:00'),
(912, 6, 2274, '0000-00-00 00:00:00'),
(913, 6, 2273, '0000-00-00 00:00:00'),
(914, 7, 2278, '0000-00-00 00:00:00'),
(915, 1, 2279, '0000-00-00 00:00:00'),
(916, 11, 2276, '0000-00-00 00:00:00'),
(917, 12, 2276, '0000-00-00 00:00:00'),
(918, 13, 2276, '0000-00-00 00:00:00'),
(919, 11, 2234, '0000-00-00 00:00:00'),
(920, 12, 2234, '0000-00-00 00:00:00'),
(921, 13, 2234, '0000-00-00 00:00:00'),
(922, 11, 2252, '0000-00-00 00:00:00'),
(923, 12, 2252, '0000-00-00 00:00:00'),
(924, 13, 2252, '0000-00-00 00:00:00'),
(925, 1, 2251, '0000-00-00 00:00:00'),
(926, 11, 2251, '0000-00-00 00:00:00'),
(927, 12, 2251, '0000-00-00 00:00:00'),
(928, 13, 2251, '0000-00-00 00:00:00'),
(929, 17, 2251, '0000-00-00 00:00:00'),
(930, 1, 2282, '0000-00-00 00:00:00'),
(931, 41, 2282, '0000-00-00 00:00:00'),
(932, 80, 2282, '0000-00-00 00:00:00'),
(933, 90, 2282, '0000-00-00 00:00:00'),
(934, 1, 2259, '0000-00-00 00:00:00'),
(935, 11, 2277, '0000-00-00 00:00:00'),
(936, 12, 2277, '0000-00-00 00:00:00'),
(937, 13, 2277, '0000-00-00 00:00:00'),
(938, 1, 2285, '0000-00-00 00:00:00'),
(939, 46, 2285, '0000-00-00 00:00:00'),
(940, 47, 2285, '0000-00-00 00:00:00'),
(941, 136, 2285, '0000-00-00 00:00:00'),
(942, 1, 2286, '0000-00-00 00:00:00'),
(943, 20, 2286, '0000-00-00 00:00:00'),
(944, 47, 2286, '0000-00-00 00:00:00'),
(945, 54, 2286, '0000-00-00 00:00:00'),
(946, 73, 2286, '0000-00-00 00:00:00'),
(947, 6, 2287, '0000-00-00 00:00:00'),
(948, 6, 2289, '0000-00-00 00:00:00'),
(949, 1, 2264, '0000-00-00 00:00:00'),
(950, 41, 2264, '0000-00-00 00:00:00'),
(951, 78, 2264, '0000-00-00 00:00:00'),
(952, 1, 2261, '0000-00-00 00:00:00'),
(953, 20, 2261, '0000-00-00 00:00:00'),
(954, 21, 2261, '0000-00-00 00:00:00'),
(955, 1, 2258, '0000-00-00 00:00:00'),
(956, 1, 2283, '0000-00-00 00:00:00'),
(957, 1, 2281, '0000-00-00 00:00:00'),
(958, 1, 2272, '0000-00-00 00:00:00'),
(959, 18, 2272, '0000-00-00 00:00:00'),
(960, 19, 2272, '0000-00-00 00:00:00'),
(961, 29, 2272, '0000-00-00 00:00:00'),
(962, 94, 2272, '0000-00-00 00:00:00'),
(963, 95, 2272, '0000-00-00 00:00:00'),
(964, 96, 2272, '0000-00-00 00:00:00'),
(965, 1, 2288, '0000-00-00 00:00:00'),
(966, 1, 2292, '0000-00-00 00:00:00'),
(967, 1, 2291, '0000-00-00 00:00:00'),
(968, 1, 2290, '0000-00-00 00:00:00'),
(969, 1, 2293, '0000-00-00 00:00:00'),
(970, 1, 2294, '0000-00-00 00:00:00'),
(971, 9, 2294, '0000-00-00 00:00:00'),
(972, 63, 2294, '0000-00-00 00:00:00'),
(973, 100, 2294, '0000-00-00 00:00:00'),
(974, 1, 2295, '0000-00-00 00:00:00'),
(975, 173, 2295, '0000-00-00 00:00:00'),
(976, 174, 2295, '0000-00-00 00:00:00'),
(977, 1, 2296, '0000-00-00 00:00:00'),
(978, 18, 2296, '0000-00-00 00:00:00'),
(979, 19, 2296, '0000-00-00 00:00:00'),
(980, 1, 2306, '0000-00-00 00:00:00'),
(981, 1, 2301, '0000-00-00 00:00:00'),
(982, 1, 2300, '0000-00-00 00:00:00'),
(983, 1, 2309, '0000-00-00 00:00:00'),
(984, 76, 2309, '0000-00-00 00:00:00'),
(985, 160, 2309, '0000-00-00 00:00:00'),
(986, 11, 2299, '0000-00-00 00:00:00'),
(987, 12, 2299, '0000-00-00 00:00:00'),
(988, 13, 2299, '0000-00-00 00:00:00'),
(989, 6, 2297, '0000-00-00 00:00:00'),
(990, 11, 2298, '0000-00-00 00:00:00'),
(991, 12, 2298, '0000-00-00 00:00:00'),
(992, 13, 2298, '0000-00-00 00:00:00'),
(993, 1, 2308, '0000-00-00 00:00:00'),
(994, 1, 2307, '0000-00-00 00:00:00'),
(995, 1, 2302, '0000-00-00 00:00:00'),
(996, 1, 2305, '0000-00-00 00:00:00'),
(997, 1, 2304, '0000-00-00 00:00:00'),
(998, 1, 2303, '0000-00-00 00:00:00'),
(999, 1, 2314, '0000-00-00 00:00:00'),
(1000, 1, 2315, '0000-00-00 00:00:00'),
(1001, 20, 2315, '0000-00-00 00:00:00'),
(1002, 65, 2315, '0000-00-00 00:00:00'),
(1003, 1, 2333, '0000-00-00 00:00:00'),
(1004, 47, 2333, '0000-00-00 00:00:00'),
(1005, 61, 2333, '0000-00-00 00:00:00'),
(1006, 65, 2333, '0000-00-00 00:00:00'),
(1007, 175, 2333, '0000-00-00 00:00:00'),
(1008, 1, 2325, '0000-00-00 00:00:00'),
(1009, 1, 2331, '0000-00-00 00:00:00'),
(1010, 1, 2332, '0000-00-00 00:00:00'),
(1011, 1, 2330, '0000-00-00 00:00:00'),
(1012, 1, 2311, '0000-00-00 00:00:00'),
(1013, 11, 2320, '0000-00-00 00:00:00'),
(1014, 12, 2320, '0000-00-00 00:00:00'),
(1015, 13, 2320, '0000-00-00 00:00:00'),
(1016, 1, 2312, '0000-00-00 00:00:00'),
(1017, 1, 2313, '0000-00-00 00:00:00'),
(1018, 6, 2319, '0000-00-00 00:00:00'),
(1019, 1, 2329, '0000-00-00 00:00:00'),
(1020, 6, 2318, '0000-00-00 00:00:00'),
(1021, 1, 2328, '0000-00-00 00:00:00'),
(1022, 1, 2327, '0000-00-00 00:00:00'),
(1023, 1, 2326, '0000-00-00 00:00:00'),
(1024, 1, 2339, '0000-00-00 00:00:00'),
(1025, 6, 2335, '0000-00-00 00:00:00'),
(1026, 1, 2338, '0000-00-00 00:00:00'),
(1027, 1, 2337, '0000-00-00 00:00:00'),
(1028, 1, 2336, '0000-00-00 00:00:00'),
(1029, 1, 2340, '0000-00-00 00:00:00'),
(1030, 47, 2340, '0000-00-00 00:00:00'),
(1031, 73, 2340, '0000-00-00 00:00:00'),
(1032, 1, 2343, '0000-00-00 00:00:00'),
(1033, 47, 2343, '0000-00-00 00:00:00'),
(1034, 61, 2343, '0000-00-00 00:00:00'),
(1035, 29, 2317, '0000-00-00 00:00:00'),
(1036, 94, 2317, '0000-00-00 00:00:00'),
(1037, 95, 2317, '0000-00-00 00:00:00'),
(1038, 96, 2317, '0000-00-00 00:00:00'),
(1039, 1, 2324, '0000-00-00 00:00:00'),
(1040, 18, 2324, '0000-00-00 00:00:00'),
(1041, 60, 2324, '0000-00-00 00:00:00'),
(1042, 7, 2323, '0000-00-00 00:00:00'),
(1043, 7, 2322, '0000-00-00 00:00:00'),
(1044, 7, 2321, '0000-00-00 00:00:00'),
(1045, 7, 2349, '0000-00-00 00:00:00'),
(1046, 11, 2351, '0000-00-00 00:00:00'),
(1047, 12, 2351, '0000-00-00 00:00:00'),
(1048, 13, 2351, '0000-00-00 00:00:00'),
(1049, 1, 2354, '0000-00-00 00:00:00'),
(1050, 54, 2354, '0000-00-00 00:00:00'),
(1051, 61, 2354, '0000-00-00 00:00:00'),
(1052, 65, 2354, '0000-00-00 00:00:00'),
(1053, 175, 2354, '0000-00-00 00:00:00'),
(1054, 20, 2353, '0000-00-00 00:00:00'),
(1055, 176, 2353, '0000-00-00 00:00:00'),
(1056, 177, 2353, '0000-00-00 00:00:00'),
(1057, 9, 1910, '0000-00-00 00:00:00'),
(1058, 10, 1910, '0000-00-00 00:00:00'),
(1059, 63, 1910, '0000-00-00 00:00:00'),
(1060, 130, 1910, '0000-00-00 00:00:00'),
(1061, 1, 2350, '0000-00-00 00:00:00'),
(1062, 6, 2355, '0000-00-00 00:00:00'),
(1063, 1, 2358, '0000-00-00 00:00:00'),
(1064, 1, 2363, '0000-00-00 00:00:00'),
(1065, 47, 2363, '0000-00-00 00:00:00'),
(1066, 160, 2363, '0000-00-00 00:00:00'),
(1067, 178, 2363, '0000-00-00 00:00:00'),
(1068, 1, 2364, '0000-00-00 00:00:00'),
(1069, 178, 2364, '0000-00-00 00:00:00'),
(1070, 179, 2364, '0000-00-00 00:00:00'),
(1071, 1, 2365, '0000-00-00 00:00:00'),
(1072, 41, 2365, '0000-00-00 00:00:00'),
(1073, 80, 2365, '0000-00-00 00:00:00'),
(1074, 90, 2365, '0000-00-00 00:00:00'),
(1075, 41, 2310, '0000-00-00 00:00:00'),
(1076, 54, 2310, '0000-00-00 00:00:00'),
(1077, 113, 2310, '0000-00-00 00:00:00'),
(1078, 180, 2310, '0000-00-00 00:00:00'),
(1079, 41, 2356, '0000-00-00 00:00:00'),
(1080, 80, 2356, '0000-00-00 00:00:00'),
(1081, 90, 2356, '0000-00-00 00:00:00'),
(1082, 180, 2356, '0000-00-00 00:00:00'),
(1083, 181, 2356, '0000-00-00 00:00:00'),
(1084, 6, 2347, '0000-00-00 00:00:00'),
(1085, 41, 2368, '0000-00-00 00:00:00'),
(1086, 54, 2368, '0000-00-00 00:00:00'),
(1087, 62, 2368, '0000-00-00 00:00:00'),
(1088, 180, 2368, '0000-00-00 00:00:00'),
(1089, 9, 2371, '0000-00-00 00:00:00'),
(1090, 10, 2371, '0000-00-00 00:00:00'),
(1091, 63, 2371, '0000-00-00 00:00:00'),
(1092, 182, 2371, '0000-00-00 00:00:00'),
(1093, 183, 2371, '0000-00-00 00:00:00'),
(1094, 9, 2372, '0000-00-00 00:00:00'),
(1095, 10, 2372, '0000-00-00 00:00:00'),
(1096, 63, 2372, '0000-00-00 00:00:00'),
(1097, 183, 2372, '0000-00-00 00:00:00'),
(1098, 184, 2372, '0000-00-00 00:00:00'),
(1099, 1, 2373, '0000-00-00 00:00:00'),
(1100, 41, 2373, '0000-00-00 00:00:00'),
(1101, 78, 2373, '0000-00-00 00:00:00'),
(1102, 180, 2373, '0000-00-00 00:00:00'),
(1103, 1, 2352, '0000-00-00 00:00:00'),
(1104, 1, 2357, '0000-00-00 00:00:00'),
(1105, 7, 2359, '0000-00-00 00:00:00'),
(1106, 1, 2377, '0000-00-00 00:00:00'),
(1107, 20, 2377, '0000-00-00 00:00:00'),
(1108, 54, 2377, '0000-00-00 00:00:00'),
(1109, 1, 2387, '0000-00-00 00:00:00'),
(1110, 1, 2386, '0000-00-00 00:00:00'),
(1111, 1, 2385, '0000-00-00 00:00:00'),
(1112, 1, 2384, '0000-00-00 00:00:00'),
(1113, 1, 2383, '0000-00-00 00:00:00'),
(1114, 1, 2382, '0000-00-00 00:00:00'),
(1115, 1, 2381, '0000-00-00 00:00:00'),
(1116, 1, 2380, '0000-00-00 00:00:00'),
(1117, 1, 2379, '0000-00-00 00:00:00'),
(1118, 1, 2378, '0000-00-00 00:00:00'),
(1119, 11, 2348, '0000-00-00 00:00:00'),
(1120, 12, 2348, '0000-00-00 00:00:00'),
(1121, 13, 2348, '0000-00-00 00:00:00'),
(1122, 11, 2397, '0000-00-00 00:00:00'),
(1123, 12, 2397, '0000-00-00 00:00:00'),
(1124, 13, 2397, '0000-00-00 00:00:00'),
(1125, 1, 2360, '0000-00-00 00:00:00'),
(1126, 6, 2361, '0000-00-00 00:00:00'),
(1127, 1, 2362, '0000-00-00 00:00:00'),
(1128, 1, 2367, '0000-00-00 00:00:00'),
(1129, 1, 2366, '0000-00-00 00:00:00'),
(1130, 1, 2376, '0000-00-00 00:00:00'),
(1131, 6, 2375, '0000-00-00 00:00:00'),
(1132, 1, 2374, '0000-00-00 00:00:00'),
(1133, 6, 2374, '0000-00-00 00:00:00'),
(1134, 65, 2374, '0000-00-00 00:00:00'),
(1135, 1, 2406, '0000-00-00 00:00:00'),
(1136, 1, 2405, '0000-00-00 00:00:00'),
(1137, 1, 2404, '0000-00-00 00:00:00'),
(1138, 1, 2403, '0000-00-00 00:00:00'),
(1139, 1, 2402, '0000-00-00 00:00:00'),
(1140, 1, 2398, '0000-00-00 00:00:00'),
(1141, 1, 2389, '0000-00-00 00:00:00'),
(1142, 6, 2394, '0000-00-00 00:00:00'),
(1143, 6, 2393, '0000-00-00 00:00:00'),
(1144, 1, 2408, '0000-00-00 00:00:00'),
(1145, 1, 2407, '0000-00-00 00:00:00'),
(1146, 6, 2396, '0000-00-00 00:00:00'),
(1147, 41, 2391, '0000-00-00 00:00:00'),
(1148, 54, 2391, '0000-00-00 00:00:00'),
(1149, 113, 2391, '0000-00-00 00:00:00'),
(1150, 180, 2391, '0000-00-00 00:00:00'),
(1151, 6, 2395, '0000-00-00 00:00:00'),
(1152, 1, 2401, '0000-00-00 00:00:00'),
(1153, 1, 2400, '0000-00-00 00:00:00'),
(1154, 1, 2399, '0000-00-00 00:00:00'),
(1155, 6, 2392, '0000-00-00 00:00:00'),
(1156, 6, 2415, '0000-00-00 00:00:00'),
(1157, 1, 2390, '0000-00-00 00:00:00'),
(1158, 6, 2412, '0000-00-00 00:00:00'),
(1159, 1, 2421, '0000-00-00 00:00:00'),
(1160, 1, 2417, '0000-00-00 00:00:00'),
(1161, 6, 2411, '0000-00-00 00:00:00'),
(1162, 1, 2419, '0000-00-00 00:00:00'),
(1163, 8, 2419, '0000-00-00 00:00:00'),
(1164, 9, 2419, '0000-00-00 00:00:00'),
(1165, 63, 2419, '0000-00-00 00:00:00'),
(1166, 115, 2419, '0000-00-00 00:00:00'),
(1167, 185, 2419, '0000-00-00 00:00:00'),
(1168, 1, 2430, '0000-00-00 00:00:00'),
(1169, 1, 1020, '0000-00-00 00:00:00'),
(1170, 1, 2438, '0000-00-00 00:00:00'),
(1171, 9, 2438, '0000-00-00 00:00:00'),
(1172, 29, 2438, '0000-00-00 00:00:00'),
(1173, 63, 2438, '0000-00-00 00:00:00'),
(1174, 96, 2438, '0000-00-00 00:00:00'),
(1175, 1, 2442, '0000-00-00 00:00:00'),
(1176, 9, 2442, '0000-00-00 00:00:00'),
(1177, 10, 2442, '0000-00-00 00:00:00'),
(1178, 63, 2442, '0000-00-00 00:00:00'),
(1179, 1, 2424, '0000-00-00 00:00:00'),
(1180, 46, 2424, '0000-00-00 00:00:00'),
(1181, 47, 2424, '0000-00-00 00:00:00'),
(1182, 98, 2424, '0000-00-00 00:00:00'),
(1183, 6, 2414, '0000-00-00 00:00:00'),
(1184, 1, 2447, '0000-00-00 00:00:00'),
(1185, 20, 2447, '0000-00-00 00:00:00'),
(1186, 54, 2447, '0000-00-00 00:00:00'),
(1187, 6, 2459, '0000-00-00 00:00:00'),
(1188, 98, 2459, '0000-00-00 00:00:00'),
(1189, 99, 2459, '0000-00-00 00:00:00'),
(1190, 6, 2458, '0000-00-00 00:00:00'),
(1191, 98, 2458, '0000-00-00 00:00:00'),
(1192, 99, 2458, '0000-00-00 00:00:00'),
(1193, 6, 2457, '0000-00-00 00:00:00'),
(1194, 98, 2457, '0000-00-00 00:00:00'),
(1195, 99, 2457, '0000-00-00 00:00:00'),
(1196, 6, 2456, '0000-00-00 00:00:00'),
(1197, 98, 2456, '0000-00-00 00:00:00'),
(1198, 99, 2456, '0000-00-00 00:00:00'),
(1199, 6, 2455, '0000-00-00 00:00:00'),
(1200, 98, 2455, '0000-00-00 00:00:00'),
(1201, 99, 2455, '0000-00-00 00:00:00'),
(1202, 6, 2454, '0000-00-00 00:00:00'),
(1203, 98, 2454, '0000-00-00 00:00:00'),
(1204, 99, 2454, '0000-00-00 00:00:00'),
(1205, 6, 2453, '0000-00-00 00:00:00'),
(1206, 98, 2453, '0000-00-00 00:00:00'),
(1207, 99, 2453, '0000-00-00 00:00:00'),
(1208, 6, 2452, '0000-00-00 00:00:00'),
(1209, 98, 2452, '0000-00-00 00:00:00'),
(1210, 99, 2452, '0000-00-00 00:00:00'),
(1211, 6, 2450, '0000-00-00 00:00:00'),
(1212, 98, 2450, '0000-00-00 00:00:00'),
(1213, 99, 2450, '0000-00-00 00:00:00'),
(1214, 1, 2460, '0000-00-00 00:00:00'),
(1215, 1, 2426, '0000-00-00 00:00:00'),
(1216, 6, 2461, '0000-00-00 00:00:00'),
(1217, 1, 2462, '0000-00-00 00:00:00'),
(1218, 9, 2462, '0000-00-00 00:00:00'),
(1219, 20, 2462, '0000-00-00 00:00:00'),
(1220, 21, 2462, '0000-00-00 00:00:00'),
(1221, 63, 2462, '0000-00-00 00:00:00'),
(1222, 6, 2464, '0000-00-00 00:00:00'),
(1223, 29, 2443, '0000-00-00 00:00:00'),
(1224, 94, 2443, '0000-00-00 00:00:00'),
(1225, 95, 2443, '0000-00-00 00:00:00'),
(1226, 96, 2443, '0000-00-00 00:00:00'),
(1227, 1, 2472, '0000-00-00 00:00:00'),
(1228, 1, 2471, '0000-00-00 00:00:00'),
(1229, 1, 2440, '0000-00-00 00:00:00'),
(1230, 1, 2437, '0000-00-00 00:00:00'),
(1231, 29, 2410, '0000-00-00 00:00:00'),
(1232, 94, 2410, '0000-00-00 00:00:00'),
(1233, 95, 2410, '0000-00-00 00:00:00'),
(1234, 96, 2410, '0000-00-00 00:00:00'),
(1235, 1, 2418, '0000-00-00 00:00:00'),
(1236, 178, 2418, '0000-00-00 00:00:00'),
(1237, 179, 2418, '0000-00-00 00:00:00'),
(1238, 11, 2416, '0000-00-00 00:00:00'),
(1239, 12, 2416, '0000-00-00 00:00:00'),
(1240, 13, 2416, '0000-00-00 00:00:00'),
(1241, 6, 2413, '0000-00-00 00:00:00'),
(1242, 1, 2422, '0000-00-00 00:00:00'),
(1243, 6, 2431, '0000-00-00 00:00:00'),
(1244, 1, 2427, '0000-00-00 00:00:00'),
(1245, 1, 2441, '0000-00-00 00:00:00'),
(1246, 46, 2441, '0000-00-00 00:00:00'),
(1247, 47, 2441, '0000-00-00 00:00:00'),
(1248, 98, 2441, '0000-00-00 00:00:00'),
(1249, 1, 2449, '0000-00-00 00:00:00'),
(1250, 18, 2449, '0000-00-00 00:00:00'),
(1251, 19, 2449, '0000-00-00 00:00:00'),
(1252, 98, 2449, '0000-00-00 00:00:00'),
(1253, 114, 2449, '0000-00-00 00:00:00'),
(1254, 6, 316, '0000-00-00 00:00:00'),
(1255, 188, 316, '0000-00-00 00:00:00'),
(1256, 189, 316, '0000-00-00 00:00:00'),
(1257, 11, 332, '0000-00-00 00:00:00'),
(1258, 190, 332, '0000-00-00 00:00:00'),
(1259, 191, 332, '0000-00-00 00:00:00'),
(1260, 192, 324, '0000-00-00 00:00:00'),
(1261, 1, 354, '0000-00-00 00:00:00'),
(1262, 1, 351, '0000-00-00 00:00:00'),
(1263, 1, 366, '0000-00-00 00:00:00'),
(1264, 193, 357, '0000-00-00 00:00:00'),
(1265, 194, 357, '0000-00-00 00:00:00'),
(1266, 1, 364, '0000-00-00 00:00:00'),
(1267, 1, 407, '0000-00-00 00:00:00'),
(1268, 27, 454, '0000-00-00 00:00:00'),
(1269, 102, 454, '0000-00-00 00:00:00'),
(1270, 195, 454, '0000-00-00 00:00:00'),
(1271, 54, 568, '0000-00-00 00:00:00'),
(1272, 196, 568, '0000-00-00 00:00:00'),
(1273, 197, 568, '0000-00-00 00:00:00'),
(1274, 198, 568, '0000-00-00 00:00:00'),
(1275, 199, 568, '0000-00-00 00:00:00'),
(1276, 200, 568, '0000-00-00 00:00:00'),
(1277, 201, 592, '0000-00-00 00:00:00'),
(1278, 202, 592, '0000-00-00 00:00:00'),
(1279, 203, 592, '0000-00-00 00:00:00'),
(1280, 201, 593, '0000-00-00 00:00:00'),
(1281, 202, 593, '0000-00-00 00:00:00'),
(1282, 203, 593, '0000-00-00 00:00:00'),
(1283, 1, 461, '0000-00-00 00:00:00'),
(1284, 9, 635, '0000-00-00 00:00:00'),
(1285, 63, 635, '0000-00-00 00:00:00'),
(1286, 64, 635, '0000-00-00 00:00:00'),
(1287, 46, 1253, '0000-00-00 00:00:00'),
(1288, 47, 1253, '0000-00-00 00:00:00'),
(1289, 48, 1253, '0000-00-00 00:00:00'),
(1290, 49, 1253, '0000-00-00 00:00:00'),
(1291, 50, 1253, '0000-00-00 00:00:00'),
(1292, 20, 1262, '0000-00-00 00:00:00'),
(1293, 54, 1262, '0000-00-00 00:00:00'),
(1294, 55, 1262, '0000-00-00 00:00:00'),
(1295, 56, 1262, '0000-00-00 00:00:00'),
(1296, 57, 1262, '0000-00-00 00:00:00'),
(1297, 58, 1262, '0000-00-00 00:00:00'),
(1298, 198, 1262, '0000-00-00 00:00:00'),
(1299, 1, 1275, '0000-00-00 00:00:00'),
(1300, 18, 1275, '0000-00-00 00:00:00'),
(1301, 60, 1275, '0000-00-00 00:00:00'),
(1302, 18, 1287, '0000-00-00 00:00:00'),
(1303, 19, 1287, '0000-00-00 00:00:00'),
(1304, 60, 1287, '0000-00-00 00:00:00'),
(1305, 69, 1287, '0000-00-00 00:00:00'),
(1306, 70, 1287, '0000-00-00 00:00:00'),
(1307, 71, 1287, '0000-00-00 00:00:00'),
(1308, 11, 1965, '0000-00-00 00:00:00'),
(1309, 12, 1965, '0000-00-00 00:00:00'),
(1310, 13, 1965, '0000-00-00 00:00:00'),
(1311, 190, 1965, '0000-00-00 00:00:00'),
(1312, 1, 2388, '0000-00-00 00:00:00'),
(1313, 6, 2388, '0000-00-00 00:00:00'),
(1314, 98, 2388, '0000-00-00 00:00:00'),
(1315, 99, 2388, '0000-00-00 00:00:00'),
(1316, 1, 2448, '0000-00-00 00:00:00'),
(1317, 46, 2448, '0000-00-00 00:00:00'),
(1318, 47, 2448, '0000-00-00 00:00:00'),
(1319, 98, 2448, '0000-00-00 00:00:00'),
(1320, 114, 2448, '0000-00-00 00:00:00'),
(1321, 1, 2484, '0000-00-00 00:00:00');
INSERT INTO `vs_tags_content` (`id`, `tag_id`, `content_id`, `created`) VALUES
(1322, 1, 2483, '0000-00-00 00:00:00'),
(1323, 1, 2476, '0000-00-00 00:00:00'),
(1324, 98, 2476, '0000-00-00 00:00:00'),
(1325, 99, 2476, '0000-00-00 00:00:00'),
(1326, 1, 2488, '0000-00-00 00:00:00'),
(1327, 46, 2488, '0000-00-00 00:00:00'),
(1328, 47, 2488, '0000-00-00 00:00:00'),
(1329, 98, 2488, '0000-00-00 00:00:00'),
(1330, 1, 2436, '0000-00-00 00:00:00'),
(1331, 1, 2429, '0000-00-00 00:00:00'),
(1332, 1, 2465, '0000-00-00 00:00:00'),
(1333, 1, 2477, '0000-00-00 00:00:00'),
(1334, 6, 2489, '0000-00-00 00:00:00'),
(1335, 1, 2490, '0000-00-00 00:00:00'),
(1336, 41, 2490, '0000-00-00 00:00:00'),
(1337, 42, 2490, '0000-00-00 00:00:00'),
(1338, 180, 2490, '0000-00-00 00:00:00'),
(1339, 1, 2439, '0000-00-00 00:00:00'),
(1340, 8, 2439, '0000-00-00 00:00:00'),
(1341, 9, 2439, '0000-00-00 00:00:00'),
(1342, 10, 2439, '0000-00-00 00:00:00'),
(1343, 63, 2439, '0000-00-00 00:00:00'),
(1344, 20, 2491, '0000-00-00 00:00:00'),
(1345, 54, 2491, '0000-00-00 00:00:00'),
(1346, 198, 2491, '0000-00-00 00:00:00'),
(1347, 204, 2491, '0000-00-00 00:00:00'),
(1348, 1, 2492, '0000-00-00 00:00:00'),
(1349, 46, 2492, '0000-00-00 00:00:00'),
(1350, 47, 2492, '0000-00-00 00:00:00'),
(1351, 11, 2498, '0000-00-00 00:00:00'),
(1352, 12, 2498, '0000-00-00 00:00:00'),
(1353, 13, 2498, '0000-00-00 00:00:00'),
(1354, 190, 2498, '0000-00-00 00:00:00'),
(1355, 1, 2494, '0000-00-00 00:00:00'),
(1356, 1, 2495, '0000-00-00 00:00:00'),
(1357, 1, 2428, '0000-00-00 00:00:00'),
(1358, 1, 2425, '0000-00-00 00:00:00'),
(1359, 1, 2435, '0000-00-00 00:00:00'),
(1360, 1, 2469, '0000-00-00 00:00:00'),
(1361, 1, 2493, '0000-00-00 00:00:00'),
(1362, 6, 2496, '0000-00-00 00:00:00'),
(1363, 1, 2501, '0000-00-00 00:00:00'),
(1364, 1, 2502, '0000-00-00 00:00:00'),
(1365, 9, 2502, '0000-00-00 00:00:00'),
(1366, 29, 2502, '0000-00-00 00:00:00'),
(1367, 63, 2502, '0000-00-00 00:00:00'),
(1368, 96, 2502, '0000-00-00 00:00:00'),
(1369, 1, 2479, '0000-00-00 00:00:00'),
(1370, 1, 2487, '0000-00-00 00:00:00'),
(1371, 1, 2478, '0000-00-00 00:00:00'),
(1372, 6, 2504, '0000-00-00 00:00:00'),
(1373, 1, 2508, '0000-00-00 00:00:00'),
(1374, 1, 2506, '0000-00-00 00:00:00'),
(1375, 1, 2511, '0000-00-00 00:00:00'),
(1376, 9, 2511, '0000-00-00 00:00:00'),
(1377, 29, 2511, '0000-00-00 00:00:00'),
(1378, 63, 2511, '0000-00-00 00:00:00'),
(1379, 96, 2511, '0000-00-00 00:00:00'),
(1380, 98, 2511, '0000-00-00 00:00:00'),
(1381, 1, 2519, '0000-00-00 00:00:00'),
(1382, 9, 2519, '0000-00-00 00:00:00'),
(1383, 63, 2519, '0000-00-00 00:00:00'),
(1384, 100, 2519, '0000-00-00 00:00:00'),
(1385, 1, 2420, '0000-00-00 00:00:00'),
(1386, 1, 2434, '0000-00-00 00:00:00'),
(1387, 1, 2433, '0000-00-00 00:00:00'),
(1388, 1, 2445, '0000-00-00 00:00:00'),
(1389, 1, 2446, '0000-00-00 00:00:00'),
(1390, 1, 2444, '0000-00-00 00:00:00'),
(1391, 1, 2468, '0000-00-00 00:00:00'),
(1392, 1, 2467, '0000-00-00 00:00:00'),
(1393, 11, 2463, '0000-00-00 00:00:00'),
(1394, 12, 2463, '0000-00-00 00:00:00'),
(1395, 13, 2463, '0000-00-00 00:00:00'),
(1396, 190, 2463, '0000-00-00 00:00:00'),
(1397, 1, 2474, '0000-00-00 00:00:00'),
(1398, 1, 2473, '0000-00-00 00:00:00'),
(1399, 1, 2466, '0000-00-00 00:00:00'),
(1400, 1, 2480, '0000-00-00 00:00:00'),
(1401, 1, 2486, '0000-00-00 00:00:00'),
(1402, 1, 2485, '0000-00-00 00:00:00'),
(1403, 11, 2482, '0000-00-00 00:00:00'),
(1404, 12, 2482, '0000-00-00 00:00:00'),
(1405, 13, 2482, '0000-00-00 00:00:00'),
(1406, 190, 2482, '0000-00-00 00:00:00'),
(1407, 6, 2481, '0000-00-00 00:00:00'),
(1408, 6, 2497, '0000-00-00 00:00:00'),
(1409, 1, 2500, '0000-00-00 00:00:00'),
(1410, 1, 2499, '0000-00-00 00:00:00'),
(1411, 11, 2516, '0000-00-00 00:00:00'),
(1412, 12, 2516, '0000-00-00 00:00:00'),
(1413, 13, 2516, '0000-00-00 00:00:00'),
(1414, 190, 2516, '0000-00-00 00:00:00'),
(1415, 1, 2509, '0000-00-00 00:00:00'),
(1416, 1, 2507, '0000-00-00 00:00:00'),
(1417, 1, 2510, '0000-00-00 00:00:00'),
(1418, 29, 2513, '0000-00-00 00:00:00'),
(1419, 94, 2513, '0000-00-00 00:00:00'),
(1420, 95, 2513, '0000-00-00 00:00:00'),
(1421, 96, 2513, '0000-00-00 00:00:00'),
(1422, 6, 2514, '0000-00-00 00:00:00'),
(1423, 29, 2512, '0000-00-00 00:00:00'),
(1424, 94, 2512, '0000-00-00 00:00:00'),
(1425, 95, 2512, '0000-00-00 00:00:00'),
(1426, 96, 2512, '0000-00-00 00:00:00'),
(1427, 1, 2518, '0000-00-00 00:00:00'),
(1428, 11, 2515, '0000-00-00 00:00:00'),
(1429, 12, 2515, '0000-00-00 00:00:00'),
(1430, 13, 2515, '0000-00-00 00:00:00'),
(1431, 190, 2515, '0000-00-00 00:00:00'),
(1432, 41, 2517, '0000-00-00 00:00:00'),
(1433, 54, 2517, '0000-00-00 00:00:00'),
(1434, 62, 2517, '0000-00-00 00:00:00'),
(1435, 180, 2517, '0000-00-00 00:00:00'),
(1436, 198, 2517, '0000-00-00 00:00:00'),
(1437, 1, 2531, '0000-00-00 00:00:00'),
(1438, 1, 2530, '0000-00-00 00:00:00'),
(1439, 1, 2529, '0000-00-00 00:00:00'),
(1440, 1, 2559, '0000-00-00 00:00:00'),
(1441, 1, 2551, '0000-00-00 00:00:00'),
(1442, 6, 2541, '0000-00-00 00:00:00'),
(1443, 1, 2548, '0000-00-00 00:00:00'),
(1444, 1, 2547, '0000-00-00 00:00:00'),
(1445, 1, 2550, '0000-00-00 00:00:00'),
(1446, 6, 2542, '0000-00-00 00:00:00'),
(1447, 1, 2528, '0000-00-00 00:00:00'),
(1448, 11, 2520, '0000-00-00 00:00:00'),
(1449, 12, 2520, '0000-00-00 00:00:00'),
(1450, 13, 2520, '0000-00-00 00:00:00'),
(1451, 190, 2520, '0000-00-00 00:00:00'),
(1452, 1, 2582, '0000-00-00 00:00:00'),
(1453, 1, 2581, '0000-00-00 00:00:00'),
(1454, 1, 2576, '0000-00-00 00:00:00'),
(1455, 9, 2576, '0000-00-00 00:00:00'),
(1456, 63, 2576, '0000-00-00 00:00:00'),
(1457, 86, 2576, '0000-00-00 00:00:00'),
(1458, 107, 2576, '0000-00-00 00:00:00'),
(1459, 207, 2576, '0000-00-00 00:00:00'),
(1460, 1, 2527, '0000-00-00 00:00:00'),
(1461, 1, 2526, '0000-00-00 00:00:00'),
(1462, 1, 2525, '0000-00-00 00:00:00'),
(1463, 1, 2524, '0000-00-00 00:00:00'),
(1464, 1, 2523, '0000-00-00 00:00:00'),
(1465, 1, 2522, '0000-00-00 00:00:00'),
(1466, 1, 2521, '0000-00-00 00:00:00'),
(1467, 6, 2534, '0000-00-00 00:00:00'),
(1468, 11, 2535, '0000-00-00 00:00:00'),
(1469, 12, 2535, '0000-00-00 00:00:00'),
(1470, 13, 2535, '0000-00-00 00:00:00'),
(1471, 190, 2535, '0000-00-00 00:00:00'),
(1472, 1, 2539, '0000-00-00 00:00:00'),
(1473, 1, 2538, '0000-00-00 00:00:00'),
(1474, 1, 2537, '0000-00-00 00:00:00'),
(1475, 1, 2536, '0000-00-00 00:00:00'),
(1476, 1, 2558, '0000-00-00 00:00:00'),
(1477, 6, 2543, '0000-00-00 00:00:00'),
(1478, 1, 2549, '0000-00-00 00:00:00'),
(1479, 1, 2540, '0000-00-00 00:00:00'),
(1480, 1, 2574, '0000-00-00 00:00:00'),
(1481, 1, 2585, '0000-00-00 00:00:00'),
(1482, 1, 2584, '0000-00-00 00:00:00'),
(1483, 6, 2533, '0000-00-00 00:00:00'),
(1484, 1, 2561, '0000-00-00 00:00:00'),
(1485, 1, 2560, '0000-00-00 00:00:00'),
(1486, 11, 2544, '0000-00-00 00:00:00'),
(1487, 12, 2544, '0000-00-00 00:00:00'),
(1488, 13, 2544, '0000-00-00 00:00:00'),
(1489, 190, 2544, '0000-00-00 00:00:00'),
(1490, 1, 2556, '0000-00-00 00:00:00'),
(1491, 1, 2555, '0000-00-00 00:00:00'),
(1492, 1, 2554, '0000-00-00 00:00:00'),
(1493, 1, 2553, '0000-00-00 00:00:00'),
(1494, 1, 2552, '0000-00-00 00:00:00'),
(1495, 6, 2588, '0000-00-00 00:00:00'),
(1496, 1, 2589, '0000-00-00 00:00:00'),
(1497, 29, 2573, '0000-00-00 00:00:00'),
(1498, 94, 2573, '0000-00-00 00:00:00'),
(1499, 95, 2573, '0000-00-00 00:00:00'),
(1500, 96, 2573, '0000-00-00 00:00:00'),
(1501, 6, 2575, '0000-00-00 00:00:00'),
(1502, 1, 2580, '0000-00-00 00:00:00'),
(1503, 1, 2572, '0000-00-00 00:00:00'),
(1504, 46, 2572, '0000-00-00 00:00:00'),
(1505, 47, 2572, '0000-00-00 00:00:00'),
(1506, 98, 2572, '0000-00-00 00:00:00'),
(1507, 1, 2583, '0000-00-00 00:00:00'),
(1508, 1, 2557, '0000-00-00 00:00:00'),
(1509, 20, 2594, '0000-00-00 00:00:00'),
(1510, 21, 2594, '0000-00-00 00:00:00'),
(1511, 211, 2594, '0000-00-00 00:00:00'),
(1512, 1, 2316, '0000-00-00 00:00:00'),
(1513, 6, 2316, '0000-00-00 00:00:00'),
(1514, 18, 2316, '0000-00-00 00:00:00'),
(1515, 19, 2316, '0000-00-00 00:00:00'),
(1516, 67, 2316, '0000-00-00 00:00:00'),
(1517, 83, 2316, '0000-00-00 00:00:00'),
(1518, 6, 1246, '0000-00-00 00:00:00'),
(1519, 9, 1246, '0000-00-00 00:00:00'),
(1520, 36, 1246, '0000-00-00 00:00:00'),
(1521, 37, 1246, '0000-00-00 00:00:00'),
(1522, 38, 1246, '0000-00-00 00:00:00'),
(1523, 63, 1246, '0000-00-00 00:00:00'),
(1524, 1, 2475, '0000-00-00 00:00:00'),
(1525, 41, 2475, '0000-00-00 00:00:00'),
(1526, 180, 2475, '0000-00-00 00:00:00'),
(1527, 187, 2475, '0000-00-00 00:00:00'),
(1528, 1, 2545, '0000-00-00 00:00:00'),
(1529, 41, 2545, '0000-00-00 00:00:00'),
(1530, 54, 2545, '0000-00-00 00:00:00'),
(1531, 62, 2545, '0000-00-00 00:00:00'),
(1532, 151, 2545, '0000-00-00 00:00:00'),
(1533, 180, 2545, '0000-00-00 00:00:00'),
(1534, 198, 2545, '0000-00-00 00:00:00'),
(1535, 41, 1345, '0000-00-00 00:00:00'),
(1536, 78, 1345, '0000-00-00 00:00:00'),
(1537, 79, 1345, '0000-00-00 00:00:00'),
(1538, 80, 1345, '0000-00-00 00:00:00'),
(1539, 81, 1345, '0000-00-00 00:00:00'),
(1540, 82, 1345, '0000-00-00 00:00:00'),
(1541, 90, 1345, '0000-00-00 00:00:00'),
(1542, 180, 1345, '0000-00-00 00:00:00'),
(1543, 1, 2016, '0000-00-00 00:00:00'),
(1544, 7, 2016, '0000-00-00 00:00:00'),
(1545, 41, 2016, '0000-00-00 00:00:00'),
(1546, 78, 2016, '0000-00-00 00:00:00'),
(1547, 180, 2016, '0000-00-00 00:00:00'),
(1548, 1, 2564, '0000-00-00 00:00:00'),
(1549, 6, 2564, '0000-00-00 00:00:00'),
(1550, 20, 2564, '0000-00-00 00:00:00'),
(1551, 65, 2564, '0000-00-00 00:00:00'),
(1552, 67, 2564, '0000-00-00 00:00:00'),
(1553, 170, 2564, '0000-00-00 00:00:00'),
(1554, 41, 2532, '0000-00-00 00:00:00'),
(1555, 180, 2532, '0000-00-00 00:00:00'),
(1556, 205, 2532, '0000-00-00 00:00:00'),
(1557, 1, 2505, '0000-00-00 00:00:00'),
(1558, 41, 2505, '0000-00-00 00:00:00'),
(1559, 42, 2505, '0000-00-00 00:00:00'),
(1560, 43, 2505, '0000-00-00 00:00:00'),
(1561, 49, 2505, '0000-00-00 00:00:00'),
(1562, 180, 2505, '0000-00-00 00:00:00'),
(1563, 212, 2505, '0000-00-00 00:00:00'),
(1564, 213, 2505, '0000-00-00 00:00:00'),
(1565, 1, 2503, '0000-00-00 00:00:00'),
(1566, 8, 2503, '0000-00-00 00:00:00'),
(1567, 20, 2503, '0000-00-00 00:00:00'),
(1568, 49, 2503, '0000-00-00 00:00:00'),
(1569, 54, 2503, '0000-00-00 00:00:00'),
(1570, 198, 2503, '0000-00-00 00:00:00'),
(1571, 204, 2503, '0000-00-00 00:00:00'),
(1572, 1, 2470, '0000-00-00 00:00:00'),
(1573, 6, 2470, '0000-00-00 00:00:00'),
(1574, 65, 2470, '0000-00-00 00:00:00'),
(1575, 214, 2470, '0000-00-00 00:00:00'),
(1576, 1, 2608, '0000-00-00 00:00:00'),
(1577, 20, 2608, '0000-00-00 00:00:00'),
(1578, 54, 2608, '0000-00-00 00:00:00'),
(1579, 169, 2608, '0000-00-00 00:00:00'),
(1580, 198, 2608, '0000-00-00 00:00:00'),
(1581, 8, 974, '0000-00-00 00:00:00'),
(1582, 215, 974, '0000-00-00 00:00:00'),
(1583, 1, 2562, '0000-00-00 00:00:00'),
(1584, 8, 2562, '0000-00-00 00:00:00'),
(1585, 46, 2562, '0000-00-00 00:00:00'),
(1586, 47, 2562, '0000-00-00 00:00:00'),
(1587, 206, 2562, '0000-00-00 00:00:00'),
(1588, 1, 2612, '0000-00-00 00:00:00'),
(1589, 47, 2612, '0000-00-00 00:00:00'),
(1590, 61, 2612, '0000-00-00 00:00:00'),
(1591, 9, 2609, '0000-00-00 00:00:00'),
(1592, 29, 2609, '0000-00-00 00:00:00'),
(1593, 54, 2609, '0000-00-00 00:00:00'),
(1594, 160, 2609, '0000-00-00 00:00:00'),
(1595, 209, 2609, '0000-00-00 00:00:00'),
(1596, 217, 2609, '0000-00-00 00:00:00'),
(1597, 218, 2609, '0000-00-00 00:00:00'),
(1598, 219, 2609, '0000-00-00 00:00:00'),
(1599, 1, 2579, '0000-00-00 00:00:00'),
(1600, 1, 2578, '0000-00-00 00:00:00'),
(1601, 1, 2577, '0000-00-00 00:00:00'),
(1602, 29, 2587, '0000-00-00 00:00:00'),
(1603, 94, 2587, '0000-00-00 00:00:00'),
(1604, 95, 2587, '0000-00-00 00:00:00'),
(1605, 222, 2587, '0000-00-00 00:00:00'),
(1606, 1, 2599, '0000-00-00 00:00:00'),
(1607, 6, 2593, '0000-00-00 00:00:00'),
(1608, 1, 2598, '0000-00-00 00:00:00'),
(1609, 1, 2613, '0000-00-00 00:00:00'),
(1610, 6, 2613, '0000-00-00 00:00:00'),
(1611, 8, 2613, '0000-00-00 00:00:00'),
(1612, 20, 2613, '0000-00-00 00:00:00'),
(1613, 21, 2613, '0000-00-00 00:00:00'),
(1614, 41, 2613, '0000-00-00 00:00:00'),
(1615, 49, 2613, '0000-00-00 00:00:00'),
(1616, 54, 2613, '0000-00-00 00:00:00'),
(1617, 78, 2613, '0000-00-00 00:00:00'),
(1618, 81, 2613, '0000-00-00 00:00:00'),
(1619, 156, 2613, '0000-00-00 00:00:00'),
(1620, 211, 2613, '0000-00-00 00:00:00'),
(1621, 223, 2613, '0000-00-00 00:00:00'),
(1622, 224, 2613, '0000-00-00 00:00:00'),
(1623, 225, 2613, '0000-00-00 00:00:00'),
(1624, 1, 2597, '0000-00-00 00:00:00'),
(1625, 1, 2596, '0000-00-00 00:00:00'),
(1626, 6, 2592, '0000-00-00 00:00:00'),
(1627, 1, 2595, '0000-00-00 00:00:00'),
(1628, 1, 2607, '0000-00-00 00:00:00'),
(1629, 1, 2606, '0000-00-00 00:00:00'),
(1630, 6, 2601, '0000-00-00 00:00:00'),
(1631, 1, 2605, '0000-00-00 00:00:00'),
(1632, 1, 2627, '0000-00-00 00:00:00'),
(1633, 1, 2626, '0000-00-00 00:00:00'),
(1634, 9, 2563, '0000-00-00 00:00:00'),
(1635, 29, 2563, '0000-00-00 00:00:00'),
(1636, 54, 2563, '0000-00-00 00:00:00'),
(1637, 222, 2563, '0000-00-00 00:00:00'),
(1638, 16, 2610, '0000-00-00 00:00:00'),
(1639, 54, 2610, '0000-00-00 00:00:00'),
(1640, 117, 2610, '0000-00-00 00:00:00'),
(1641, 160, 2610, '0000-00-00 00:00:00'),
(1642, 41, 1698, '0000-00-00 00:00:00'),
(1643, 42, 1698, '0000-00-00 00:00:00'),
(1644, 54, 1698, '0000-00-00 00:00:00'),
(1645, 116, 1698, '0000-00-00 00:00:00'),
(1646, 226, 1698, '0000-00-00 00:00:00'),
(1647, 9, 2569, '0000-00-00 00:00:00'),
(1648, 54, 2569, '0000-00-00 00:00:00'),
(1649, 86, 2569, '0000-00-00 00:00:00'),
(1650, 162, 2569, '0000-00-00 00:00:00'),
(1651, 9, 2570, '0000-00-00 00:00:00'),
(1652, 54, 2570, '0000-00-00 00:00:00'),
(1653, 86, 2570, '0000-00-00 00:00:00'),
(1654, 162, 2570, '0000-00-00 00:00:00'),
(1655, 9, 2571, '0000-00-00 00:00:00'),
(1656, 54, 2571, '0000-00-00 00:00:00'),
(1657, 86, 2571, '0000-00-00 00:00:00'),
(1658, 162, 2571, '0000-00-00 00:00:00'),
(1659, 9, 2565, '0000-00-00 00:00:00'),
(1660, 54, 2565, '0000-00-00 00:00:00'),
(1661, 86, 2565, '0000-00-00 00:00:00'),
(1662, 162, 2565, '0000-00-00 00:00:00'),
(1663, 1, 2641, '0000-00-00 00:00:00'),
(1664, 1, 2642, '0000-00-00 00:00:00'),
(1665, 9, 2095, '0000-00-00 00:00:00'),
(1666, 54, 2095, '0000-00-00 00:00:00'),
(1667, 162, 2095, '0000-00-00 00:00:00'),
(1668, 9, 2342, '0000-00-00 00:00:00'),
(1669, 54, 2342, '0000-00-00 00:00:00'),
(1670, 162, 2342, '0000-00-00 00:00:00'),
(1671, 9, 2341, '0000-00-00 00:00:00'),
(1672, 54, 2341, '0000-00-00 00:00:00'),
(1673, 162, 2341, '0000-00-00 00:00:00'),
(1674, 9, 2216, '0000-00-00 00:00:00'),
(1675, 54, 2216, '0000-00-00 00:00:00'),
(1676, 162, 2216, '0000-00-00 00:00:00'),
(1677, 9, 2214, '0000-00-00 00:00:00'),
(1678, 54, 2214, '0000-00-00 00:00:00'),
(1679, 162, 2214, '0000-00-00 00:00:00'),
(1680, 9, 2213, '0000-00-00 00:00:00'),
(1681, 54, 2213, '0000-00-00 00:00:00'),
(1682, 162, 2213, '0000-00-00 00:00:00'),
(1683, 9, 2635, '0000-00-00 00:00:00'),
(1684, 10, 2635, '0000-00-00 00:00:00'),
(1685, 54, 2635, '0000-00-00 00:00:00'),
(1686, 117, 2635, '0000-00-00 00:00:00'),
(1687, 233, 2635, '0000-00-00 00:00:00'),
(1688, 234, 2635, '0000-00-00 00:00:00'),
(1689, 46, 2590, '0000-00-00 00:00:00'),
(1690, 47, 2590, '0000-00-00 00:00:00'),
(1691, 48, 2590, '0000-00-00 00:00:00'),
(1692, 54, 2590, '0000-00-00 00:00:00'),
(1693, 61, 2590, '0000-00-00 00:00:00'),
(1694, 20, 2661, '0000-00-00 00:00:00'),
(1695, 47, 2661, '0000-00-00 00:00:00'),
(1696, 114, 2661, '0000-00-00 00:00:00'),
(1697, 237, 2661, '0000-00-00 00:00:00'),
(1698, 9, 2663, '0000-00-00 00:00:00'),
(1699, 54, 2663, '0000-00-00 00:00:00'),
(1700, 116, 2663, '0000-00-00 00:00:00'),
(1701, 239, 2663, '0000-00-00 00:00:00'),
(1702, 41, 2664, '0000-00-00 00:00:00'),
(1703, 81, 2664, '0000-00-00 00:00:00'),
(1704, 240, 2664, '0000-00-00 00:00:00'),
(1705, 241, 2664, '0000-00-00 00:00:00'),
(1706, 54, 2665, '0000-00-00 00:00:00'),
(1707, 61, 2665, '0000-00-00 00:00:00'),
(1708, 197, 2665, '0000-00-00 00:00:00'),
(1709, 242, 2665, '0000-00-00 00:00:00'),
(1710, 1, 2624, '0000-00-00 00:00:00'),
(1711, 1, 2625, '0000-00-00 00:00:00'),
(1712, 41, 2602, '0000-00-00 00:00:00'),
(1713, 54, 2602, '0000-00-00 00:00:00'),
(1714, 62, 2602, '0000-00-00 00:00:00'),
(1715, 243, 2602, '0000-00-00 00:00:00'),
(1716, 1, 2623, '0000-00-00 00:00:00'),
(1717, 1, 2622, '0000-00-00 00:00:00'),
(1718, 1, 2621, '0000-00-00 00:00:00'),
(1719, 1, 2620, '0000-00-00 00:00:00'),
(1720, 8, 2619, '0000-00-00 00:00:00'),
(1721, 9, 2619, '0000-00-00 00:00:00'),
(1722, 10, 2619, '0000-00-00 00:00:00'),
(1723, 154, 2619, '0000-00-00 00:00:00'),
(1724, 246, 2619, '0000-00-00 00:00:00'),
(1725, 247, 2619, '0000-00-00 00:00:00'),
(1726, 8, 2604, '0000-00-00 00:00:00'),
(1727, 13, 2604, '0000-00-00 00:00:00'),
(1728, 15, 2604, '0000-00-00 00:00:00'),
(1729, 115, 2604, '0000-00-00 00:00:00'),
(1730, 245, 2604, '0000-00-00 00:00:00'),
(1731, 1, 2618, '0000-00-00 00:00:00'),
(1732, 1, 2617, '0000-00-00 00:00:00'),
(1733, 1, 2616, '0000-00-00 00:00:00'),
(1734, 1, 2615, '0000-00-00 00:00:00'),
(1735, 1, 2614, '0000-00-00 00:00:00'),
(1736, 1, 2656, '0000-00-00 00:00:00'),
(1737, 1, 2654, '0000-00-00 00:00:00'),
(1738, 1, 2653, '0000-00-00 00:00:00'),
(1739, 1, 2652, '0000-00-00 00:00:00'),
(1740, 98, 2630, '0000-00-00 00:00:00'),
(1741, 228, 2630, '0000-00-00 00:00:00'),
(1742, 1, 2645, '0000-00-00 00:00:00'),
(1743, 1, 2644, '0000-00-00 00:00:00'),
(1744, 1, 2643, '0000-00-00 00:00:00'),
(1745, 1, 2672, '0000-00-00 00:00:00'),
(1746, 12, 2668, '0000-00-00 00:00:00'),
(1747, 41, 2668, '0000-00-00 00:00:00'),
(1748, 243, 2668, '0000-00-00 00:00:00'),
(1749, 248, 2668, '0000-00-00 00:00:00'),
(1750, 249, 2668, '0000-00-00 00:00:00'),
(1751, 250, 2668, '0000-00-00 00:00:00'),
(1752, 1, 2649, '0000-00-00 00:00:00'),
(1753, 41, 2631, '0000-00-00 00:00:00'),
(1754, 98, 2631, '0000-00-00 00:00:00'),
(1755, 229, 2631, '0000-00-00 00:00:00'),
(1756, 243, 2631, '0000-00-00 00:00:00'),
(1757, 1, 2648, '0000-00-00 00:00:00'),
(1758, 1, 2674, '0000-00-00 00:00:00'),
(1759, 6, 2639, '0000-00-00 00:00:00'),
(1760, 1, 2655, '0000-00-00 00:00:00'),
(1761, 1, 2651, '0000-00-00 00:00:00'),
(1762, 1, 2640, '0000-00-00 00:00:00'),
(1763, 6, 2638, '0000-00-00 00:00:00'),
(1764, 1, 2647, '0000-00-00 00:00:00'),
(1765, 1, 2646, '0000-00-00 00:00:00'),
(1766, 41, 2634, '0000-00-00 00:00:00'),
(1767, 46, 2634, '0000-00-00 00:00:00'),
(1768, 98, 2634, '0000-00-00 00:00:00'),
(1769, 232, 2634, '0000-00-00 00:00:00'),
(1770, 243, 2634, '0000-00-00 00:00:00'),
(1771, 9, 2677, '0000-00-00 00:00:00'),
(1772, 10, 2677, '0000-00-00 00:00:00'),
(1773, 54, 2677, '0000-00-00 00:00:00'),
(1774, 130, 2677, '0000-00-00 00:00:00'),
(1775, 169, 2677, '0000-00-00 00:00:00'),
(1776, 209, 2677, '0000-00-00 00:00:00'),
(1777, 8, 2678, '0000-00-00 00:00:00'),
(1778, 9, 2678, '0000-00-00 00:00:00'),
(1779, 10, 2678, '0000-00-00 00:00:00'),
(1780, 29, 2678, '0000-00-00 00:00:00'),
(1781, 222, 2678, '0000-00-00 00:00:00'),
(1782, 251, 2678, '0000-00-00 00:00:00'),
(1783, 1, 2681, '0000-00-00 00:00:00'),
(1784, 9, 2693, '0000-00-00 00:00:00'),
(1785, 10, 2693, '0000-00-00 00:00:00'),
(1786, 54, 2693, '0000-00-00 00:00:00'),
(1787, 209, 2693, '0000-00-00 00:00:00'),
(1788, 234, 2693, '0000-00-00 00:00:00'),
(1789, 8, 2694, '0000-00-00 00:00:00'),
(1790, 9, 2694, '0000-00-00 00:00:00'),
(1791, 10, 2694, '0000-00-00 00:00:00'),
(1792, 29, 2694, '0000-00-00 00:00:00'),
(1793, 222, 2694, '0000-00-00 00:00:00'),
(1794, 251, 2694, '0000-00-00 00:00:00'),
(1795, 255, 2694, '0000-00-00 00:00:00'),
(1796, 9, 2695, '0000-00-00 00:00:00'),
(1797, 10, 2695, '0000-00-00 00:00:00'),
(1798, 54, 2695, '0000-00-00 00:00:00'),
(1799, 130, 2695, '0000-00-00 00:00:00'),
(1800, 169, 2695, '0000-00-00 00:00:00'),
(1801, 209, 2695, '0000-00-00 00:00:00'),
(1802, 1, 2689, '0000-00-00 00:00:00'),
(1803, 1, 2688, '0000-00-00 00:00:00'),
(1804, 1, 2704, '0000-00-00 00:00:00'),
(1805, 1, 2701, '0000-00-00 00:00:00'),
(1806, 6, 2698, '0000-00-00 00:00:00'),
(1807, 1, 2700, '0000-00-00 00:00:00'),
(1808, 9, 2684, '0000-00-00 00:00:00'),
(1809, 54, 2684, '0000-00-00 00:00:00'),
(1810, 160, 2684, '0000-00-00 00:00:00'),
(1811, 209, 2684, '0000-00-00 00:00:00'),
(1812, 220, 2684, '0000-00-00 00:00:00'),
(1813, 6, 2667, '0000-00-00 00:00:00'),
(1814, 17, 2707, '0000-00-00 00:00:00'),
(1815, 41, 2707, '0000-00-00 00:00:00'),
(1816, 54, 2707, '0000-00-00 00:00:00'),
(1817, 81, 2707, '0000-00-00 00:00:00'),
(1818, 223, 2707, '0000-00-00 00:00:00'),
(1819, 243, 2707, '0000-00-00 00:00:00'),
(1820, 6, 2687, '0000-00-00 00:00:00'),
(1821, 1, 2692, '0000-00-00 00:00:00'),
(1822, 1, 2691, '0000-00-00 00:00:00'),
(1823, 6, 2679, '0000-00-00 00:00:00'),
(1824, 6, 2690, '0000-00-00 00:00:00'),
(1825, 1, 2708, '0000-00-00 00:00:00'),
(1826, 11, 2699, '0000-00-00 00:00:00'),
(1827, 12, 2699, '0000-00-00 00:00:00'),
(1828, 41, 2699, '0000-00-00 00:00:00'),
(1829, 80, 2699, '0000-00-00 00:00:00'),
(1830, 90, 2699, '0000-00-00 00:00:00'),
(1831, 190, 2699, '0000-00-00 00:00:00'),
(1832, 243, 2699, '0000-00-00 00:00:00'),
(1833, 54, 2709, '0000-00-00 00:00:00'),
(1834, 56, 2709, '0000-00-00 00:00:00'),
(1835, 57, 2709, '0000-00-00 00:00:00'),
(1836, 169, 2709, '0000-00-00 00:00:00'),
(1837, 6, 2710, '0000-00-00 00:00:00'),
(1838, 46, 2710, '0000-00-00 00:00:00'),
(1839, 54, 2710, '0000-00-00 00:00:00'),
(1840, 156, 2710, '0000-00-00 00:00:00'),
(1841, 170, 2710, '0000-00-00 00:00:00'),
(1842, 6, 2711, '0000-00-00 00:00:00'),
(1843, 54, 2711, '0000-00-00 00:00:00'),
(1844, 65, 2711, '0000-00-00 00:00:00'),
(1845, 66, 2711, '0000-00-00 00:00:00'),
(1846, 97, 2711, '0000-00-00 00:00:00'),
(1847, 156, 2711, '0000-00-00 00:00:00'),
(1848, 170, 2711, '0000-00-00 00:00:00'),
(1849, 41, 2712, '0000-00-00 00:00:00'),
(1850, 46, 2712, '0000-00-00 00:00:00'),
(1851, 54, 2712, '0000-00-00 00:00:00'),
(1852, 61, 2712, '0000-00-00 00:00:00'),
(1853, 80, 2712, '0000-00-00 00:00:00'),
(1854, 90, 2712, '0000-00-00 00:00:00'),
(1855, 221, 2712, '0000-00-00 00:00:00'),
(1856, 243, 2712, '0000-00-00 00:00:00'),
(1857, 258, 2712, '0000-00-00 00:00:00'),
(1858, 259, 2712, '0000-00-00 00:00:00'),
(1859, 8, 1691, '0000-00-00 00:00:00'),
(1860, 9, 1691, '0000-00-00 00:00:00'),
(1861, 10, 1691, '0000-00-00 00:00:00'),
(1862, 9, 2713, '0000-00-00 00:00:00'),
(1863, 10, 2713, '0000-00-00 00:00:00'),
(1864, 54, 2713, '0000-00-00 00:00:00'),
(1865, 209, 2713, '0000-00-00 00:00:00'),
(1866, 260, 2713, '0000-00-00 00:00:00'),
(1867, 8, 2600, '0000-00-00 00:00:00'),
(1868, 9, 2600, '0000-00-00 00:00:00'),
(1869, 29, 2600, '0000-00-00 00:00:00'),
(1870, 222, 2600, '0000-00-00 00:00:00'),
(1871, 8, 2714, '0000-00-00 00:00:00'),
(1872, 9, 2714, '0000-00-00 00:00:00'),
(1873, 86, 2714, '0000-00-00 00:00:00'),
(1874, 149, 2714, '0000-00-00 00:00:00'),
(1875, 251, 2714, '0000-00-00 00:00:00'),
(1876, 255, 2714, '0000-00-00 00:00:00'),
(1877, 261, 2714, '0000-00-00 00:00:00'),
(1878, 6, 2683, '0000-00-00 00:00:00'),
(1879, 9, 2683, '0000-00-00 00:00:00'),
(1880, 36, 2683, '0000-00-00 00:00:00'),
(1881, 70, 2683, '0000-00-00 00:00:00'),
(1882, 252, 2683, '0000-00-00 00:00:00'),
(1883, 6, 2706, '0000-00-00 00:00:00'),
(1884, 9, 2706, '0000-00-00 00:00:00'),
(1885, 70, 2706, '0000-00-00 00:00:00'),
(1886, 100, 2706, '0000-00-00 00:00:00'),
(1887, 256, 2706, '0000-00-00 00:00:00'),
(1888, 257, 2706, '0000-00-00 00:00:00'),
(1889, 1, 2736, '0000-00-00 00:00:00'),
(1890, 1, 2734, '0000-00-00 00:00:00'),
(1891, 1, 2732, '0000-00-00 00:00:00'),
(1892, 1, 2730, '0000-00-00 00:00:00'),
(1893, 1, 2728, '0000-00-00 00:00:00'),
(1894, 1, 2726, '0000-00-00 00:00:00'),
(1895, 9, 2686, '0000-00-00 00:00:00'),
(1896, 10, 2686, '0000-00-00 00:00:00'),
(1897, 98, 2686, '0000-00-00 00:00:00'),
(1898, 253, 2686, '0000-00-00 00:00:00'),
(1899, 254, 2686, '0000-00-00 00:00:00'),
(1900, 6, 2737, '0000-00-00 00:00:00'),
(1901, 46, 2737, '0000-00-00 00:00:00'),
(1902, 54, 2737, '0000-00-00 00:00:00'),
(1903, 98, 2737, '0000-00-00 00:00:00'),
(1904, 156, 2737, '0000-00-00 00:00:00'),
(1905, 253, 2737, '0000-00-00 00:00:00'),
(1906, 41, 2636, '0000-00-00 00:00:00'),
(1907, 54, 2636, '0000-00-00 00:00:00'),
(1908, 113, 2636, '0000-00-00 00:00:00'),
(1909, 243, 2636, '0000-00-00 00:00:00'),
(1910, 244, 2636, '0000-00-00 00:00:00'),
(1911, 11, 2741, '0000-00-00 00:00:00'),
(1912, 18, 2741, '0000-00-00 00:00:00'),
(1913, 190, 2741, '0000-00-00 00:00:00'),
(1914, 263, 2741, '0000-00-00 00:00:00'),
(1915, 264, 2741, '0000-00-00 00:00:00'),
(1916, 265, 2741, '0000-00-00 00:00:00'),
(1917, 8, 2742, '0000-00-00 00:00:00'),
(1918, 9, 2742, '0000-00-00 00:00:00'),
(1919, 10, 2742, '0000-00-00 00:00:00'),
(1920, 1, 2724, '0000-00-00 00:00:00'),
(1921, 1, 2772, '0000-00-00 00:00:00'),
(1922, 1, 2769, '0000-00-00 00:00:00'),
(1923, 1, 2767, '0000-00-00 00:00:00'),
(1924, 1, 2766, '0000-00-00 00:00:00'),
(1925, 1, 2762, '0000-00-00 00:00:00'),
(1926, 1, 2759, '0000-00-00 00:00:00'),
(1927, 6, 2773, '0000-00-00 00:00:00'),
(1928, 98, 2773, '0000-00-00 00:00:00'),
(1929, 266, 2773, '0000-00-00 00:00:00'),
(1930, 11, 2774, '0000-00-00 00:00:00'),
(1931, 13, 2774, '0000-00-00 00:00:00'),
(1932, 114, 2774, '0000-00-00 00:00:00'),
(1933, 190, 2774, '0000-00-00 00:00:00'),
(1934, 237, 2774, '0000-00-00 00:00:00'),
(1935, 263, 2774, '0000-00-00 00:00:00'),
(1936, 264, 2774, '0000-00-00 00:00:00'),
(1937, 265, 2774, '0000-00-00 00:00:00'),
(1938, 9, 2775, '0000-00-00 00:00:00'),
(1939, 46, 2775, '0000-00-00 00:00:00'),
(1940, 54, 2775, '0000-00-00 00:00:00'),
(1941, 162, 2775, '0000-00-00 00:00:00'),
(1942, 46, 2628, '0000-00-00 00:00:00'),
(1943, 98, 2628, '0000-00-00 00:00:00'),
(1944, 173, 2628, '0000-00-00 00:00:00'),
(1945, 227, 2628, '0000-00-00 00:00:00'),
(1946, 235, 2628, '0000-00-00 00:00:00'),
(1947, 46, 2777, '0000-00-00 00:00:00'),
(1948, 268, 2777, '0000-00-00 00:00:00'),
(1949, 269, 2777, '0000-00-00 00:00:00'),
(1950, 1, 2650, '0000-00-00 00:00:00'),
(1951, 1, 2676, '0000-00-00 00:00:00'),
(1952, 1, 2675, '0000-00-00 00:00:00'),
(1953, 1, 2673, '0000-00-00 00:00:00'),
(1954, 1, 2671, '0000-00-00 00:00:00'),
(1955, 6, 2666, '0000-00-00 00:00:00'),
(1956, 1, 2670, '0000-00-00 00:00:00'),
(1957, 1, 2669, '0000-00-00 00:00:00'),
(1958, 1, 2682, '0000-00-00 00:00:00'),
(1959, 1, 2680, '0000-00-00 00:00:00'),
(1960, 1, 2703, '0000-00-00 00:00:00'),
(1961, 41, 2696, '0000-00-00 00:00:00'),
(1962, 54, 2696, '0000-00-00 00:00:00'),
(1963, 113, 2696, '0000-00-00 00:00:00'),
(1964, 243, 2696, '0000-00-00 00:00:00'),
(1965, 1, 2702, '0000-00-00 00:00:00'),
(1966, 6, 2697, '0000-00-00 00:00:00'),
(1967, 6, 2719, '0000-00-00 00:00:00'),
(1968, 11, 2721, '0000-00-00 00:00:00'),
(1969, 12, 2721, '0000-00-00 00:00:00'),
(1970, 13, 2721, '0000-00-00 00:00:00'),
(1971, 190, 2721, '0000-00-00 00:00:00'),
(1972, 1, 2755, '0000-00-00 00:00:00'),
(1973, 1, 2783, '0000-00-00 00:00:00'),
(1974, 1, 2782, '0000-00-00 00:00:00'),
(1975, 11, 2751, '0000-00-00 00:00:00'),
(1976, 12, 2751, '0000-00-00 00:00:00'),
(1977, 13, 2751, '0000-00-00 00:00:00'),
(1978, 190, 2751, '0000-00-00 00:00:00'),
(1979, 1, 2723, '0000-00-00 00:00:00'),
(1980, 41, 2716, '0000-00-00 00:00:00'),
(1981, 54, 2716, '0000-00-00 00:00:00'),
(1982, 113, 2716, '0000-00-00 00:00:00'),
(1983, 243, 2716, '0000-00-00 00:00:00'),
(1984, 6, 2629, '0000-00-00 00:00:00'),
(1985, 98, 2629, '0000-00-00 00:00:00'),
(1986, 239, 2629, '0000-00-00 00:00:00'),
(1987, 253, 2629, '0000-00-00 00:00:00'),
(1988, 6, 2717, '0000-00-00 00:00:00'),
(1989, 1, 2729, '0000-00-00 00:00:00'),
(1990, 1, 2727, '0000-00-00 00:00:00'),
(1991, 1, 2725, '0000-00-00 00:00:00'),
(1992, 11, 2720, '0000-00-00 00:00:00'),
(1993, 12, 2720, '0000-00-00 00:00:00'),
(1994, 13, 2720, '0000-00-00 00:00:00'),
(1995, 190, 2720, '0000-00-00 00:00:00'),
(1996, 1, 2731, '0000-00-00 00:00:00'),
(1997, 6, 2718, '0000-00-00 00:00:00'),
(1998, 1, 2733, '0000-00-00 00:00:00'),
(1999, 1, 2735, '0000-00-00 00:00:00'),
(2000, 11, 2722, '0000-00-00 00:00:00'),
(2001, 12, 2722, '0000-00-00 00:00:00'),
(2002, 13, 2722, '0000-00-00 00:00:00'),
(2003, 190, 2722, '0000-00-00 00:00:00'),
(2004, 6, 2750, '0000-00-00 00:00:00'),
(2005, 1, 2771, '0000-00-00 00:00:00'),
(2006, 11, 2752, '0000-00-00 00:00:00'),
(2007, 12, 2752, '0000-00-00 00:00:00'),
(2008, 13, 2752, '0000-00-00 00:00:00'),
(2009, 190, 2752, '0000-00-00 00:00:00'),
(2010, 6, 2749, '0000-00-00 00:00:00'),
(2011, 1, 2770, '0000-00-00 00:00:00'),
(2012, 1, 2768, '0000-00-00 00:00:00'),
(2013, 1, 2765, '0000-00-00 00:00:00'),
(2014, 1, 2764, '0000-00-00 00:00:00'),
(2015, 41, 2747, '0000-00-00 00:00:00'),
(2016, 54, 2747, '0000-00-00 00:00:00'),
(2017, 113, 2747, '0000-00-00 00:00:00'),
(2018, 243, 2747, '0000-00-00 00:00:00'),
(2019, 1, 2763, '0000-00-00 00:00:00'),
(2020, 1, 2761, '0000-00-00 00:00:00'),
(2021, 1, 2760, '0000-00-00 00:00:00'),
(2022, 1, 2758, '0000-00-00 00:00:00'),
(2023, 1, 2757, '0000-00-00 00:00:00'),
(2024, 1, 2756, '0000-00-00 00:00:00'),
(2025, 6, 2748, '0000-00-00 00:00:00'),
(2026, 1, 2746, '0000-00-00 00:00:00'),
(2027, 1, 2745, '0000-00-00 00:00:00'),
(2028, 1, 2743, '0000-00-00 00:00:00'),
(2029, 1, 2754, '0000-00-00 00:00:00'),
(2030, 6, 2778, '0000-00-00 00:00:00'),
(2031, 1, 2781, '0000-00-00 00:00:00'),
(2032, 1, 2780, '0000-00-00 00:00:00'),
(2033, 1, 2779, '0000-00-00 00:00:00'),
(2034, 1, 2785, '0000-00-00 00:00:00'),
(2035, 6, 2790, '0000-00-00 00:00:00'),
(2036, 1, 2811, '0000-00-00 00:00:00'),
(2037, 1, 2810, '0000-00-00 00:00:00'),
(2038, 29, 2784, '0000-00-00 00:00:00'),
(2039, 94, 2784, '0000-00-00 00:00:00'),
(2040, 95, 2784, '0000-00-00 00:00:00'),
(2041, 222, 2784, '0000-00-00 00:00:00'),
(2042, 1, 2809, '0000-00-00 00:00:00'),
(2043, 1, 2808, '0000-00-00 00:00:00'),
(2044, 1, 2807, '0000-00-00 00:00:00'),
(2045, 11, 2792, '0000-00-00 00:00:00'),
(2046, 12, 2792, '0000-00-00 00:00:00'),
(2047, 13, 2792, '0000-00-00 00:00:00'),
(2048, 190, 2792, '0000-00-00 00:00:00'),
(2049, 6, 2789, '0000-00-00 00:00:00'),
(2050, 1, 2806, '0000-00-00 00:00:00'),
(2051, 1, 2805, '0000-00-00 00:00:00'),
(2052, 1, 2804, '0000-00-00 00:00:00'),
(2053, 11, 2791, '0000-00-00 00:00:00'),
(2054, 12, 2791, '0000-00-00 00:00:00'),
(2055, 13, 2791, '0000-00-00 00:00:00'),
(2056, 190, 2791, '0000-00-00 00:00:00'),
(2057, 6, 2788, '0000-00-00 00:00:00'),
(2058, 1, 2803, '0000-00-00 00:00:00'),
(2059, 1, 2802, '0000-00-00 00:00:00'),
(2060, 1, 2801, '0000-00-00 00:00:00'),
(2061, 1, 2800, '0000-00-00 00:00:00'),
(2062, 6, 2787, '0000-00-00 00:00:00'),
(2063, 1, 2799, '0000-00-00 00:00:00'),
(2064, 1, 2798, '0000-00-00 00:00:00'),
(2065, 1, 2797, '0000-00-00 00:00:00'),
(2066, 1, 2796, '0000-00-00 00:00:00'),
(2067, 6, 2786, '0000-00-00 00:00:00'),
(2068, 1, 2795, '0000-00-00 00:00:00'),
(2069, 1, 2794, '0000-00-00 00:00:00'),
(2070, 1, 2793, '0000-00-00 00:00:00'),
(2071, 270, 2812, '0000-00-00 00:00:00'),
(2072, 271, 2812, '0000-00-00 00:00:00'),
(2073, 272, 2812, '0000-00-00 00:00:00'),
(2074, 54, 2816, '0000-00-00 00:00:00'),
(2075, 61, 2816, '0000-00-00 00:00:00'),
(2076, 65, 2816, '0000-00-00 00:00:00'),
(2077, 175, 2816, '0000-00-00 00:00:00'),
(2078, 1, 2825, '0000-00-00 00:00:00'),
(2079, 1, 2824, '0000-00-00 00:00:00'),
(2080, 46, 2817, '0000-00-00 00:00:00'),
(2081, 54, 2817, '0000-00-00 00:00:00'),
(2082, 275, 2817, '0000-00-00 00:00:00'),
(2083, 276, 2817, '0000-00-00 00:00:00'),
(2084, 277, 2817, '0000-00-00 00:00:00'),
(2085, 9, 2828, '0000-00-00 00:00:00'),
(2086, 54, 2828, '0000-00-00 00:00:00'),
(2087, 162, 2828, '0000-00-00 00:00:00'),
(2088, 9, 2829, '0000-00-00 00:00:00'),
(2089, 54, 2829, '0000-00-00 00:00:00'),
(2090, 137, 2829, '0000-00-00 00:00:00'),
(2091, 162, 2829, '0000-00-00 00:00:00'),
(2092, 9, 2830, '0000-00-00 00:00:00'),
(2093, 46, 2830, '0000-00-00 00:00:00'),
(2094, 54, 2830, '0000-00-00 00:00:00'),
(2095, 137, 2830, '0000-00-00 00:00:00'),
(2096, 162, 2830, '0000-00-00 00:00:00'),
(2097, 9, 2831, '0000-00-00 00:00:00'),
(2098, 46, 2831, '0000-00-00 00:00:00'),
(2099, 54, 2831, '0000-00-00 00:00:00'),
(2100, 137, 2831, '0000-00-00 00:00:00'),
(2101, 162, 2831, '0000-00-00 00:00:00'),
(2102, 6, 2832, '0000-00-00 00:00:00'),
(2103, 46, 2832, '0000-00-00 00:00:00'),
(2104, 49, 2832, '0000-00-00 00:00:00'),
(2105, 54, 2832, '0000-00-00 00:00:00'),
(2106, 156, 2832, '0000-00-00 00:00:00'),
(2107, 211, 2832, '0000-00-00 00:00:00'),
(2108, 225, 2832, '0000-00-00 00:00:00'),
(2109, 254, 2832, '0000-00-00 00:00:00'),
(2110, 278, 2832, '0000-00-00 00:00:00'),
(2111, 6, 2834, '0000-00-00 00:00:00'),
(2112, 46, 2834, '0000-00-00 00:00:00'),
(2113, 54, 2834, '0000-00-00 00:00:00'),
(2114, 66, 2834, '0000-00-00 00:00:00'),
(2115, 97, 2834, '0000-00-00 00:00:00'),
(2116, 98, 2834, '0000-00-00 00:00:00'),
(2117, 156, 2834, '0000-00-00 00:00:00'),
(2118, 1, 2827, '0000-00-00 00:00:00'),
(2119, 6, 2819, '0000-00-00 00:00:00'),
(2120, 1, 2826, '0000-00-00 00:00:00'),
(2121, 1, 2823, '0000-00-00 00:00:00'),
(2122, 1, 2822, '0000-00-00 00:00:00'),
(2123, 1, 2821, '0000-00-00 00:00:00'),
(2124, 1, 2820, '0000-00-00 00:00:00'),
(2125, 6, 2818, '0000-00-00 00:00:00'),
(2126, 1, 2852, '0000-00-00 00:00:00'),
(2127, 1, 2850, '0000-00-00 00:00:00'),
(2128, 6, 2837, '0000-00-00 00:00:00'),
(2129, 1, 2851, '0000-00-00 00:00:00'),
(2130, 1, 2849, '0000-00-00 00:00:00'),
(2131, 29, 2835, '0000-00-00 00:00:00'),
(2132, 94, 2835, '0000-00-00 00:00:00'),
(2133, 95, 2835, '0000-00-00 00:00:00'),
(2134, 222, 2835, '0000-00-00 00:00:00'),
(2135, 1, 2842, '0000-00-00 00:00:00'),
(2136, 6, 2856, '0000-00-00 00:00:00'),
(2137, 46, 2856, '0000-00-00 00:00:00'),
(2138, 54, 2856, '0000-00-00 00:00:00'),
(2139, 98, 2856, '0000-00-00 00:00:00'),
(2140, 156, 2856, '0000-00-00 00:00:00'),
(2141, 253, 2856, '0000-00-00 00:00:00'),
(2142, 280, 2857, '0000-00-00 00:00:00'),
(2143, 6, 2858, '0000-00-00 00:00:00'),
(2144, 41, 2858, '0000-00-00 00:00:00'),
(2145, 46, 2858, '0000-00-00 00:00:00'),
(2146, 88, 2858, '0000-00-00 00:00:00'),
(2147, 98, 2858, '0000-00-00 00:00:00'),
(2148, 243, 2858, '0000-00-00 00:00:00'),
(2149, 54, 2859, '0000-00-00 00:00:00'),
(2150, 56, 2859, '0000-00-00 00:00:00'),
(2151, 169, 2859, '0000-00-00 00:00:00'),
(2152, 178, 2409, '0000-00-00 00:00:00'),
(2153, 179, 2409, '0000-00-00 00:00:00'),
(2154, 1, 2885, '0000-00-00 00:00:00'),
(2155, 6, 2872, '0000-00-00 00:00:00'),
(2156, 6, 2871, '0000-00-00 00:00:00'),
(2157, 1, 2883, '0000-00-00 00:00:00'),
(2158, 1, 2879, '0000-00-00 00:00:00'),
(2159, 1, 2877, '0000-00-00 00:00:00'),
(2160, 41, 2864, '0000-00-00 00:00:00'),
(2161, 54, 2864, '0000-00-00 00:00:00'),
(2162, 113, 2864, '0000-00-00 00:00:00'),
(2163, 243, 2864, '0000-00-00 00:00:00'),
(2164, 1, 2876, '0000-00-00 00:00:00'),
(2165, 6, 2866, '0000-00-00 00:00:00'),
(2166, 9, 2566, '0000-00-00 00:00:00'),
(2167, 10, 2566, '0000-00-00 00:00:00'),
(2168, 16, 2813, '0000-00-00 00:00:00'),
(2169, 41, 2813, '0000-00-00 00:00:00'),
(2170, 54, 2813, '0000-00-00 00:00:00'),
(2171, 80, 2813, '0000-00-00 00:00:00'),
(2172, 90, 2813, '0000-00-00 00:00:00'),
(2173, 151, 2813, '0000-00-00 00:00:00'),
(2174, 160, 2813, '0000-00-00 00:00:00'),
(2175, 169, 2813, '0000-00-00 00:00:00'),
(2176, 243, 2813, '0000-00-00 00:00:00'),
(2177, 273, 2813, '0000-00-00 00:00:00'),
(2178, 1, 2881, '0000-00-00 00:00:00'),
(2179, 9, 2873, '0000-00-00 00:00:00'),
(2180, 11, 2873, '0000-00-00 00:00:00'),
(2181, 13, 2873, '0000-00-00 00:00:00'),
(2182, 16, 2873, '0000-00-00 00:00:00'),
(2183, 49, 2873, '0000-00-00 00:00:00'),
(2184, 94, 2873, '0000-00-00 00:00:00'),
(2185, 95, 2873, '0000-00-00 00:00:00'),
(2186, 190, 2873, '0000-00-00 00:00:00'),
(2187, 11, 2432, '0000-00-00 00:00:00'),
(2188, 12, 2432, '0000-00-00 00:00:00'),
(2189, 13, 2432, '0000-00-00 00:00:00'),
(2190, 190, 2432, '0000-00-00 00:00:00'),
(2191, 11, 2423, '0000-00-00 00:00:00'),
(2192, 12, 2423, '0000-00-00 00:00:00'),
(2193, 13, 2423, '0000-00-00 00:00:00'),
(2194, 49, 2423, '0000-00-00 00:00:00'),
(2195, 54, 2423, '0000-00-00 00:00:00'),
(2196, 186, 2423, '0000-00-00 00:00:00'),
(2197, 190, 2423, '0000-00-00 00:00:00'),
(2198, 9, 2591, '0000-00-00 00:00:00'),
(2199, 10, 2591, '0000-00-00 00:00:00'),
(2200, 54, 2591, '0000-00-00 00:00:00'),
(2201, 208, 2591, '0000-00-00 00:00:00'),
(2202, 209, 2591, '0000-00-00 00:00:00'),
(2203, 210, 2591, '0000-00-00 00:00:00'),
(2204, 16, 2567, '0000-00-00 00:00:00'),
(2205, 54, 2567, '0000-00-00 00:00:00'),
(2206, 114, 2567, '0000-00-00 00:00:00'),
(2207, 238, 2567, '0000-00-00 00:00:00'),
(2208, 98, 2334, '0000-00-00 00:00:00'),
(2209, 99, 2334, '0000-00-00 00:00:00'),
(2210, 54, 2944, '0000-00-00 00:00:00'),
(2211, 169, 2944, '0000-00-00 00:00:00'),
(2212, 282, 2944, '0000-00-00 00:00:00'),
(2213, 54, 2945, '0000-00-00 00:00:00'),
(2214, 56, 2945, '0000-00-00 00:00:00'),
(2215, 169, 2945, '0000-00-00 00:00:00'),
(2216, 18, 2776, '0000-00-00 00:00:00'),
(2217, 70, 2776, '0000-00-00 00:00:00'),
(2218, 98, 2776, '0000-00-00 00:00:00'),
(2219, 267, 2776, '0000-00-00 00:00:00'),
(2220, 54, 2947, '0000-00-00 00:00:00'),
(2221, 60, 2947, '0000-00-00 00:00:00'),
(2222, 160, 2947, '0000-00-00 00:00:00'),
(2223, 6, 2948, '0000-00-00 00:00:00'),
(2224, 54, 2948, '0000-00-00 00:00:00'),
(2225, 66, 2948, '0000-00-00 00:00:00'),
(2226, 97, 2948, '0000-00-00 00:00:00'),
(2227, 98, 2948, '0000-00-00 00:00:00'),
(2228, 156, 2948, '0000-00-00 00:00:00'),
(2229, 170, 2948, '0000-00-00 00:00:00'),
(2230, 275, 2948, '0000-00-00 00:00:00'),
(2231, 9, 2986, '0000-00-00 00:00:00'),
(2232, 29, 2986, '0000-00-00 00:00:00'),
(2233, 49, 2986, '0000-00-00 00:00:00'),
(2234, 94, 2986, '0000-00-00 00:00:00'),
(2235, 222, 2986, '0000-00-00 00:00:00'),
(2236, 41, 2987, '0000-00-00 00:00:00'),
(2237, 88, 2987, '0000-00-00 00:00:00'),
(2238, 98, 2987, '0000-00-00 00:00:00'),
(2239, 243, 2987, '0000-00-00 00:00:00'),
(2240, 287, 2987, '0000-00-00 00:00:00'),
(2241, 288, 2987, '0000-00-00 00:00:00'),
(2242, 16, 2946, '0000-00-00 00:00:00'),
(2243, 54, 2946, '0000-00-00 00:00:00'),
(2244, 125, 2946, '0000-00-00 00:00:00'),
(2245, 160, 2946, '0000-00-00 00:00:00'),
(2246, 169, 2946, '0000-00-00 00:00:00'),
(2247, 273, 2946, '0000-00-00 00:00:00'),
(2248, 54, 2988, '0000-00-00 00:00:00'),
(2249, 161, 2988, '0000-00-00 00:00:00'),
(2250, 282, 2988, '0000-00-00 00:00:00'),
(2251, 289, 2988, '0000-00-00 00:00:00'),
(2252, 290, 2988, '0000-00-00 00:00:00'),
(2253, 9, 2989, '0000-00-00 00:00:00'),
(2254, 10, 2989, '0000-00-00 00:00:00'),
(2255, 291, 2989, '0000-00-00 00:00:00'),
(2256, 292, 2989, '0000-00-00 00:00:00'),
(2257, 6, 2990, '0000-00-00 00:00:00'),
(2258, 41, 2990, '0000-00-00 00:00:00'),
(2259, 98, 2990, '0000-00-00 00:00:00'),
(2260, 243, 2990, '0000-00-00 00:00:00'),
(2261, 46, 2991, '0000-00-00 00:00:00'),
(2262, 270, 2991, '0000-00-00 00:00:00'),
(2263, 9, 2992, '0000-00-00 00:00:00'),
(2264, 54, 2992, '0000-00-00 00:00:00'),
(2265, 137, 2992, '0000-00-00 00:00:00'),
(2266, 162, 2992, '0000-00-00 00:00:00'),
(2267, 54, 2993, '0000-00-00 00:00:00'),
(2268, 60, 2993, '0000-00-00 00:00:00'),
(2269, 155, 2993, '0000-00-00 00:00:00'),
(2270, 293, 2993, '0000-00-00 00:00:00'),
(2271, 294, 2993, '0000-00-00 00:00:00'),
(2272, 60, 2994, '0000-00-00 00:00:00'),
(2273, 155, 2994, '0000-00-00 00:00:00'),
(2274, 293, 2994, '0000-00-00 00:00:00'),
(2275, 1, 2896, '0000-00-00 00:00:00'),
(2276, 1, 2836, '0000-00-00 00:00:00'),
(2277, 1, 2848, '0000-00-00 00:00:00'),
(2278, 1, 2847, '0000-00-00 00:00:00'),
(2279, 1, 2846, '0000-00-00 00:00:00'),
(2280, 11, 2874, '0000-00-00 00:00:00'),
(2281, 12, 2874, '0000-00-00 00:00:00'),
(2282, 13, 2874, '0000-00-00 00:00:00'),
(2283, 190, 2874, '0000-00-00 00:00:00'),
(2284, 1, 2845, '0000-00-00 00:00:00'),
(2285, 1, 2844, '0000-00-00 00:00:00'),
(2286, 1, 2843, '0000-00-00 00:00:00'),
(2287, 11, 2838, '0000-00-00 00:00:00'),
(2288, 12, 2838, '0000-00-00 00:00:00'),
(2289, 13, 2838, '0000-00-00 00:00:00'),
(2290, 190, 2838, '0000-00-00 00:00:00'),
(2291, 1, 2886, '0000-00-00 00:00:00'),
(2292, 6, 2870, '0000-00-00 00:00:00'),
(2293, 1, 2884, '0000-00-00 00:00:00'),
(2294, 1, 2862, '0000-00-00 00:00:00'),
(2295, 6, 2869, '0000-00-00 00:00:00'),
(2296, 1, 2882, '0000-00-00 00:00:00'),
(2297, 1, 2880, '0000-00-00 00:00:00'),
(2298, 6, 2868, '0000-00-00 00:00:00'),
(2299, 1, 2878, '0000-00-00 00:00:00'),
(2300, 6, 2867, '0000-00-00 00:00:00'),
(2301, 29, 2861, '0000-00-00 00:00:00'),
(2302, 94, 2861, '0000-00-00 00:00:00'),
(2303, 95, 2861, '0000-00-00 00:00:00'),
(2304, 222, 2861, '0000-00-00 00:00:00'),
(2305, 1, 2875, '0000-00-00 00:00:00'),
(2306, 6, 2865, '0000-00-00 00:00:00'),
(2307, 1, 2920, '0000-00-00 00:00:00'),
(2308, 1, 2919, '0000-00-00 00:00:00'),
(2309, 1, 2918, '0000-00-00 00:00:00'),
(2310, 1, 2895, '0000-00-00 00:00:00'),
(2311, 1, 2914, '0000-00-00 00:00:00'),
(2312, 1, 2913, '0000-00-00 00:00:00'),
(2313, 6, 2902, '0000-00-00 00:00:00'),
(2314, 6, 2901, '0000-00-00 00:00:00'),
(2315, 11, 2906, '0000-00-00 00:00:00'),
(2316, 12, 2906, '0000-00-00 00:00:00'),
(2317, 13, 2906, '0000-00-00 00:00:00'),
(2318, 190, 2906, '0000-00-00 00:00:00'),
(2319, 6, 2900, '0000-00-00 00:00:00'),
(2320, 41, 2897, '0000-00-00 00:00:00'),
(2321, 54, 2897, '0000-00-00 00:00:00'),
(2322, 113, 2897, '0000-00-00 00:00:00'),
(2323, 243, 2897, '0000-00-00 00:00:00'),
(2324, 11, 2905, '0000-00-00 00:00:00'),
(2325, 12, 2905, '0000-00-00 00:00:00'),
(2326, 13, 2905, '0000-00-00 00:00:00'),
(2327, 190, 2905, '0000-00-00 00:00:00'),
(2328, 1, 2912, '0000-00-00 00:00:00'),
(2329, 29, 2889, '0000-00-00 00:00:00'),
(2330, 94, 2889, '0000-00-00 00:00:00'),
(2331, 95, 2889, '0000-00-00 00:00:00'),
(2332, 222, 2889, '0000-00-00 00:00:00'),
(2333, 1, 2941, '0000-00-00 00:00:00'),
(2334, 1, 2940, '0000-00-00 00:00:00'),
(2335, 41, 2922, '0000-00-00 00:00:00'),
(2336, 54, 2922, '0000-00-00 00:00:00'),
(2337, 113, 2922, '0000-00-00 00:00:00'),
(2338, 243, 2922, '0000-00-00 00:00:00'),
(2339, 6, 2925, '0000-00-00 00:00:00'),
(2340, 1, 2939, '0000-00-00 00:00:00'),
(2341, 1, 2938, '0000-00-00 00:00:00'),
(2342, 1, 2937, '0000-00-00 00:00:00'),
(2343, 29, 2921, '0000-00-00 00:00:00'),
(2344, 94, 2921, '0000-00-00 00:00:00'),
(2345, 95, 2921, '0000-00-00 00:00:00'),
(2346, 222, 2921, '0000-00-00 00:00:00'),
(2347, 1, 2936, '0000-00-00 00:00:00'),
(2348, 1, 2935, '0000-00-00 00:00:00'),
(2349, 1, 2934, '0000-00-00 00:00:00'),
(2350, 1, 2933, '0000-00-00 00:00:00'),
(2351, 6, 2924, '0000-00-00 00:00:00'),
(2352, 1, 2932, '0000-00-00 00:00:00'),
(2353, 6, 2923, '0000-00-00 00:00:00'),
(2354, 1, 2931, '0000-00-00 00:00:00'),
(2355, 1, 2930, '0000-00-00 00:00:00'),
(2356, 1, 2929, '0000-00-00 00:00:00'),
(2357, 1, 2928, '0000-00-00 00:00:00'),
(2358, 1, 2927, '0000-00-00 00:00:00'),
(2359, 1, 2952, '0000-00-00 00:00:00'),
(2360, 6, 2960, '0000-00-00 00:00:00'),
(2361, 11, 2963, '0000-00-00 00:00:00'),
(2362, 12, 2963, '0000-00-00 00:00:00'),
(2363, 13, 2963, '0000-00-00 00:00:00'),
(2364, 190, 2963, '0000-00-00 00:00:00'),
(2365, 1, 2973, '0000-00-00 00:00:00'),
(2366, 1, 2972, '0000-00-00 00:00:00'),
(2367, 1, 2971, '0000-00-00 00:00:00'),
(2368, 1, 2970, '0000-00-00 00:00:00'),
(2369, 6, 2959, '0000-00-00 00:00:00'),
(2370, 6, 2958, '0000-00-00 00:00:00'),
(2371, 6, 2957, '0000-00-00 00:00:00'),
(2372, 6, 3004, '0000-00-00 00:00:00'),
(2373, 1, 2984, '0000-00-00 00:00:00'),
(2374, 1, 2983, '0000-00-00 00:00:00'),
(2375, 1, 2982, '0000-00-00 00:00:00'),
(2376, 11, 3006, '0000-00-00 00:00:00'),
(2377, 12, 3006, '0000-00-00 00:00:00'),
(2378, 13, 3006, '0000-00-00 00:00:00'),
(2379, 190, 3006, '0000-00-00 00:00:00'),
(2380, 1, 3023, '0000-00-00 00:00:00'),
(2381, 1, 3022, '0000-00-00 00:00:00'),
(2382, 6, 3003, '0000-00-00 00:00:00'),
(2383, 1, 3021, '0000-00-00 00:00:00'),
(2384, 1, 3020, '0000-00-00 00:00:00'),
(2385, 1, 2894, '0000-00-00 00:00:00'),
(2386, 1, 2893, '0000-00-00 00:00:00'),
(2387, 1, 2892, '0000-00-00 00:00:00'),
(2388, 1, 2891, '0000-00-00 00:00:00'),
(2389, 1, 2917, '0000-00-00 00:00:00'),
(2390, 1, 2916, '0000-00-00 00:00:00'),
(2391, 1, 2915, '0000-00-00 00:00:00'),
(2392, 6, 2904, '0000-00-00 00:00:00'),
(2393, 1, 2890, '0000-00-00 00:00:00'),
(2394, 6, 2903, '0000-00-00 00:00:00'),
(2395, 1, 2911, '0000-00-00 00:00:00'),
(2396, 1, 2910, '0000-00-00 00:00:00'),
(2397, 1, 2909, '0000-00-00 00:00:00'),
(2398, 6, 2899, '0000-00-00 00:00:00'),
(2399, 1, 2908, '0000-00-00 00:00:00'),
(2400, 1, 2907, '0000-00-00 00:00:00'),
(2401, 6, 2898, '0000-00-00 00:00:00'),
(2402, 1, 2943, '0000-00-00 00:00:00'),
(2403, 11, 2926, '0000-00-00 00:00:00'),
(2404, 12, 2926, '0000-00-00 00:00:00'),
(2405, 13, 2926, '0000-00-00 00:00:00'),
(2406, 190, 2926, '0000-00-00 00:00:00'),
(2407, 1, 2942, '0000-00-00 00:00:00'),
(2408, 1, 2979, '0000-00-00 00:00:00'),
(2409, 6, 2962, '0000-00-00 00:00:00'),
(2410, 1, 2978, '0000-00-00 00:00:00'),
(2411, 1, 2977, '0000-00-00 00:00:00'),
(2412, 1, 2976, '0000-00-00 00:00:00'),
(2413, 1, 2975, '0000-00-00 00:00:00'),
(2414, 1, 2953, '0000-00-00 00:00:00'),
(2415, 6, 2961, '0000-00-00 00:00:00'),
(2416, 11, 2964, '0000-00-00 00:00:00'),
(2417, 12, 2964, '0000-00-00 00:00:00'),
(2418, 13, 2964, '0000-00-00 00:00:00'),
(2419, 190, 2964, '0000-00-00 00:00:00'),
(2420, 1, 2974, '0000-00-00 00:00:00'),
(2421, 29, 2951, '0000-00-00 00:00:00'),
(2422, 94, 2951, '0000-00-00 00:00:00'),
(2423, 95, 2951, '0000-00-00 00:00:00'),
(2424, 222, 2951, '0000-00-00 00:00:00'),
(2425, 6, 2956, '0000-00-00 00:00:00'),
(2426, 1, 2969, '0000-00-00 00:00:00'),
(2427, 1, 2968, '0000-00-00 00:00:00'),
(2428, 6, 2955, '0000-00-00 00:00:00'),
(2429, 6, 2954, '0000-00-00 00:00:00'),
(2430, 1, 2967, '0000-00-00 00:00:00'),
(2431, 1, 2966, '0000-00-00 00:00:00'),
(2432, 1, 2985, '0000-00-00 00:00:00'),
(2433, 6, 3002, '0000-00-00 00:00:00'),
(2434, 1, 3019, '0000-00-00 00:00:00'),
(2435, 1, 3018, '0000-00-00 00:00:00'),
(2436, 1, 2996, '0000-00-00 00:00:00'),
(2437, 6, 3001, '0000-00-00 00:00:00'),
(2438, 1, 3017, '0000-00-00 00:00:00'),
(2439, 1, 3016, '0000-00-00 00:00:00'),
(2440, 8, 3015, '0000-00-00 00:00:00'),
(2441, 41, 3015, '0000-00-00 00:00:00'),
(2442, 49, 3015, '0000-00-00 00:00:00'),
(2443, 80, 3015, '0000-00-00 00:00:00'),
(2444, 90, 3015, '0000-00-00 00:00:00'),
(2445, 235, 3015, '0000-00-00 00:00:00'),
(2446, 243, 3015, '0000-00-00 00:00:00'),
(2447, 295, 3015, '0000-00-00 00:00:00'),
(2448, 296, 3015, '0000-00-00 00:00:00'),
(2449, 1, 3014, '0000-00-00 00:00:00'),
(2450, 1, 3013, '0000-00-00 00:00:00'),
(2451, 1, 3012, '0000-00-00 00:00:00'),
(2452, 6, 3000, '0000-00-00 00:00:00'),
(2453, 1, 3011, '0000-00-00 00:00:00'),
(2454, 1, 3010, '0000-00-00 00:00:00'),
(2455, 6, 2999, '0000-00-00 00:00:00'),
(2456, 46, 2995, '0000-00-00 00:00:00'),
(2457, 156, 2995, '0000-00-00 00:00:00'),
(2458, 238, 2995, '0000-00-00 00:00:00'),
(2459, 268, 2995, '0000-00-00 00:00:00'),
(2460, 1, 3041, '0000-00-00 00:00:00'),
(2461, 6, 3043, '0000-00-00 00:00:00'),
(2462, 20, 3043, '0000-00-00 00:00:00'),
(2463, 46, 3043, '0000-00-00 00:00:00'),
(2464, 54, 3043, '0000-00-00 00:00:00'),
(2465, 98, 3043, '0000-00-00 00:00:00'),
(2466, 121, 3043, '0000-00-00 00:00:00'),
(2467, 156, 3043, '0000-00-00 00:00:00'),
(2468, 46, 3042, '0000-00-00 00:00:00'),
(2469, 131, 3042, '0000-00-00 00:00:00'),
(2470, 161, 3042, '0000-00-00 00:00:00'),
(2471, 235, 3042, '0000-00-00 00:00:00'),
(2472, 6, 3044, '0000-00-00 00:00:00'),
(2473, 46, 3044, '0000-00-00 00:00:00'),
(2474, 54, 3044, '0000-00-00 00:00:00'),
(2475, 98, 3044, '0000-00-00 00:00:00'),
(2476, 156, 3044, '0000-00-00 00:00:00'),
(2477, 297, 3044, '0000-00-00 00:00:00'),
(2478, 6, 3029, '0000-00-00 00:00:00'),
(2479, 1, 3009, '0000-00-00 00:00:00'),
(2480, 1, 3008, '0000-00-00 00:00:00'),
(2481, 41, 2997, '0000-00-00 00:00:00'),
(2482, 54, 2997, '0000-00-00 00:00:00'),
(2483, 113, 2997, '0000-00-00 00:00:00'),
(2484, 243, 2997, '0000-00-00 00:00:00'),
(2485, 1, 3007, '0000-00-00 00:00:00'),
(2486, 6, 2998, '0000-00-00 00:00:00'),
(2487, 1, 3040, '0000-00-00 00:00:00'),
(2488, 1, 3039, '0000-00-00 00:00:00'),
(2489, 6, 3028, '0000-00-00 00:00:00'),
(2490, 1, 3038, '0000-00-00 00:00:00'),
(2491, 1, 3037, '0000-00-00 00:00:00'),
(2492, 6, 3027, '0000-00-00 00:00:00'),
(2493, 1, 3036, '0000-00-00 00:00:00'),
(2494, 6, 3026, '0000-00-00 00:00:00'),
(2495, 1, 3035, '0000-00-00 00:00:00'),
(2496, 29, 3025, '0000-00-00 00:00:00'),
(2497, 94, 3025, '0000-00-00 00:00:00'),
(2498, 95, 3025, '0000-00-00 00:00:00'),
(2499, 222, 3025, '0000-00-00 00:00:00'),
(2500, 1, 3034, '0000-00-00 00:00:00'),
(2501, 1, 3033, '0000-00-00 00:00:00'),
(2502, 1, 3032, '0000-00-00 00:00:00'),
(2503, 11, 3030, '0000-00-00 00:00:00'),
(2504, 12, 3030, '0000-00-00 00:00:00'),
(2505, 13, 3030, '0000-00-00 00:00:00'),
(2506, 190, 3030, '0000-00-00 00:00:00'),
(2507, 1, 3072, '0000-00-00 00:00:00'),
(2508, 1, 3070, '0000-00-00 00:00:00'),
(2509, 1, 3069, '0000-00-00 00:00:00'),
(2510, 1, 3052, '0000-00-00 00:00:00'),
(2511, 1, 3050, '0000-00-00 00:00:00'),
(2512, 1, 3051, '0000-00-00 00:00:00'),
(2513, 29, 3047, '0000-00-00 00:00:00'),
(2514, 94, 3047, '0000-00-00 00:00:00'),
(2515, 95, 3047, '0000-00-00 00:00:00'),
(2516, 222, 3047, '0000-00-00 00:00:00'),
(2517, 6, 2860, '0000-00-00 00:00:00'),
(2518, 18, 2860, '0000-00-00 00:00:00'),
(2519, 46, 2860, '0000-00-00 00:00:00'),
(2520, 70, 2860, '0000-00-00 00:00:00'),
(2521, 98, 2860, '0000-00-00 00:00:00'),
(2522, 98, 3074, '0000-00-00 00:00:00'),
(2523, 297, 3074, '0000-00-00 00:00:00'),
(2524, 9, 2980, '0000-00-00 00:00:00'),
(2525, 54, 2980, '0000-00-00 00:00:00'),
(2526, 162, 2980, '0000-00-00 00:00:00'),
(2527, 54, 3075, '0000-00-00 00:00:00'),
(2528, 300, 3075, '0000-00-00 00:00:00'),
(2529, 301, 3075, '0000-00-00 00:00:00'),
(2530, 302, 3075, '0000-00-00 00:00:00'),
(2531, 303, 3075, '0000-00-00 00:00:00'),
(2532, 1, 3067, '0000-00-00 00:00:00'),
(2533, 1, 3064, '0000-00-00 00:00:00'),
(2534, 70, 3078, '0000-00-00 00:00:00'),
(2535, 139, 3078, '0000-00-00 00:00:00'),
(2536, 304, 3078, '0000-00-00 00:00:00'),
(2537, 1, 3066, '0000-00-00 00:00:00'),
(2538, 1, 3096, '0000-00-00 00:00:00'),
(2539, 1, 3094, '0000-00-00 00:00:00'),
(2540, 1, 3090, '0000-00-00 00:00:00'),
(2541, 11, 3005, '0000-00-00 00:00:00'),
(2542, 35, 3005, '0000-00-00 00:00:00'),
(2543, 190, 3005, '0000-00-00 00:00:00'),
(2544, 18, 2632, '0000-00-00 00:00:00'),
(2545, 70, 2632, '0000-00-00 00:00:00'),
(2546, 98, 2632, '0000-00-00 00:00:00'),
(2547, 230, 2632, '0000-00-00 00:00:00'),
(2548, 8, 3097, '0000-00-00 00:00:00'),
(2549, 9, 3097, '0000-00-00 00:00:00'),
(2550, 10, 3097, '0000-00-00 00:00:00'),
(2551, 46, 3097, '0000-00-00 00:00:00'),
(2552, 305, 3097, '0000-00-00 00:00:00'),
(2553, 1, 3071, '0000-00-00 00:00:00'),
(2554, 6, 3058, '0000-00-00 00:00:00'),
(2555, 6, 3057, '0000-00-00 00:00:00'),
(2556, 1, 3048, '0000-00-00 00:00:00'),
(2557, 41, 3053, '0000-00-00 00:00:00'),
(2558, 54, 3053, '0000-00-00 00:00:00'),
(2559, 113, 3053, '0000-00-00 00:00:00'),
(2560, 243, 3053, '0000-00-00 00:00:00'),
(2561, 1, 3068, '0000-00-00 00:00:00'),
(2562, 29, 3046, '0000-00-00 00:00:00'),
(2563, 94, 3046, '0000-00-00 00:00:00'),
(2564, 95, 3046, '0000-00-00 00:00:00'),
(2565, 222, 3046, '0000-00-00 00:00:00'),
(2566, 6, 3056, '0000-00-00 00:00:00'),
(2567, 1, 3063, '0000-00-00 00:00:00'),
(2568, 6, 3055, '0000-00-00 00:00:00'),
(2569, 6, 3083, '0000-00-00 00:00:00'),
(2570, 1, 3093, '0000-00-00 00:00:00'),
(2571, 1, 3092, '0000-00-00 00:00:00'),
(2572, 6, 3084, '0000-00-00 00:00:00'),
(2573, 1, 3095, '0000-00-00 00:00:00'),
(2574, 6, 3081, '0000-00-00 00:00:00'),
(2575, 6, 3080, '0000-00-00 00:00:00'),
(2576, 1, 3088, '0000-00-00 00:00:00'),
(2577, 1, 3086, '0000-00-00 00:00:00'),
(2578, 1, 3102, '0000-00-00 00:00:00'),
(2579, 6, 3100, '0000-00-00 00:00:00'),
(2580, 46, 3098, '0000-00-00 00:00:00'),
(2581, 54, 3098, '0000-00-00 00:00:00'),
(2582, 275, 3098, '0000-00-00 00:00:00'),
(2583, 6, 3082, '0000-00-00 00:00:00'),
(2584, 1, 3101, '0000-00-00 00:00:00'),
(2585, 1, 3091, '0000-00-00 00:00:00'),
(2586, 11, 3085, '0000-00-00 00:00:00'),
(2587, 12, 3085, '0000-00-00 00:00:00'),
(2588, 13, 3085, '0000-00-00 00:00:00'),
(2589, 190, 3085, '0000-00-00 00:00:00'),
(2590, 54, 3104, '0000-00-00 00:00:00'),
(2591, 70, 3104, '0000-00-00 00:00:00'),
(2592, 186, 3104, '0000-00-00 00:00:00'),
(2593, 273, 3104, '0000-00-00 00:00:00'),
(2594, 306, 3104, '0000-00-00 00:00:00'),
(2595, 9, 3107, '0000-00-00 00:00:00'),
(2596, 46, 3107, '0000-00-00 00:00:00'),
(2597, 54, 3107, '0000-00-00 00:00:00'),
(2598, 137, 3107, '0000-00-00 00:00:00'),
(2599, 162, 3107, '0000-00-00 00:00:00'),
(2600, 9, 3108, '0000-00-00 00:00:00'),
(2601, 54, 3108, '0000-00-00 00:00:00'),
(2602, 137, 3108, '0000-00-00 00:00:00'),
(2603, 162, 3108, '0000-00-00 00:00:00'),
(2604, 9, 3110, '0000-00-00 00:00:00'),
(2605, 54, 3110, '0000-00-00 00:00:00'),
(2606, 162, 3110, '0000-00-00 00:00:00'),
(2607, 9, 3109, '0000-00-00 00:00:00');
INSERT INTO `vs_tags_content` (`id`, `tag_id`, `content_id`, `created`) VALUES
(2608, 54, 3109, '0000-00-00 00:00:00'),
(2609, 162, 3109, '0000-00-00 00:00:00'),
(2610, 9, 3111, '0000-00-00 00:00:00'),
(2611, 54, 3111, '0000-00-00 00:00:00'),
(2612, 137, 3111, '0000-00-00 00:00:00'),
(2613, 162, 3111, '0000-00-00 00:00:00'),
(2614, 9, 3112, '0000-00-00 00:00:00'),
(2615, 54, 3112, '0000-00-00 00:00:00'),
(2616, 137, 3112, '0000-00-00 00:00:00'),
(2617, 162, 3112, '0000-00-00 00:00:00'),
(2618, 9, 2815, '0000-00-00 00:00:00'),
(2619, 54, 2815, '0000-00-00 00:00:00'),
(2620, 86, 2815, '0000-00-00 00:00:00'),
(2621, 147, 2815, '0000-00-00 00:00:00'),
(2622, 274, 2815, '0000-00-00 00:00:00'),
(2623, 9, 3113, '0000-00-00 00:00:00'),
(2624, 10, 3113, '0000-00-00 00:00:00'),
(2625, 54, 3113, '0000-00-00 00:00:00'),
(2626, 260, 3113, '0000-00-00 00:00:00'),
(2627, 46, 2853, '0000-00-00 00:00:00'),
(2628, 98, 2853, '0000-00-00 00:00:00'),
(2629, 254, 2853, '0000-00-00 00:00:00'),
(2630, 279, 2853, '0000-00-00 00:00:00'),
(2631, 6, 3045, '0000-00-00 00:00:00'),
(2632, 46, 3045, '0000-00-00 00:00:00'),
(2633, 54, 3045, '0000-00-00 00:00:00'),
(2634, 98, 3045, '0000-00-00 00:00:00'),
(2635, 156, 3045, '0000-00-00 00:00:00'),
(2636, 297, 3045, '0000-00-00 00:00:00'),
(2637, 46, 3024, '0000-00-00 00:00:00'),
(2638, 98, 3024, '0000-00-00 00:00:00'),
(2639, 297, 3024, '0000-00-00 00:00:00'),
(2640, 298, 3024, '0000-00-00 00:00:00'),
(2641, 46, 3106, '0000-00-00 00:00:00'),
(2642, 98, 3106, '0000-00-00 00:00:00'),
(2643, 297, 3106, '0000-00-00 00:00:00'),
(2644, 9, 3077, '0000-00-00 00:00:00'),
(2645, 20, 3077, '0000-00-00 00:00:00'),
(2646, 54, 3077, '0000-00-00 00:00:00'),
(2647, 274, 3077, '0000-00-00 00:00:00'),
(2648, 54, 2981, '0000-00-00 00:00:00'),
(2649, 61, 2981, '0000-00-00 00:00:00'),
(2650, 65, 2981, '0000-00-00 00:00:00'),
(2651, 175, 2981, '0000-00-00 00:00:00'),
(2652, 283, 2981, '0000-00-00 00:00:00'),
(2653, 284, 2981, '0000-00-00 00:00:00'),
(2654, 285, 2981, '0000-00-00 00:00:00'),
(2655, 286, 2981, '0000-00-00 00:00:00'),
(2656, 6, 3114, '0000-00-00 00:00:00'),
(2657, 46, 3114, '0000-00-00 00:00:00'),
(2658, 54, 3114, '0000-00-00 00:00:00'),
(2659, 98, 3114, '0000-00-00 00:00:00'),
(2660, 156, 3114, '0000-00-00 00:00:00'),
(2661, 235, 3114, '0000-00-00 00:00:00'),
(2662, 9, 3116, '0000-00-00 00:00:00'),
(2663, 10, 3116, '0000-00-00 00:00:00'),
(2664, 54, 3116, '0000-00-00 00:00:00'),
(2665, 29, 3118, '0000-00-00 00:00:00'),
(2666, 54, 3118, '0000-00-00 00:00:00'),
(2667, 222, 3118, '0000-00-00 00:00:00'),
(2668, 304, 3118, '0000-00-00 00:00:00'),
(2669, 307, 3118, '0000-00-00 00:00:00'),
(2670, 308, 3118, '0000-00-00 00:00:00'),
(2671, 54, 3117, '0000-00-00 00:00:00'),
(2672, 60, 3117, '0000-00-00 00:00:00'),
(2673, 29, 3120, '0000-00-00 00:00:00'),
(2674, 54, 3120, '0000-00-00 00:00:00'),
(2675, 159, 3120, '0000-00-00 00:00:00'),
(2676, 222, 3120, '0000-00-00 00:00:00'),
(2677, 307, 3120, '0000-00-00 00:00:00'),
(2678, 41, 3119, '0000-00-00 00:00:00'),
(2679, 54, 3119, '0000-00-00 00:00:00'),
(2680, 122, 3119, '0000-00-00 00:00:00'),
(2681, 243, 3119, '0000-00-00 00:00:00'),
(2682, 1, 3122, '0000-00-00 00:00:00'),
(2683, 1, 3136, '0000-00-00 00:00:00'),
(2684, 6, 3125, '0000-00-00 00:00:00'),
(2685, 1, 3135, '0000-00-00 00:00:00'),
(2686, 6, 3124, '0000-00-00 00:00:00'),
(2687, 1, 3134, '0000-00-00 00:00:00'),
(2688, 1, 3128, '0000-00-00 00:00:00'),
(2689, 1, 3133, '0000-00-00 00:00:00'),
(2690, 1, 3132, '0000-00-00 00:00:00'),
(2691, 1, 3131, '0000-00-00 00:00:00'),
(2692, 6, 2633, '0000-00-00 00:00:00'),
(2693, 98, 2633, '0000-00-00 00:00:00'),
(2694, 231, 2633, '0000-00-00 00:00:00'),
(2695, 6, 3073, '0000-00-00 00:00:00'),
(2696, 18, 3073, '0000-00-00 00:00:00'),
(2697, 46, 3073, '0000-00-00 00:00:00'),
(2698, 54, 3073, '0000-00-00 00:00:00'),
(2699, 70, 3073, '0000-00-00 00:00:00'),
(2700, 98, 3073, '0000-00-00 00:00:00'),
(2701, 156, 3073, '0000-00-00 00:00:00'),
(2702, 299, 3073, '0000-00-00 00:00:00'),
(2703, 9, 3105, '0000-00-00 00:00:00'),
(2704, 11, 3105, '0000-00-00 00:00:00'),
(2705, 54, 3105, '0000-00-00 00:00:00'),
(2706, 186, 3105, '0000-00-00 00:00:00'),
(2707, 190, 3105, '0000-00-00 00:00:00'),
(2708, 273, 3105, '0000-00-00 00:00:00'),
(2709, 306, 3105, '0000-00-00 00:00:00'),
(2710, 11, 3062, '0000-00-00 00:00:00'),
(2711, 12, 3062, '0000-00-00 00:00:00'),
(2712, 13, 3062, '0000-00-00 00:00:00'),
(2713, 190, 3062, '0000-00-00 00:00:00'),
(2714, 11, 3061, '0000-00-00 00:00:00'),
(2715, 12, 3061, '0000-00-00 00:00:00'),
(2716, 13, 3061, '0000-00-00 00:00:00'),
(2717, 190, 3061, '0000-00-00 00:00:00'),
(2718, 11, 3060, '0000-00-00 00:00:00'),
(2719, 12, 3060, '0000-00-00 00:00:00'),
(2720, 13, 3060, '0000-00-00 00:00:00'),
(2721, 190, 3060, '0000-00-00 00:00:00'),
(2722, 1, 3065, '0000-00-00 00:00:00'),
(2723, 6, 3054, '0000-00-00 00:00:00'),
(2724, 11, 3059, '0000-00-00 00:00:00'),
(2725, 12, 3059, '0000-00-00 00:00:00'),
(2726, 13, 3059, '0000-00-00 00:00:00'),
(2727, 190, 3059, '0000-00-00 00:00:00'),
(2728, 1, 3089, '0000-00-00 00:00:00'),
(2729, 1, 3087, '0000-00-00 00:00:00'),
(2730, 1, 3103, '0000-00-00 00:00:00'),
(2731, 1, 3138, '0000-00-00 00:00:00'),
(2732, 1, 3137, '0000-00-00 00:00:00'),
(2733, 11, 3127, '0000-00-00 00:00:00'),
(2734, 12, 3127, '0000-00-00 00:00:00'),
(2735, 13, 3127, '0000-00-00 00:00:00'),
(2736, 190, 3127, '0000-00-00 00:00:00'),
(2737, 11, 3126, '0000-00-00 00:00:00'),
(2738, 12, 3126, '0000-00-00 00:00:00'),
(2739, 13, 3126, '0000-00-00 00:00:00'),
(2740, 190, 3126, '0000-00-00 00:00:00'),
(2741, 6, 3123, '0000-00-00 00:00:00'),
(2742, 1, 3130, '0000-00-00 00:00:00'),
(2743, 1, 3129, '0000-00-00 00:00:00'),
(2744, 6, 3141, '0000-00-00 00:00:00'),
(2745, 1, 3151, '0000-00-00 00:00:00'),
(2746, 1, 3150, '0000-00-00 00:00:00'),
(2747, 1, 3148, '0000-00-00 00:00:00'),
(2748, 1, 3147, '0000-00-00 00:00:00'),
(2749, 1, 3145, '0000-00-00 00:00:00'),
(2750, 1, 3146, '0000-00-00 00:00:00'),
(2751, 6, 3140, '0000-00-00 00:00:00'),
(2752, 1, 3143, '0000-00-00 00:00:00'),
(2753, 29, 3121, '0000-00-00 00:00:00'),
(2754, 94, 3121, '0000-00-00 00:00:00'),
(2755, 95, 3121, '0000-00-00 00:00:00'),
(2756, 222, 3121, '0000-00-00 00:00:00'),
(2757, 114, 2568, '0000-00-00 00:00:00'),
(2758, 173, 2568, '0000-00-00 00:00:00'),
(2759, 221, 2568, '0000-00-00 00:00:00'),
(2760, 10, 2887, '0000-00-00 00:00:00'),
(2761, 280, 2887, '0000-00-00 00:00:00'),
(2762, 1, 3160, '0000-00-00 00:00:00'),
(2763, 1, 3158, '0000-00-00 00:00:00'),
(2764, 1, 3398, '0000-00-00 00:00:00'),
(2765, 1, 3397, '0000-00-00 00:00:00'),
(2766, 1, 3390, '0000-00-00 00:00:00'),
(2767, 1, 3394, '0000-00-00 00:00:00'),
(2768, 1, 3395, '0000-00-00 00:00:00'),
(2769, 1, 3396, '0000-00-00 00:00:00'),
(2770, 1, 3393, '0000-00-00 00:00:00'),
(2771, 1, 3392, '0000-00-00 00:00:00'),
(2772, 1, 3391, '0000-00-00 00:00:00'),
(2773, 1, 3389, '0000-00-00 00:00:00'),
(2774, 1, 3388, '0000-00-00 00:00:00'),
(2775, 1, 3387, '0000-00-00 00:00:00'),
(2776, 1, 3381, '0000-00-00 00:00:00'),
(2777, 1, 3386, '0000-00-00 00:00:00'),
(2778, 1, 3385, '0000-00-00 00:00:00'),
(2779, 1, 3377, '0000-00-00 00:00:00'),
(2780, 1, 3374, '0000-00-00 00:00:00'),
(2781, 1, 3384, '0000-00-00 00:00:00'),
(2782, 1, 3383, '0000-00-00 00:00:00'),
(2783, 1, 3378, '0000-00-00 00:00:00'),
(2784, 1, 3382, '0000-00-00 00:00:00'),
(2785, 1, 3380, '0000-00-00 00:00:00'),
(2786, 1, 3379, '0000-00-00 00:00:00'),
(2787, 1, 3376, '0000-00-00 00:00:00'),
(2788, 1, 3375, '0000-00-00 00:00:00'),
(2789, 1, 3359, '0000-00-00 00:00:00'),
(2790, 1, 3373, '0000-00-00 00:00:00'),
(2791, 1, 3372, '0000-00-00 00:00:00'),
(2792, 1, 3371, '0000-00-00 00:00:00'),
(2793, 1, 3370, '0000-00-00 00:00:00'),
(2794, 1, 3369, '0000-00-00 00:00:00'),
(2795, 1, 3368, '0000-00-00 00:00:00'),
(2796, 1, 3367, '0000-00-00 00:00:00'),
(2797, 1, 3362, '0000-00-00 00:00:00'),
(2798, 1, 3366, '0000-00-00 00:00:00'),
(2799, 1, 3365, '0000-00-00 00:00:00'),
(2800, 1, 3364, '0000-00-00 00:00:00'),
(2801, 1, 3363, '0000-00-00 00:00:00'),
(2802, 1, 3360, '0000-00-00 00:00:00'),
(2803, 1, 3361, '0000-00-00 00:00:00'),
(2804, 1, 3357, '0000-00-00 00:00:00'),
(2805, 1, 3356, '0000-00-00 00:00:00'),
(2806, 1, 3358, '0000-00-00 00:00:00'),
(2807, 1, 3355, '0000-00-00 00:00:00'),
(2808, 1, 3354, '0000-00-00 00:00:00'),
(2809, 1, 3353, '0000-00-00 00:00:00'),
(2810, 1, 3352, '0000-00-00 00:00:00'),
(2811, 1, 3347, '0000-00-00 00:00:00'),
(2812, 1, 3338, '0000-00-00 00:00:00'),
(2813, 1, 3350, '0000-00-00 00:00:00'),
(2814, 1, 3349, '0000-00-00 00:00:00'),
(2815, 1, 3348, '0000-00-00 00:00:00'),
(2816, 1, 3344, '0000-00-00 00:00:00'),
(2817, 1, 3345, '0000-00-00 00:00:00'),
(2818, 1, 3342, '0000-00-00 00:00:00'),
(2819, 1, 3343, '0000-00-00 00:00:00'),
(2820, 1, 3346, '0000-00-00 00:00:00'),
(2821, 1, 3351, '0000-00-00 00:00:00'),
(2822, 1, 3328, '0000-00-00 00:00:00'),
(2823, 1, 3336, '0000-00-00 00:00:00'),
(2824, 1, 3333, '0000-00-00 00:00:00'),
(2825, 1, 3339, '0000-00-00 00:00:00'),
(2826, 1, 3325, '0000-00-00 00:00:00'),
(2827, 1, 3340, '0000-00-00 00:00:00'),
(2828, 1, 3341, '0000-00-00 00:00:00'),
(2829, 1, 3334, '0000-00-00 00:00:00'),
(2830, 1, 3337, '0000-00-00 00:00:00'),
(2831, 1, 3329, '0000-00-00 00:00:00'),
(2832, 1, 3330, '0000-00-00 00:00:00'),
(2833, 1, 3332, '0000-00-00 00:00:00'),
(2834, 1, 3335, '0000-00-00 00:00:00'),
(2835, 1, 3331, '0000-00-00 00:00:00'),
(2836, 1, 3327, '0000-00-00 00:00:00'),
(2837, 1, 3326, '0000-00-00 00:00:00'),
(2838, 1, 3324, '0000-00-00 00:00:00'),
(2839, 1, 3319, '0000-00-00 00:00:00'),
(2840, 1, 3323, '0000-00-00 00:00:00'),
(2841, 1, 3322, '0000-00-00 00:00:00'),
(2842, 1, 3320, '0000-00-00 00:00:00'),
(2843, 1, 3321, '0000-00-00 00:00:00'),
(2844, 1, 3318, '0000-00-00 00:00:00'),
(2845, 1, 3317, '0000-00-00 00:00:00'),
(2846, 1, 3316, '0000-00-00 00:00:00'),
(2847, 1, 3313, '0000-00-00 00:00:00'),
(2848, 1, 3311, '0000-00-00 00:00:00'),
(2849, 1, 3314, '0000-00-00 00:00:00'),
(2850, 1, 3315, '0000-00-00 00:00:00'),
(2851, 1, 3308, '0000-00-00 00:00:00'),
(2852, 1, 3312, '0000-00-00 00:00:00'),
(2853, 1, 3309, '0000-00-00 00:00:00'),
(2854, 1, 3310, '0000-00-00 00:00:00'),
(2855, 1, 3307, '0000-00-00 00:00:00'),
(2856, 1, 3306, '0000-00-00 00:00:00'),
(2857, 1, 3305, '0000-00-00 00:00:00'),
(2858, 1, 3292, '0000-00-00 00:00:00'),
(2859, 1, 3284, '0000-00-00 00:00:00'),
(2860, 1, 3303, '0000-00-00 00:00:00'),
(2861, 1, 3304, '0000-00-00 00:00:00'),
(2862, 1, 3302, '0000-00-00 00:00:00'),
(2863, 1, 3301, '0000-00-00 00:00:00'),
(2864, 1, 3300, '0000-00-00 00:00:00'),
(2865, 1, 3297, '0000-00-00 00:00:00'),
(2866, 1, 3290, '0000-00-00 00:00:00'),
(2867, 1, 3296, '0000-00-00 00:00:00'),
(2868, 1, 3287, '0000-00-00 00:00:00'),
(2869, 1, 3298, '0000-00-00 00:00:00'),
(2870, 1, 3285, '0000-00-00 00:00:00'),
(2871, 1, 3295, '0000-00-00 00:00:00'),
(2872, 1, 3299, '0000-00-00 00:00:00'),
(2873, 1, 3291, '0000-00-00 00:00:00'),
(2874, 1, 3289, '0000-00-00 00:00:00'),
(2875, 1, 3288, '0000-00-00 00:00:00'),
(2876, 1, 3286, '0000-00-00 00:00:00'),
(2877, 1, 3294, '0000-00-00 00:00:00'),
(2878, 1, 3293, '0000-00-00 00:00:00'),
(2879, 1, 3277, '0000-00-00 00:00:00'),
(2880, 1, 3283, '0000-00-00 00:00:00'),
(2881, 1, 3282, '0000-00-00 00:00:00'),
(2882, 1, 3281, '0000-00-00 00:00:00'),
(2883, 1, 3280, '0000-00-00 00:00:00'),
(2884, 1, 3279, '0000-00-00 00:00:00'),
(2885, 1, 3275, '0000-00-00 00:00:00'),
(2886, 1, 3278, '0000-00-00 00:00:00'),
(2887, 1, 3273, '0000-00-00 00:00:00'),
(2888, 1, 3274, '0000-00-00 00:00:00'),
(2889, 1, 3276, '0000-00-00 00:00:00'),
(2890, 1, 3272, '0000-00-00 00:00:00'),
(2891, 1, 3271, '0000-00-00 00:00:00'),
(2892, 1, 3270, '0000-00-00 00:00:00'),
(2893, 1, 3269, '0000-00-00 00:00:00'),
(2894, 1, 3268, '0000-00-00 00:00:00'),
(2895, 1, 3267, '0000-00-00 00:00:00'),
(2896, 1, 3266, '0000-00-00 00:00:00'),
(2897, 1, 3257, '0000-00-00 00:00:00'),
(2898, 1, 3265, '0000-00-00 00:00:00'),
(2899, 1, 3264, '0000-00-00 00:00:00'),
(2900, 1, 3263, '0000-00-00 00:00:00'),
(2901, 1, 3262, '0000-00-00 00:00:00'),
(2902, 1, 3261, '0000-00-00 00:00:00'),
(2903, 1, 3260, '0000-00-00 00:00:00'),
(2904, 1, 3259, '0000-00-00 00:00:00'),
(2905, 1, 3258, '0000-00-00 00:00:00'),
(2906, 1, 3253, '0000-00-00 00:00:00'),
(2907, 1, 3256, '0000-00-00 00:00:00'),
(2908, 1, 3254, '0000-00-00 00:00:00'),
(2909, 1, 3255, '0000-00-00 00:00:00'),
(2910, 1, 3252, '0000-00-00 00:00:00'),
(2911, 1, 3251, '0000-00-00 00:00:00'),
(2912, 1, 3250, '0000-00-00 00:00:00'),
(2913, 1, 3249, '0000-00-00 00:00:00'),
(2914, 1, 3248, '0000-00-00 00:00:00'),
(2915, 1, 3247, '0000-00-00 00:00:00'),
(2916, 1, 3243, '0000-00-00 00:00:00'),
(2917, 1, 3246, '0000-00-00 00:00:00'),
(2918, 1, 3242, '0000-00-00 00:00:00'),
(2919, 1, 3245, '0000-00-00 00:00:00'),
(2920, 1, 3244, '0000-00-00 00:00:00'),
(2921, 1, 3225, '0000-00-00 00:00:00'),
(2922, 1, 3241, '0000-00-00 00:00:00'),
(2923, 1, 3240, '0000-00-00 00:00:00'),
(2924, 1, 3239, '0000-00-00 00:00:00'),
(2925, 1, 3238, '0000-00-00 00:00:00'),
(2926, 1, 3237, '0000-00-00 00:00:00'),
(2927, 1, 3236, '0000-00-00 00:00:00'),
(2928, 1, 3235, '0000-00-00 00:00:00'),
(2929, 1, 3234, '0000-00-00 00:00:00'),
(2930, 1, 3233, '0000-00-00 00:00:00'),
(2931, 1, 3232, '0000-00-00 00:00:00'),
(2932, 1, 3226, '0000-00-00 00:00:00'),
(2933, 1, 3231, '0000-00-00 00:00:00'),
(2934, 1, 3230, '0000-00-00 00:00:00'),
(2935, 1, 3229, '0000-00-00 00:00:00'),
(2936, 1, 3221, '0000-00-00 00:00:00'),
(2937, 1, 3228, '0000-00-00 00:00:00'),
(2938, 1, 3227, '0000-00-00 00:00:00'),
(2939, 1, 3224, '0000-00-00 00:00:00'),
(2940, 1, 3223, '0000-00-00 00:00:00'),
(2941, 1, 3219, '0000-00-00 00:00:00'),
(2942, 1, 3222, '0000-00-00 00:00:00'),
(2943, 1, 3220, '0000-00-00 00:00:00'),
(2944, 1, 3218, '0000-00-00 00:00:00'),
(2945, 1, 3217, '0000-00-00 00:00:00'),
(2946, 1, 3216, '0000-00-00 00:00:00'),
(2947, 1, 3215, '0000-00-00 00:00:00'),
(2948, 1, 3214, '0000-00-00 00:00:00'),
(2949, 1, 3213, '0000-00-00 00:00:00'),
(2950, 1, 3212, '0000-00-00 00:00:00'),
(2951, 1, 3211, '0000-00-00 00:00:00'),
(2952, 1, 3210, '0000-00-00 00:00:00'),
(2953, 1, 3208, '0000-00-00 00:00:00'),
(2954, 1, 3209, '0000-00-00 00:00:00'),
(2955, 1, 3207, '0000-00-00 00:00:00'),
(2956, 1, 3200, '0000-00-00 00:00:00'),
(2957, 1, 3206, '0000-00-00 00:00:00'),
(2958, 1, 3205, '0000-00-00 00:00:00'),
(2959, 1, 3204, '0000-00-00 00:00:00'),
(2960, 1, 3203, '0000-00-00 00:00:00'),
(2961, 1, 3202, '0000-00-00 00:00:00'),
(2962, 1, 3201, '0000-00-00 00:00:00'),
(2963, 1, 3199, '0000-00-00 00:00:00'),
(2964, 1, 3198, '0000-00-00 00:00:00'),
(2965, 1, 3197, '0000-00-00 00:00:00'),
(2966, 1, 3187, '0000-00-00 00:00:00'),
(2967, 1, 3193, '0000-00-00 00:00:00'),
(2968, 1, 3196, '0000-00-00 00:00:00'),
(2969, 1, 3195, '0000-00-00 00:00:00'),
(2970, 1, 3194, '0000-00-00 00:00:00'),
(2971, 1, 3192, '0000-00-00 00:00:00'),
(2972, 1, 3191, '0000-00-00 00:00:00'),
(2973, 1, 3190, '0000-00-00 00:00:00'),
(2974, 1, 3189, '0000-00-00 00:00:00'),
(2975, 1, 3188, '0000-00-00 00:00:00'),
(2976, 1, 3186, '0000-00-00 00:00:00'),
(2977, 1, 3185, '0000-00-00 00:00:00'),
(2978, 1, 3184, '0000-00-00 00:00:00'),
(2979, 1, 3183, '0000-00-00 00:00:00'),
(2980, 1, 3182, '0000-00-00 00:00:00'),
(2981, 1, 3181, '0000-00-00 00:00:00'),
(2982, 1, 3179, '0000-00-00 00:00:00'),
(2983, 1, 3180, '0000-00-00 00:00:00'),
(2984, 1, 3177, '0000-00-00 00:00:00'),
(2985, 1, 3178, '0000-00-00 00:00:00'),
(2986, 1, 3176, '0000-00-00 00:00:00'),
(2987, 1, 3175, '0000-00-00 00:00:00'),
(2988, 1, 3174, '0000-00-00 00:00:00'),
(2989, 1, 3173, '0000-00-00 00:00:00'),
(2990, 1, 3172, '0000-00-00 00:00:00'),
(2991, 1, 3171, '0000-00-00 00:00:00'),
(2992, 1, 3170, '0000-00-00 00:00:00'),
(2993, 1, 3169, '0000-00-00 00:00:00'),
(2994, 1, 3163, '0000-00-00 00:00:00'),
(2995, 1, 3168, '0000-00-00 00:00:00'),
(2996, 1, 3167, '0000-00-00 00:00:00'),
(2997, 1, 3166, '0000-00-00 00:00:00'),
(2998, 1, 3162, '0000-00-00 00:00:00'),
(2999, 1, 3165, '0000-00-00 00:00:00'),
(3000, 1, 3164, '0000-00-00 00:00:00'),
(3001, 1, 3154, '0000-00-00 00:00:00'),
(3002, 41, 2950, '0000-00-00 00:00:00'),
(3003, 42, 2950, '0000-00-00 00:00:00'),
(3004, 54, 2950, '0000-00-00 00:00:00'),
(3005, 112, 2950, '0000-00-00 00:00:00'),
(3006, 151, 2950, '0000-00-00 00:00:00'),
(3007, 243, 2950, '0000-00-00 00:00:00'),
(3008, 7, 2949, '0000-00-00 00:00:00'),
(3009, 41, 2949, '0000-00-00 00:00:00'),
(3010, 42, 2949, '0000-00-00 00:00:00'),
(3011, 54, 2949, '0000-00-00 00:00:00'),
(3012, 151, 2949, '0000-00-00 00:00:00'),
(3013, 159, 2949, '0000-00-00 00:00:00'),
(3014, 243, 2949, '0000-00-00 00:00:00'),
(3015, 41, 2833, '0000-00-00 00:00:00'),
(3016, 54, 2833, '0000-00-00 00:00:00'),
(3017, 62, 2833, '0000-00-00 00:00:00'),
(3018, 151, 2833, '0000-00-00 00:00:00'),
(3019, 243, 2833, '0000-00-00 00:00:00'),
(3020, 41, 2840, '0000-00-00 00:00:00'),
(3021, 54, 2840, '0000-00-00 00:00:00'),
(3022, 151, 2840, '0000-00-00 00:00:00'),
(3023, 243, 2840, '0000-00-00 00:00:00'),
(3024, 41, 2841, '0000-00-00 00:00:00'),
(3025, 54, 2841, '0000-00-00 00:00:00'),
(3026, 62, 2841, '0000-00-00 00:00:00'),
(3027, 151, 2841, '0000-00-00 00:00:00'),
(3028, 243, 2841, '0000-00-00 00:00:00'),
(3029, 41, 2738, '0000-00-00 00:00:00'),
(3030, 42, 2738, '0000-00-00 00:00:00'),
(3031, 54, 2738, '0000-00-00 00:00:00'),
(3032, 82, 2738, '0000-00-00 00:00:00'),
(3033, 151, 2738, '0000-00-00 00:00:00'),
(3034, 243, 2738, '0000-00-00 00:00:00'),
(3035, 1, 3149, '0000-00-00 00:00:00'),
(3036, 9, 3139, '0000-00-00 00:00:00'),
(3037, 54, 3139, '0000-00-00 00:00:00'),
(3038, 86, 3139, '0000-00-00 00:00:00'),
(3039, 137, 3139, '0000-00-00 00:00:00'),
(3040, 41, 2586, '0000-00-00 00:00:00'),
(3041, 42, 2586, '0000-00-00 00:00:00'),
(3042, 54, 2586, '0000-00-00 00:00:00'),
(3043, 151, 2586, '0000-00-00 00:00:00'),
(3044, 243, 2586, '0000-00-00 00:00:00'),
(3045, 41, 2546, '0000-00-00 00:00:00'),
(3046, 54, 2546, '0000-00-00 00:00:00'),
(3047, 62, 2546, '0000-00-00 00:00:00'),
(3048, 151, 2546, '0000-00-00 00:00:00'),
(3049, 243, 2546, '0000-00-00 00:00:00'),
(3050, 41, 2346, '0000-00-00 00:00:00'),
(3051, 42, 2346, '0000-00-00 00:00:00'),
(3052, 54, 2346, '0000-00-00 00:00:00'),
(3053, 151, 2346, '0000-00-00 00:00:00'),
(3054, 243, 2346, '0000-00-00 00:00:00'),
(3055, 41, 2345, '0000-00-00 00:00:00'),
(3056, 42, 2345, '0000-00-00 00:00:00'),
(3057, 54, 2345, '0000-00-00 00:00:00'),
(3058, 151, 2345, '0000-00-00 00:00:00'),
(3059, 243, 2345, '0000-00-00 00:00:00'),
(3060, 41, 2270, '0000-00-00 00:00:00'),
(3061, 54, 2270, '0000-00-00 00:00:00'),
(3062, 151, 2270, '0000-00-00 00:00:00'),
(3063, 164, 2270, '0000-00-00 00:00:00'),
(3064, 243, 2270, '0000-00-00 00:00:00'),
(3065, 54, 3403, '0000-00-00 00:00:00'),
(3066, 67, 3403, '0000-00-00 00:00:00'),
(3067, 309, 3403, '0000-00-00 00:00:00'),
(3068, 9, 3404, '0000-00-00 00:00:00'),
(3069, 294, 3404, '0000-00-00 00:00:00'),
(3070, 310, 3404, '0000-00-00 00:00:00'),
(3071, 311, 3404, '0000-00-00 00:00:00'),
(3072, 41, 2137, '0000-00-00 00:00:00'),
(3073, 54, 2137, '0000-00-00 00:00:00'),
(3074, 62, 2137, '0000-00-00 00:00:00'),
(3075, 151, 2137, '0000-00-00 00:00:00'),
(3076, 164, 2137, '0000-00-00 00:00:00'),
(3077, 243, 2137, '0000-00-00 00:00:00'),
(3078, 41, 2344, '0000-00-00 00:00:00'),
(3079, 42, 2344, '0000-00-00 00:00:00'),
(3080, 54, 2344, '0000-00-00 00:00:00'),
(3081, 151, 2344, '0000-00-00 00:00:00'),
(3082, 243, 2344, '0000-00-00 00:00:00'),
(3083, 9, 3115, '0000-00-00 00:00:00'),
(3084, 29, 3115, '0000-00-00 00:00:00'),
(3085, 54, 3115, '0000-00-00 00:00:00'),
(3086, 123, 3115, '0000-00-00 00:00:00'),
(3087, 222, 3115, '0000-00-00 00:00:00'),
(3088, 46, 3449, '0000-00-00 00:00:00'),
(3089, 98, 3449, '0000-00-00 00:00:00'),
(3090, 262, 3449, '0000-00-00 00:00:00'),
(3091, 313, 3449, '0000-00-00 00:00:00'),
(3092, 46, 3450, '0000-00-00 00:00:00'),
(3093, 98, 3450, '0000-00-00 00:00:00'),
(3094, 262, 3450, '0000-00-00 00:00:00'),
(3095, 297, 3450, '0000-00-00 00:00:00'),
(3096, 98, 3452, '0000-00-00 00:00:00'),
(3097, 314, 3452, '0000-00-00 00:00:00'),
(3098, 6, 3451, '0000-00-00 00:00:00'),
(3099, 9, 3451, '0000-00-00 00:00:00'),
(3100, 10, 3451, '0000-00-00 00:00:00'),
(3101, 46, 3451, '0000-00-00 00:00:00'),
(3102, 54, 3451, '0000-00-00 00:00:00'),
(3103, 98, 3451, '0000-00-00 00:00:00'),
(3104, 126, 3451, '0000-00-00 00:00:00'),
(3105, 156, 3451, '0000-00-00 00:00:00'),
(3106, 1, 3400, '0000-00-00 00:00:00'),
(3107, 6, 3399, '0000-00-00 00:00:00'),
(3108, 1, 3437, '0000-00-00 00:00:00'),
(3109, 1, 3431, '0000-00-00 00:00:00'),
(3110, 6, 3447, '0000-00-00 00:00:00'),
(3111, 46, 3447, '0000-00-00 00:00:00'),
(3112, 54, 3447, '0000-00-00 00:00:00'),
(3113, 98, 3447, '0000-00-00 00:00:00'),
(3114, 156, 3447, '0000-00-00 00:00:00'),
(3115, 1, 3425, '0000-00-00 00:00:00'),
(3116, 46, 3453, '0000-00-00 00:00:00'),
(3117, 54, 3453, '0000-00-00 00:00:00'),
(3118, 61, 3453, '0000-00-00 00:00:00'),
(3119, 65, 3453, '0000-00-00 00:00:00'),
(3120, 275, 3453, '0000-00-00 00:00:00'),
(3121, 308, 3453, '0000-00-00 00:00:00'),
(3122, 315, 3453, '0000-00-00 00:00:00'),
(3123, 11, 3142, '0000-00-00 00:00:00'),
(3124, 12, 3142, '0000-00-00 00:00:00'),
(3125, 13, 3142, '0000-00-00 00:00:00'),
(3126, 190, 3142, '0000-00-00 00:00:00'),
(3127, 1, 3144, '0000-00-00 00:00:00'),
(3128, 6, 3152, '0000-00-00 00:00:00'),
(3129, 1, 3161, '0000-00-00 00:00:00'),
(3130, 1, 3159, '0000-00-00 00:00:00'),
(3131, 1, 3157, '0000-00-00 00:00:00'),
(3132, 1, 3156, '0000-00-00 00:00:00'),
(3133, 1, 3155, '0000-00-00 00:00:00'),
(3134, 1, 3153, '0000-00-00 00:00:00'),
(3135, 1, 3402, '0000-00-00 00:00:00'),
(3136, 1, 3401, '0000-00-00 00:00:00'),
(3137, 6, 3414, '0000-00-00 00:00:00'),
(3138, 6, 3413, '0000-00-00 00:00:00'),
(3139, 1, 3436, '0000-00-00 00:00:00'),
(3140, 41, 3408, '0000-00-00 00:00:00'),
(3141, 54, 3408, '0000-00-00 00:00:00'),
(3142, 113, 3408, '0000-00-00 00:00:00'),
(3143, 243, 3408, '0000-00-00 00:00:00'),
(3144, 1, 3435, '0000-00-00 00:00:00'),
(3145, 1, 3434, '0000-00-00 00:00:00'),
(3146, 1, 3433, '0000-00-00 00:00:00'),
(3147, 1, 3432, '0000-00-00 00:00:00'),
(3148, 6, 3412, '0000-00-00 00:00:00'),
(3149, 1, 3423, '0000-00-00 00:00:00'),
(3150, 11, 3416, '0000-00-00 00:00:00'),
(3151, 12, 3416, '0000-00-00 00:00:00'),
(3152, 13, 3416, '0000-00-00 00:00:00'),
(3153, 190, 3416, '0000-00-00 00:00:00'),
(3154, 1, 3406, '0000-00-00 00:00:00'),
(3155, 1, 3422, '0000-00-00 00:00:00'),
(3156, 1, 3421, '0000-00-00 00:00:00'),
(3157, 1, 3420, '0000-00-00 00:00:00'),
(3158, 6, 3409, '0000-00-00 00:00:00'),
(3159, 11, 3415, '0000-00-00 00:00:00'),
(3160, 12, 3415, '0000-00-00 00:00:00'),
(3161, 13, 3415, '0000-00-00 00:00:00'),
(3162, 190, 3415, '0000-00-00 00:00:00'),
(3163, 41, 3417, '0000-00-00 00:00:00'),
(3164, 54, 3417, '0000-00-00 00:00:00'),
(3165, 62, 3417, '0000-00-00 00:00:00'),
(3166, 243, 3417, '0000-00-00 00:00:00'),
(3167, 41, 3418, '0000-00-00 00:00:00'),
(3168, 54, 3418, '0000-00-00 00:00:00'),
(3169, 62, 3418, '0000-00-00 00:00:00'),
(3170, 243, 3418, '0000-00-00 00:00:00'),
(3171, 41, 3419, '0000-00-00 00:00:00'),
(3172, 54, 3419, '0000-00-00 00:00:00'),
(3173, 62, 3419, '0000-00-00 00:00:00'),
(3174, 243, 3419, '0000-00-00 00:00:00'),
(3175, 1, 3474, '0000-00-00 00:00:00'),
(3176, 1, 3473, '0000-00-00 00:00:00'),
(3177, 1, 3472, '0000-00-00 00:00:00'),
(3178, 6, 3458, '0000-00-00 00:00:00'),
(3179, 1, 3471, '0000-00-00 00:00:00'),
(3180, 1, 3470, '0000-00-00 00:00:00'),
(3181, 1, 3424, '0000-00-00 00:00:00'),
(3182, 6, 3410, '0000-00-00 00:00:00'),
(3183, 1, 3426, '0000-00-00 00:00:00'),
(3184, 1, 3427, '0000-00-00 00:00:00'),
(3185, 1, 3428, '0000-00-00 00:00:00'),
(3186, 1, 3429, '0000-00-00 00:00:00'),
(3187, 1, 3430, '0000-00-00 00:00:00'),
(3188, 6, 3411, '0000-00-00 00:00:00'),
(3189, 1, 3468, '0000-00-00 00:00:00'),
(3190, 1, 3469, '0000-00-00 00:00:00'),
(3191, 6, 3456, '0000-00-00 00:00:00'),
(3192, 6, 3455, '0000-00-00 00:00:00'),
(3193, 1, 3464, '0000-00-00 00:00:00'),
(3194, 41, 3454, '0000-00-00 00:00:00'),
(3195, 54, 3454, '0000-00-00 00:00:00'),
(3196, 113, 3454, '0000-00-00 00:00:00'),
(3197, 243, 3454, '0000-00-00 00:00:00'),
(3198, 1, 3463, '0000-00-00 00:00:00'),
(3199, 1, 3407, '0000-00-00 00:00:00'),
(3200, 1, 3462, '0000-00-00 00:00:00'),
(3201, 1, 3460, '0000-00-00 00:00:00'),
(3202, 1, 3461, '0000-00-00 00:00:00'),
(3203, 1, 3466, '0000-00-00 00:00:00'),
(3204, 1, 3438, '0000-00-00 00:00:00'),
(3205, 1, 3439, '0000-00-00 00:00:00'),
(3206, 1, 3440, '0000-00-00 00:00:00'),
(3207, 1, 3441, '0000-00-00 00:00:00'),
(3208, 1, 3442, '0000-00-00 00:00:00'),
(3209, 1, 3443, '0000-00-00 00:00:00'),
(3210, 1, 3444, '0000-00-00 00:00:00'),
(3211, 1, 3445, '0000-00-00 00:00:00'),
(3212, 1, 3446, '0000-00-00 00:00:00'),
(3213, 9, 3475, '0000-00-00 00:00:00'),
(3214, 10, 3475, '0000-00-00 00:00:00'),
(3215, 29, 3475, '0000-00-00 00:00:00'),
(3216, 54, 3475, '0000-00-00 00:00:00'),
(3217, 61, 3475, '0000-00-00 00:00:00'),
(3218, 174, 3475, '0000-00-00 00:00:00'),
(3219, 222, 3475, '0000-00-00 00:00:00'),
(3220, 20, 3079, '0000-00-00 00:00:00'),
(3221, 41, 3079, '0000-00-00 00:00:00'),
(3222, 42, 3079, '0000-00-00 00:00:00'),
(3223, 54, 3079, '0000-00-00 00:00:00'),
(3224, 151, 3079, '0000-00-00 00:00:00'),
(3225, 243, 3079, '0000-00-00 00:00:00'),
(3226, 41, 3405, '0000-00-00 00:00:00'),
(3227, 54, 3405, '0000-00-00 00:00:00'),
(3228, 151, 3405, '0000-00-00 00:00:00'),
(3229, 243, 3405, '0000-00-00 00:00:00'),
(3230, 312, 3405, '0000-00-00 00:00:00'),
(3231, 6, 2740, '0000-00-00 00:00:00'),
(3232, 46, 2740, '0000-00-00 00:00:00'),
(3233, 54, 2740, '0000-00-00 00:00:00'),
(3234, 98, 2740, '0000-00-00 00:00:00'),
(3235, 156, 2740, '0000-00-00 00:00:00'),
(3236, 41, 3478, '0000-00-00 00:00:00'),
(3237, 54, 3478, '0000-00-00 00:00:00'),
(3238, 151, 3478, '0000-00-00 00:00:00'),
(3239, 1, 3467, '0000-00-00 00:00:00'),
(3240, 1, 3465, '0000-00-00 00:00:00'),
(3241, 6, 3484, '0000-00-00 00:00:00'),
(3242, 1, 3496, '0000-00-00 00:00:00'),
(3243, 1, 3495, '0000-00-00 00:00:00'),
(3244, 1, 3494, '0000-00-00 00:00:00'),
(3245, 6, 3483, '0000-00-00 00:00:00'),
(3246, 6, 3457, '0000-00-00 00:00:00'),
(3247, 1, 3493, '0000-00-00 00:00:00'),
(3248, 1, 3492, '0000-00-00 00:00:00'),
(3249, 6, 3482, '0000-00-00 00:00:00'),
(3250, 6, 3481, '0000-00-00 00:00:00'),
(3251, 1, 3491, '0000-00-00 00:00:00'),
(3252, 1, 3490, '0000-00-00 00:00:00'),
(3253, 6, 3480, '0000-00-00 00:00:00'),
(3254, 6, 3479, '0000-00-00 00:00:00'),
(3255, 54, 3485, '0000-00-00 00:00:00'),
(3256, 62, 3485, '0000-00-00 00:00:00'),
(3257, 243, 3485, '0000-00-00 00:00:00'),
(3258, 54, 3486, '0000-00-00 00:00:00'),
(3259, 62, 3486, '0000-00-00 00:00:00'),
(3260, 243, 3486, '0000-00-00 00:00:00'),
(3261, 54, 3487, '0000-00-00 00:00:00'),
(3262, 62, 3487, '0000-00-00 00:00:00'),
(3263, 243, 3487, '0000-00-00 00:00:00'),
(3264, 54, 3488, '0000-00-00 00:00:00'),
(3265, 62, 3488, '0000-00-00 00:00:00'),
(3266, 243, 3488, '0000-00-00 00:00:00'),
(3267, 54, 3489, '0000-00-00 00:00:00'),
(3268, 62, 3489, '0000-00-00 00:00:00'),
(3269, 243, 3489, '0000-00-00 00:00:00'),
(3270, 8, 3497, '0000-00-00 00:00:00'),
(3271, 9, 3497, '0000-00-00 00:00:00'),
(3272, 10, 3497, '0000-00-00 00:00:00'),
(3273, 29, 3497, '0000-00-00 00:00:00'),
(3274, 130, 3497, '0000-00-00 00:00:00'),
(3275, 6, 3498, '0000-00-00 00:00:00'),
(3276, 9, 3498, '0000-00-00 00:00:00'),
(3277, 10, 3498, '0000-00-00 00:00:00'),
(3278, 29, 3498, '0000-00-00 00:00:00'),
(3279, 46, 3498, '0000-00-00 00:00:00'),
(3280, 65, 3498, '0000-00-00 00:00:00'),
(3281, 98, 3498, '0000-00-00 00:00:00'),
(3282, 1, 3501, '0000-00-00 00:00:00'),
(3283, 6, 3499, '0000-00-00 00:00:00'),
(3284, 1, 3503, '0000-00-00 00:00:00'),
(3285, 1, 3504, '0000-00-00 00:00:00'),
(3286, 1, 3508, '0000-00-00 00:00:00'),
(3287, 1, 3502, '0000-00-00 00:00:00'),
(3288, 11, 3459, '0000-00-00 00:00:00'),
(3289, 12, 3459, '0000-00-00 00:00:00'),
(3290, 13, 3459, '0000-00-00 00:00:00'),
(3291, 33, 3459, '0000-00-00 00:00:00'),
(3292, 49, 3459, '0000-00-00 00:00:00'),
(3293, 186, 3459, '0000-00-00 00:00:00'),
(3294, 94, 3505, '0000-00-00 00:00:00'),
(3295, 95, 3505, '0000-00-00 00:00:00'),
(3296, 222, 3505, '0000-00-00 00:00:00'),
(3297, 8, 3507, '0000-00-00 00:00:00'),
(3298, 9, 3507, '0000-00-00 00:00:00'),
(3299, 10, 3507, '0000-00-00 00:00:00'),
(3300, 20, 3507, '0000-00-00 00:00:00'),
(3301, 29, 3507, '0000-00-00 00:00:00'),
(3302, 6, 3506, '0000-00-00 00:00:00'),
(3303, 6, 3500, '0000-00-00 00:00:00'),
(3304, 41, 3477, '0000-00-00 00:00:00'),
(3305, 54, 3477, '0000-00-00 00:00:00'),
(3306, 151, 3477, '0000-00-00 00:00:00'),
(3307, 1, 3512, '0000-00-00 00:00:00'),
(3308, 6, 3511, '0000-00-00 00:00:00'),
(3309, 54, 3514, '0000-00-00 00:00:00'),
(3310, 61, 3514, '0000-00-00 00:00:00'),
(3311, 316, 3514, '0000-00-00 00:00:00'),
(3312, 317, 3514, '0000-00-00 00:00:00'),
(3313, 318, 3514, '0000-00-00 00:00:00'),
(3314, 319, 3514, '0000-00-00 00:00:00'),
(3315, 8, 3510, '0000-00-00 00:00:00'),
(3316, 20, 3510, '0000-00-00 00:00:00'),
(3317, 47, 3510, '0000-00-00 00:00:00'),
(3318, 49, 3510, '0000-00-00 00:00:00'),
(3319, 54, 3510, '0000-00-00 00:00:00'),
(3320, 103, 3510, '0000-00-00 00:00:00'),
(3321, 136, 3510, '0000-00-00 00:00:00'),
(3322, 320, 3510, '0000-00-00 00:00:00'),
(3323, 61, 2662, '0000-00-00 00:00:00'),
(3324, 236, 2662, '0000-00-00 00:00:00'),
(3325, 6, 3476, '0000-00-00 00:00:00'),
(3326, 46, 3476, '0000-00-00 00:00:00'),
(3327, 54, 3476, '0000-00-00 00:00:00'),
(3328, 98, 3476, '0000-00-00 00:00:00'),
(3329, 132, 3476, '0000-00-00 00:00:00'),
(3330, 156, 3476, '0000-00-00 00:00:00'),
(3331, 243, 3476, '0000-00-00 00:00:00'),
(3332, 6, 2715, '0000-00-00 00:00:00'),
(3333, 46, 2715, '0000-00-00 00:00:00'),
(3334, 54, 2715, '0000-00-00 00:00:00'),
(3335, 98, 2715, '0000-00-00 00:00:00'),
(3336, 156, 2715, '0000-00-00 00:00:00'),
(3337, 262, 2715, '0000-00-00 00:00:00'),
(3338, 1, 3509, '0000-00-00 00:00:00'),
(3339, 1, 3517, '0000-00-00 00:00:00'),
(3340, 1, 3519, '0000-00-00 00:00:00'),
(3341, 1, 3524, '0000-00-00 00:00:00'),
(3342, 1, 3513, '0000-00-00 00:00:00'),
(3343, 6, 3516, '0000-00-00 00:00:00'),
(3344, 1, 3518, '0000-00-00 00:00:00'),
(3345, 1, 3525, '0000-00-00 00:00:00'),
(3346, 1, 3531, '0000-00-00 00:00:00'),
(3347, 1, 3529, '0000-00-00 00:00:00'),
(3348, 1, 3530, '0000-00-00 00:00:00'),
(3349, 1, 3532, '0000-00-00 00:00:00'),
(3350, 11, 3528, '0000-00-00 00:00:00'),
(3351, 12, 3528, '0000-00-00 00:00:00'),
(3352, 13, 3528, '0000-00-00 00:00:00'),
(3353, 33, 3528, '0000-00-00 00:00:00'),
(3354, 49, 3528, '0000-00-00 00:00:00'),
(3355, 186, 3528, '0000-00-00 00:00:00'),
(3356, 11, 3538, '0000-00-00 00:00:00'),
(3357, 12, 3538, '0000-00-00 00:00:00'),
(3358, 13, 3538, '0000-00-00 00:00:00'),
(3359, 98, 3543, '0000-00-00 00:00:00'),
(3360, 9, 3533, '0000-00-00 00:00:00'),
(3361, 10, 3533, '0000-00-00 00:00:00'),
(3362, 54, 3533, '0000-00-00 00:00:00'),
(3363, 61, 3533, '0000-00-00 00:00:00'),
(3364, 242, 3533, '0000-00-00 00:00:00'),
(3365, 47, 2611, '0000-00-00 00:00:00'),
(3366, 61, 2611, '0000-00-00 00:00:00'),
(3367, 1, 3539, '0000-00-00 00:00:00'),
(3368, 9, 3545, '0000-00-00 00:00:00'),
(3369, 54, 3545, '0000-00-00 00:00:00'),
(3370, 86, 3545, '0000-00-00 00:00:00'),
(3371, 274, 3545, '0000-00-00 00:00:00'),
(3372, 324, 3545, '0000-00-00 00:00:00'),
(3373, 325, 3545, '0000-00-00 00:00:00'),
(3374, 20, 3546, '0000-00-00 00:00:00'),
(3375, 54, 3546, '0000-00-00 00:00:00'),
(3376, 326, 3546, '0000-00-00 00:00:00'),
(3377, 327, 3546, '0000-00-00 00:00:00'),
(3378, 9, 3534, '0000-00-00 00:00:00'),
(3379, 29, 3534, '0000-00-00 00:00:00'),
(3380, 54, 3534, '0000-00-00 00:00:00'),
(3381, 83, 3534, '0000-00-00 00:00:00'),
(3382, 239, 3534, '0000-00-00 00:00:00'),
(3383, 6, 3544, '0000-00-00 00:00:00'),
(3384, 41, 3544, '0000-00-00 00:00:00'),
(3385, 46, 3544, '0000-00-00 00:00:00'),
(3386, 98, 3544, '0000-00-00 00:00:00'),
(3387, 323, 3544, '0000-00-00 00:00:00'),
(3388, 1, 3553, '0000-00-00 00:00:00'),
(3389, 6, 3537, '0000-00-00 00:00:00'),
(3390, 6, 3536, '0000-00-00 00:00:00'),
(3391, 1, 3550, '0000-00-00 00:00:00'),
(3392, 328, 3555, '0000-00-00 00:00:00'),
(3393, 329, 3555, '0000-00-00 00:00:00'),
(3394, 330, 3555, '0000-00-00 00:00:00'),
(3395, 328, 3556, '0000-00-00 00:00:00'),
(3396, 329, 3556, '0000-00-00 00:00:00'),
(3397, 330, 3556, '0000-00-00 00:00:00'),
(3398, 20, 3558, '0000-00-00 00:00:00'),
(3399, 328, 3558, '0000-00-00 00:00:00'),
(3400, 329, 3558, '0000-00-00 00:00:00'),
(3401, 331, 3558, '0000-00-00 00:00:00'),
(3402, 20, 3561, '0000-00-00 00:00:00'),
(3403, 328, 3561, '0000-00-00 00:00:00'),
(3404, 329, 3561, '0000-00-00 00:00:00'),
(3405, 333, 3561, '0000-00-00 00:00:00'),
(3406, 334, 3561, '0000-00-00 00:00:00'),
(3407, 335, 3561, '0000-00-00 00:00:00'),
(3408, 336, 3561, '0000-00-00 00:00:00'),
(3409, 20, 3560, '0000-00-00 00:00:00'),
(3410, 328, 3560, '0000-00-00 00:00:00'),
(3411, 329, 3560, '0000-00-00 00:00:00'),
(3412, 332, 3560, '0000-00-00 00:00:00'),
(3413, 1, 3520, '0000-00-00 00:00:00'),
(3414, 1, 3521, '0000-00-00 00:00:00'),
(3415, 11, 3552, '0000-00-00 00:00:00'),
(3416, 46, 3552, '0000-00-00 00:00:00'),
(3417, 49, 3552, '0000-00-00 00:00:00'),
(3418, 281, 3552, '0000-00-00 00:00:00'),
(3419, 337, 3552, '0000-00-00 00:00:00'),
(3420, 328, 3563, '0000-00-00 00:00:00'),
(3421, 329, 3563, '0000-00-00 00:00:00'),
(3422, 330, 3563, '0000-00-00 00:00:00'),
(3423, 6, 3535, '0000-00-00 00:00:00'),
(3424, 18, 3535, '0000-00-00 00:00:00'),
(3425, 46, 3535, '0000-00-00 00:00:00'),
(3426, 54, 3535, '0000-00-00 00:00:00'),
(3427, 98, 3535, '0000-00-00 00:00:00'),
(3428, 156, 3535, '0000-00-00 00:00:00'),
(3429, 321, 3535, '0000-00-00 00:00:00'),
(3430, 322, 3535, '0000-00-00 00:00:00'),
(3431, 20, 3559, '0000-00-00 00:00:00'),
(3432, 179, 3559, '0000-00-00 00:00:00'),
(3433, 328, 3559, '0000-00-00 00:00:00'),
(3434, 329, 3559, '0000-00-00 00:00:00'),
(3435, 330, 3559, '0000-00-00 00:00:00'),
(3436, 1, 3522, '0000-00-00 00:00:00'),
(3437, 1, 3566, '0000-00-00 00:00:00'),
(3438, 1, 3567, '0000-00-00 00:00:00'),
(3439, 1, 3568, '0000-00-00 00:00:00'),
(3440, 1, 3551, '0000-00-00 00:00:00'),
(3441, 6, 3548, '0000-00-00 00:00:00'),
(3442, 1, 3549, '0000-00-00 00:00:00'),
(3443, 6, 3547, '0000-00-00 00:00:00'),
(3444, 6, 3554, '0000-00-00 00:00:00'),
(3445, 1, 3571, '0000-00-00 00:00:00'),
(3446, 1, 3570, '0000-00-00 00:00:00'),
(3447, 1, 3569, '0000-00-00 00:00:00'),
(3448, 61, 3515, '0000-00-00 00:00:00'),
(3449, 236, 3515, '0000-00-00 00:00:00'),
(3450, 6, 3527, '0000-00-00 00:00:00'),
(3451, 1, 3542, '0000-00-00 00:00:00'),
(3452, 1, 3541, '0000-00-00 00:00:00'),
(3453, 1, 3540, '0000-00-00 00:00:00'),
(3454, 1, 3564, '0000-00-00 00:00:00'),
(3455, 1, 3526, '0000-00-00 00:00:00'),
(3456, 6, 3523, '0000-00-00 00:00:00'),
(3457, 6, 3572, '0000-00-00 00:00:00'),
(3458, 41, 3572, '0000-00-00 00:00:00'),
(3459, 46, 3572, '0000-00-00 00:00:00'),
(3460, 54, 3572, '0000-00-00 00:00:00'),
(3461, 98, 3572, '0000-00-00 00:00:00'),
(3462, 156, 3572, '0000-00-00 00:00:00'),
(3463, 6, 3573, '0000-00-00 00:00:00'),
(3464, 9, 3573, '0000-00-00 00:00:00'),
(3465, 10, 3573, '0000-00-00 00:00:00'),
(3466, 46, 3573, '0000-00-00 00:00:00'),
(3467, 54, 3573, '0000-00-00 00:00:00'),
(3468, 65, 3573, '0000-00-00 00:00:00'),
(3469, 98, 3573, '0000-00-00 00:00:00'),
(3470, 156, 3573, '0000-00-00 00:00:00'),
(3471, 1, 3565, '0000-00-00 00:00:00'),
(3472, 9, 3574, '0000-00-00 00:00:00'),
(3473, 54, 3574, '0000-00-00 00:00:00'),
(3474, 86, 3574, '0000-00-00 00:00:00'),
(3475, 54, 3076, '0000-00-00 00:00:00'),
(3476, 238, 3076, '0000-00-00 00:00:00'),
(3477, 300, 3076, '0000-00-00 00:00:00'),
(3478, 302, 3076, '0000-00-00 00:00:00'),
(3479, 303, 3076, '0000-00-00 00:00:00'),
(3480, 94, 3575, '0000-00-00 00:00:00'),
(3481, 95, 3575, '0000-00-00 00:00:00'),
(3482, 222, 3575, '0000-00-00 00:00:00'),
(3483, 94, 3576, '0000-00-00 00:00:00'),
(3484, 95, 3576, '0000-00-00 00:00:00'),
(3485, 222, 3576, '0000-00-00 00:00:00'),
(3486, 94, 3577, '0000-00-00 00:00:00'),
(3487, 95, 3577, '0000-00-00 00:00:00'),
(3488, 222, 3577, '0000-00-00 00:00:00'),
(3489, 1, 3578, '0000-00-00 00:00:00'),
(3490, 1, 3579, '0000-00-00 00:00:00'),
(3491, 1, 3580, '0000-00-00 00:00:00'),
(3492, 1, 3581, '0000-00-00 00:00:00'),
(3493, 1, 3582, '0000-00-00 00:00:00'),
(3494, 1, 3583, '0000-00-00 00:00:00'),
(3495, 54, 3584, '0000-00-00 00:00:00'),
(3496, 113, 3584, '0000-00-00 00:00:00'),
(3497, 243, 3584, '0000-00-00 00:00:00'),
(3498, 54, 3585, '0000-00-00 00:00:00'),
(3499, 113, 3585, '0000-00-00 00:00:00'),
(3500, 243, 3585, '0000-00-00 00:00:00'),
(3501, 6, 3586, '0000-00-00 00:00:00'),
(3502, 6, 3587, '0000-00-00 00:00:00'),
(3503, 6, 3588, '0000-00-00 00:00:00'),
(3504, 6, 3589, '0000-00-00 00:00:00'),
(3505, 6, 3590, '0000-00-00 00:00:00'),
(3506, 6, 3591, '0000-00-00 00:00:00'),
(3507, 6, 3592, '0000-00-00 00:00:00'),
(3508, 6, 3593, '0000-00-00 00:00:00'),
(3509, 11, 3594, '0000-00-00 00:00:00'),
(3510, 12, 3594, '0000-00-00 00:00:00'),
(3511, 13, 3594, '0000-00-00 00:00:00'),
(3512, 11, 3595, '0000-00-00 00:00:00'),
(3513, 12, 3595, '0000-00-00 00:00:00'),
(3514, 13, 3595, '0000-00-00 00:00:00'),
(3515, 11, 3596, '0000-00-00 00:00:00'),
(3516, 12, 3596, '0000-00-00 00:00:00'),
(3517, 13, 3596, '0000-00-00 00:00:00'),
(3518, 11, 3597, '0000-00-00 00:00:00'),
(3519, 12, 3597, '0000-00-00 00:00:00'),
(3520, 13, 3597, '0000-00-00 00:00:00'),
(3521, 11, 3598, '0000-00-00 00:00:00'),
(3522, 12, 3598, '0000-00-00 00:00:00'),
(3523, 13, 3598, '0000-00-00 00:00:00'),
(3524, 11, 3599, '0000-00-00 00:00:00'),
(3525, 12, 3599, '0000-00-00 00:00:00'),
(3526, 13, 3599, '0000-00-00 00:00:00'),
(3527, 94, 3600, '0000-00-00 00:00:00'),
(3528, 95, 3600, '0000-00-00 00:00:00'),
(3529, 222, 3600, '0000-00-00 00:00:00'),
(3530, 94, 3601, '0000-00-00 00:00:00'),
(3531, 95, 3601, '0000-00-00 00:00:00'),
(3532, 222, 3601, '0000-00-00 00:00:00'),
(3533, 1, 3602, '0000-00-00 00:00:00'),
(3534, 1, 3603, '0000-00-00 00:00:00'),
(3535, 1, 3604, '0000-00-00 00:00:00'),
(3536, 54, 3605, '0000-00-00 00:00:00'),
(3537, 113, 3605, '0000-00-00 00:00:00'),
(3538, 243, 3605, '0000-00-00 00:00:00'),
(3539, 6, 3606, '0000-00-00 00:00:00'),
(3540, 6, 3607, '0000-00-00 00:00:00'),
(3541, 6, 3608, '0000-00-00 00:00:00'),
(3542, 6, 3609, '0000-00-00 00:00:00'),
(3543, 6, 3610, '0000-00-00 00:00:00'),
(3544, 6, 3611, '0000-00-00 00:00:00'),
(3545, 6, 3612, '0000-00-00 00:00:00'),
(3546, 6, 3613, '0000-00-00 00:00:00'),
(3547, 6, 3614, '0000-00-00 00:00:00'),
(3548, 6, 3615, '0000-00-00 00:00:00'),
(3549, 11, 3616, '0000-00-00 00:00:00'),
(3550, 12, 3616, '0000-00-00 00:00:00'),
(3551, 13, 3616, '0000-00-00 00:00:00'),
(3552, 11, 3617, '0000-00-00 00:00:00'),
(3553, 12, 3617, '0000-00-00 00:00:00'),
(3554, 13, 3617, '0000-00-00 00:00:00'),
(3555, 11, 3618, '0000-00-00 00:00:00'),
(3556, 12, 3618, '0000-00-00 00:00:00'),
(3557, 13, 3618, '0000-00-00 00:00:00'),
(3558, 11, 3619, '0000-00-00 00:00:00'),
(3559, 12, 3619, '0000-00-00 00:00:00'),
(3560, 13, 3619, '0000-00-00 00:00:00'),
(3561, 11, 3620, '0000-00-00 00:00:00'),
(3562, 12, 3620, '0000-00-00 00:00:00'),
(3563, 13, 3620, '0000-00-00 00:00:00'),
(3564, 11, 3621, '0000-00-00 00:00:00'),
(3565, 12, 3621, '0000-00-00 00:00:00'),
(3566, 13, 3621, '0000-00-00 00:00:00'),
(3567, 11, 3622, '0000-00-00 00:00:00'),
(3568, 12, 3622, '0000-00-00 00:00:00'),
(3569, 13, 3622, '0000-00-00 00:00:00'),
(3570, 338, 3623, '0000-00-00 00:00:00'),
(3571, 339, 3624, '0000-00-00 00:00:00'),
(3572, 338, 3625, '0000-00-00 00:00:00'),
(3573, 340, 3626, '0000-00-00 00:00:00'),
(3574, 1, 3627, '0000-00-00 00:00:00'),
(3575, 6, 3628, '0000-00-00 00:00:00'),
(3576, 6, 3629, '0000-00-00 00:00:00'),
(3577, 11, 3630, '0000-00-00 00:00:00'),
(3578, 12, 3630, '0000-00-00 00:00:00'),
(3579, 13, 3630, '0000-00-00 00:00:00'),
(3580, 338, 3742, '0000-00-00 00:00:00'),
(3581, 340, 3745, '0000-00-00 00:00:00'),
(3582, 353, 3741, '0000-00-00 00:00:00'),
(3583, 354, 3741, '0000-00-00 00:00:00'),
(3584, 355, 3741, '0000-00-00 00:00:00'),
(3585, 361, 3741, '0000-00-00 00:00:00'),
(3586, 362, 3741, '0000-00-00 00:00:00'),
(3587, 363, 3741, '0000-00-00 00:00:00'),
(3588, 364, 3741, '0000-00-00 00:00:00'),
(3589, 338, 3741, '0000-00-00 00:00:00'),
(3590, 365, 8, '2014-05-02 13:40:28'),
(3591, 338, 8, '2014-05-02 13:40:28'),
(3592, 365, 28, '2014-05-02 15:36:49'),
(3593, 366, 28, '2014-05-02 15:36:49'),
(3594, 341, 28, '2014-05-02 15:36:49');

-- --------------------------------------------------------

--
-- Struktura tabele `vs_users`
--

CREATE TABLE IF NOT EXISTS `vs_users` (
  `id` int(11) NOT NULL AUTO_INCREMENT,
  `name` varchar(255) NOT NULL DEFAULT '',
  `username` varchar(150) NOT NULL DEFAULT '',
  `password` varchar(100) NOT NULL,
  `email` varchar(100) NOT NULL DEFAULT '',
  `send_email` tinyint(4) DEFAULT '1',
  `block` tinyint(4) NOT NULL DEFAULT '0',
  `activation` tinyint(4) NOT NULL DEFAULT '0',
  `last_visited` datetime NOT NULL DEFAULT '0000-00-00 00:00:00',
  `created` timestamp NOT NULL DEFAULT CURRENT_TIMESTAMP,
  PRIMARY KEY (`id`),
  UNIQUE KEY `username_2` (`username`),
  KEY `idx_name` (`name`),
  KEY `idx_block` (`block`),
  KEY `username` (`username`),
  KEY `email` (`email`)
) ENGINE=InnoDB  DEFAULT CHARSET=utf8 AUTO_INCREMENT=794 ;

--
-- Odloži podatke za tabelo `vs_users`
--

INSERT INTO `vs_users` (`id`, `name`, `username`, `password`, `email`, `send_email`, `block`, `activation`, `last_visited`, `created`) VALUES
(499, 'Administrator', 'admin', 'b299d8df00332b8d5de5870a46c5da23', 'zelnik.net@gmail.com', 1, 0, 0, '2014-02-21 13:30:18', '2009-05-02 22:04:03'),
(500, 'Nastja', 'Nastja', '61c0d02090d71a5689a9717c69fa237d:gi2ZlqsnG8EVt72LWKS8xn028o1B3piE', 'nastja.pugelj@hotmail.com', 0, 0, 0, '2012-05-19 12:33:20', '2013-08-30 22:25:13'),
(501, 'kuby', 'kuby', 'f8eca92ae8f5c55f002969145df05218', 'bojana.meglen@gmail.com', 0, 0, 0, '1970-01-01 01:00:00', '0000-00-00 00:00:00'),
(502, 'Anton_Grm-SDB', 'Anton_Grm-SDB', 'dbd682c08afd89c56c935d782a025edc:aILyypdh4UHYZF7HXO6vePpUFDQ9vyHb', 'anton.grm@gmail.com', 0, 0, 0, '1970-01-01 01:00:00', '0000-00-00 00:00:00'),
(503, 'M4rk0_Skull', 'M4rk0_Skull', 'fdb47f124a6bd26ca0dffed676f216c5:dbM0kh8w7eUUKUHjWsW6kp5Gb0yAkaYA', 'markoskulj@gmail.com', 0, 0, 0, '2012-04-09 17:03:43', '0000-00-00 00:00:00'),
(504, 'cecil0mt', 'cecil0mt', '93c06db5d941f5544ebeeb4c46dc52ba', 'busybusy@o2.pl', 0, 0, 0, '1970-01-01 01:00:00', '0000-00-00 00:00:00'),
(505, 'mdd', 'mdd', 'bedefb930f9500d7fbc9ea4bcfbcd9c4', 'mdd@mdd.iconrate.net', 0, 0, 0, '2010-10-12 11:31:38', '0000-00-00 00:00:00'),
(506, 'Andrej', 'Andrej', 'cf772df8b3ae67b2d5d660fbd59362bc', 'andrej.znidarsic@gmail.com', 0, 0, 0, '2011-01-24 18:23:59', '0000-00-00 00:00:00'),
(507, 'Peter', 'Peter', '91870a5a8c414a46ccfb49a6fb033650', 'jakopic@volja.net', 0, 0, 0, '2011-01-19 07:47:07', '0000-00-00 00:00:00'),
(508, 'matic', 'matic', '018a9567ea15470312c40d3e5d6bbcd4', 'maticvodicar@email.si', 0, 0, 0, '1970-01-01 01:00:00', '0000-00-00 00:00:00'),
(509, 'Brozzy', 'Brozzy', '148b1f6789be5b478959feafaed7e5f6', 'ambroz.volek@gmail.com', 0, 0, 0, '2013-10-10 09:44:58', '0000-00-00 00:00:00'),
(510, 'Jonny', 'Jonny', '87f88c4d52e26f0911cc7989d13397f7', 'jonny.jakopic@email.si', 0, 0, 0, '2011-01-16 21:16:56', '0000-00-00 00:00:00'),
(511, 'Irena', 'Irena', 'cbc6e819b675b48ff92e42cb225bada7', 'carrissime89@gmail.com', 0, 0, 0, '2012-01-14 15:56:58', '0000-00-00 00:00:00'),
(512, 'bizgec', 'bizgec', '04de585742ffff8aa5db858be19b1f2b:V1Ta5mg2zfOeccNdyWf1UtT5SU5pRf7h', 'bizgec@afnegunca.com', 0, 0, 0, '2013-06-06 13:12:21', '0000-00-00 00:00:00'),
(513, 'big_foot', 'big_foot', 'cf8a02d0575e038e78cefcea178cbd67', 'glavicl@student.fmf.uni-lj.si', 0, 0, 0, '2011-10-05 19:31:10', '0000-00-00 00:00:00'),
(514, 'tina', 'tina', '87e553a987ea906f8b2575b83a389217', 'tina_borstnik_1991@hotmail.com', 0, 0, 0, '1970-01-01 01:00:00', '0000-00-00 00:00:00'),
(515, 'janchy', 'janchy', '8a89d20427db9621729ffd8acff83d9c', 'janasustar@email.si', 0, 0, 0, '2012-10-12 12:47:04', '0000-00-00 00:00:00'),
(516, 'alenka', 'alenka', '16c13f83a0ed091877b85386e5330a84', 'alenka_znidarsic@email.si', 0, 0, 0, '1970-01-01 01:00:00', '0000-00-00 00:00:00'),
(517, 'chipz', 'chipz', '51dc30ddc473d43a6011e9ebba6ca770', 'pznidarsic@email.si', 0, 0, 0, '1970-01-01 01:00:00', '0000-00-00 00:00:00'),
(518, 'naty', 'naty', 'fcea920f7412b5da7be0cf42b8c93759', 'natalija.fink@volja.net', 0, 0, 0, '1970-01-01 01:00:00', '0000-00-00 00:00:00'),
(519, 'LALA', 'LALA', 'ee63d6a66801f2ee9f1cf7a70ea6bd73', 'laura_sadar@hotmail.com', 0, 0, 0, '1970-01-01 01:00:00', '0000-00-00 00:00:00'),
(520, 'WildChild', 'WildChild', '124217c1c5772c4f2cf7f0eb85d08d4d', 'joze.prijatelj@gmail.com', 0, 0, 0, '2011-06-07 21:46:48', '0000-00-00 00:00:00'),
(521, 'anchy', 'anchy', 'b49d3b7c789f8fe0e3425c537dad748e', 'anjakralj@email.si', 0, 0, 0, '1970-01-01 01:00:00', '0000-00-00 00:00:00'),
(522, 'andreja', 'andreja', 'fa774183ab00517107b0a5bf61f91e97', 'andreja_sevsek@hotmail.com', 0, 0, 0, '1970-01-01 01:00:00', '0000-00-00 00:00:00'),
(523, 'Gremlin', 'Gremlin', '827cf04777d98252b2adb71d4b137319', 'miha.boh@gmail.com', 0, 0, 0, '1970-01-01 01:00:00', '0000-00-00 00:00:00'),
(524, 'SuperS', 'SuperS', '592db47d5ccc62700d6dfc9f16c1f862', 'sandiglac@hotmail.com', 0, 0, 0, '1970-01-01 01:00:00', '0000-00-00 00:00:00'),
(525, 'KoKiCa', 'KoKiCa', 'fdb66430b98428c92fc49e29489c09ce', 'katja.polzelnik@email.si', 0, 0, 0, '1970-01-01 01:00:00', '0000-00-00 00:00:00'),
(526, 'AndrejaN', 'AndrejaN', 'fc1ee889b4a803673ae344022ac843b2', 'tejc.novak@gmail.com', 0, 0, 0, '2012-03-17 10:26:54', '0000-00-00 00:00:00'),
(527, 'frucita', 'frucita', 'ae917007569251a7f90e0b15bc77450e', 'lumpek15@email.si', 0, 0, 0, '1970-01-01 01:00:00', '0000-00-00 00:00:00'),
(528, 'alien', 'alien', '41856fb92c2759eb89d993ffaef9724b', 'alien@afnegunca.com', 0, 0, 0, '1970-01-01 01:00:00', '0000-00-00 00:00:00'),
(529, 'scream', 'scream', '20076547310803443eb482ec21bc3c3a', 'tefanm@yahoo.com', 0, 0, 0, '1970-01-01 01:00:00', '0000-00-00 00:00:00'),
(530, 'mecurysmile', 'mecurysmile', '0bcfd981aa10782e1e58bbb31b05b9b9', 'vida_borstnik@hotmail.com', 0, 0, 0, '1970-01-01 01:00:00', '0000-00-00 00:00:00'),
(531, 'Exterminator', 'Exterminator', '4d332c841628f709302f7ff9b3076bb8:FfRnnkOZ71T3eDdA3RreZIvWSms2zHi8', 'klemen.tegel@siol.com', 0, 0, 0, '2013-04-18 22:45:18', '0000-00-00 00:00:00'),
(532, 'chatya', 'chatya', '0c4d309fb04589954c67ad9508eb2c33', 'katja_meglen@hotmail.com', 0, 0, 0, '1970-01-01 01:00:00', '0000-00-00 00:00:00'),
(533, 'Timy', 'Timy', '277542526c46b4de7c23bdc23511ebf1:MdJVwd5zDighZdajw2MPipOn3xONXRZs', 'timos.skavt@hotmail.com', 0, 0, 0, '2011-05-14 23:46:46', '0000-00-00 00:00:00'),
(534, 'rewanger', 'rewanger', 'f53d25dce191d689906c081e2f4a2222', 'rewanger@msn.com', 0, 0, 0, '2010-12-06 17:18:22', '0000-00-00 00:00:00'),
(535, 'Lukec', 'Lukec', '16775d86b977f99b3a7b5d5697e0c9de', 'mperhaj@siol.net', 0, 0, 0, '1970-01-01 01:00:00', '0000-00-00 00:00:00'),
(536, 'LucijaV', 'LucijaV', '7aa8758f5445be6ce2bcbc0af346b437', 'lucija.volek@email.si', 0, 0, 0, '1970-01-01 01:00:00', '0000-00-00 00:00:00'),
(537, 'hidrazin', 'hidrazin', 'bd7e5b29fd5d6066d158c97e391f90a7', 'neron543@hotmail.com', 0, 0, 0, '1970-01-01 01:00:00', '0000-00-00 00:00:00'),
(538, 'vilma', 'vilma', '8f91cec9a1609e68f34437507025c804', 'vilmasustar@hotmail.com', 0, 0, 0, '1970-01-01 01:00:00', '0000-00-00 00:00:00'),
(539, 'Domen', 'Domen', '9d55b4211f9645a5b6409ee72a2f60ce', 'dalenc007@hotmail.com', 0, 0, 0, '1970-01-01 01:00:00', '0000-00-00 00:00:00'),
(540, 'Gorgoroth', 'Gorgoroth', 'e10adc3949ba59abbe56e057f20f883e', 'suzana.kastelic@siol.net', 0, 0, 0, '1970-01-01 01:00:00', '0000-00-00 00:00:00'),
(541, 'anchy117', 'anchy117', '70d28c7f4f175f911c034e18b5358624', 'anchy117@hotmail.com', 0, 0, 0, '1970-01-01 01:00:00', '0000-00-00 00:00:00'),
(542, 'NAJ_M', 'NAJ_M', 'c25f3dbc7a8d5cb814b830f0a625776e', 'matejamarn@volja.net', 0, 0, 0, '1970-01-01 01:00:00', '0000-00-00 00:00:00'),
(543, 'Odpadnik', 'Odpadnik', 'a964e5550c7504a5ea8e57ef642963c0', 'matija_zakrajsek@hotmail.com', 0, 0, 0, '1970-01-01 01:00:00', '0000-00-00 00:00:00'),
(544, 'Mana', 'Mana', '86094b61cb9f63b77f982ceae03e95f0', 'mgirll@gmail.com', 0, 0, 0, '1970-01-01 01:00:00', '0000-00-00 00:00:00'),
(545, 'sonja', 'sonja', '51c0345366ffde9fd8c3b23cd8ba68c1', 'sonja.densa@email.si', 0, 0, 0, '1970-01-01 01:00:00', '0000-00-00 00:00:00'),
(546, 'HiShiWiko', 'HiShiWiko', '000905801d6dbe966ed5d6aea8c4d71a', 'man1ac.from.70s@hotmail.com', 0, 0, 0, '1970-01-01 01:00:00', '0000-00-00 00:00:00'),
(547, 'pirnat', 'pirnat', '5a105e8b9d40e1329780d62ea2265d8a', 'mufic@volja.net', 0, 0, 0, '1970-01-01 01:00:00', '0000-00-00 00:00:00'),
(548, 'GeorgeConstanza', 'GeorgeConstanza', '3548907c81df0f9873912e1836744966', 'gobanovec@yahoo.com', 0, 0, 0, '1970-01-01 01:00:00', '0000-00-00 00:00:00'),
(549, 'mrgica', 'mrgica', '79a964802962d5255f3627cfcd54837b', 'jana.zajec@gmail.com', 0, 0, 0, '1970-01-01 01:00:00', '0000-00-00 00:00:00'),
(550, 'Etna', 'Etna', '0c4d309fb04589954c67ad9508eb2c33', 'katja.meglen@gmail.com', 0, 0, 0, '1970-01-01 01:00:00', '0000-00-00 00:00:00'),
(551, 'teenager15', 'teenager15', '3189934774aa880fa7fbf8da8f9e446d', 'teenager1991@hotmail.com', 0, 0, 0, '1970-01-01 01:00:00', '0000-00-00 00:00:00'),
(552, 'janezk88', 'janezk88', '570134d5f31e504e5aff2ae61d0ba622', 'janez.kaplan@email.si', 0, 0, 0, '1970-01-01 01:00:00', '0000-00-00 00:00:00'),
(553, 'ScEry', 'ScEry', 'bdbc5b138045460c5b8416c38ffbeb3d', 'erika.erculj@hotmail.com', 0, 0, 0, '1970-01-01 01:00:00', '0000-00-00 00:00:00'),
(554, 'mato', 'mato', 'cd61465fe691cfb2cd3ba46f2ab1389c', 'matjaz.sustarsic@hotmail.com', 0, 0, 0, '1970-01-01 01:00:00', '0000-00-00 00:00:00'),
(555, 'griza', 'griza', 'b843f30e719da6b131f8127dcd695935', 'griza@email.si', 0, 0, 0, '1970-01-01 01:00:00', '0000-00-00 00:00:00'),
(556, 'schpella', 'schpella', 'e5732f9e6f7b5ffbf53208f49fdf835f', 'spela.nose@gmail.com', 0, 0, 0, '1970-01-01 01:00:00', '0000-00-00 00:00:00'),
(557, 'illidan', 'illidan', '73db5bd1e66f38ed6461d728d6e8d5a3', 'lenarcicm@gmail.com', 0, 0, 0, '1970-01-01 01:00:00', '0000-00-00 00:00:00'),
(558, 'the_one_and_only', 'the_one_and_only', 'c27b18f4917d9d68e8f47e4fae2d6573', 'eva.blabla@hotmail.com', 0, 0, 0, '2011-02-02 14:32:37', '0000-00-00 00:00:00'),
(559, 'miha', 'miha', '1bfa5721cf377eef156085e114b52c05', 'miha_jakic@hotmail.com', 0, 0, 0, '1970-01-01 01:00:00', '0000-00-00 00:00:00'),
(560, 'ditka', 'ditka', '49fe4ff7e8ff356b5a525b5e100ba3a6', 'joze.bostjancic@volja.net', 0, 0, 0, '1970-01-01 01:00:00', '0000-00-00 00:00:00'),
(561, 'Petrca', 'Petrca', 'a1eb3ef34d8529b75bdf9791d028ec15', 'petrca04@gmail.com', 0, 0, 0, '1970-01-01 01:00:00', '0000-00-00 00:00:00'),
(562, 'PoWerBARoWc', 'PoWerBARoWc', '750379b5926e9f728aa6c253d37e3792', 'DORON007@SIOL.NET', 0, 0, 0, '1970-01-01 01:00:00', '0000-00-00 00:00:00'),
(563, 'andrejak', 'andrejak', '6f68292d690fe51520ad9cf97602d475', 'andreja55@siol.net', 0, 0, 0, '2010-09-29 19:06:24', '0000-00-00 00:00:00'),
(564, 'klewen', 'klewen', '0e84d1bfcf1d76538320e8e1b05eb5b0', 'info@klub-gros.com', 0, 0, 0, '1970-01-01 01:00:00', '0000-00-00 00:00:00'),
(565, 'rencka14', 'rencka14', '13aef0865dcae54b2e4db0067e3fd5c6', 'renata_jersin@hotmail.com', 0, 0, 0, '1970-01-01 01:00:00', '0000-00-00 00:00:00'),
(566, 'happysun', 'happysun', 'a53aa07b23780ff41709edf69e83d90f', 'happysun@mail386.com', 0, 0, 0, '1970-01-01 01:00:00', '0000-00-00 00:00:00'),
(567, 'mitjap', 'mitjap', '22ae4b376cb2046afaae0d1ec28debf6', 'mitja.pavlic@mksmarjeta.org', 0, 0, 0, '1970-01-01 01:00:00', '0000-00-00 00:00:00'),
(568, 'Lordi7', 'Lordi7', 'edc5a121643efce84bc9f05b0e3bd68f', 'aljaz.vidmar@email.si', 0, 0, 0, '1970-01-01 01:00:00', '0000-00-00 00:00:00'),
(569, 'sasa', 'sasa', 'b39b373025e6ce82c61c03e345c57b13', 'metulj1992@hotmail.com', 0, 0, 0, '1970-01-01 01:00:00', '0000-00-00 00:00:00'),
(570, 'breza', 'breza', '9b2f08bea2ce325308b1d894736978b5', 'breza@mail386.com', 0, 0, 0, '1970-01-01 01:00:00', '0000-00-00 00:00:00'),
(571, 'jest', 'jest', '3e57ff16f01e337ff094cccb14c58e01', 'anja.jest@gmail.com', 0, 0, 0, '2010-03-19 21:20:25', '0000-00-00 00:00:00'),
(572, 'firbcna-soja', 'firbcna-soja', '73fc3664ddbbf12311363c7214efffad', 'firbcna.soja@planet.si', 0, 0, 0, '2010-03-02 16:14:39', '0000-00-00 00:00:00'),
(573, 'HiShiWik0', 'HiShiWik0', '98408db9a8744a44dbd4c7998f98c9d1', 'tadej_prijatelj@hotmail.com', 0, 0, 0, '1970-01-01 01:00:00', '0000-00-00 00:00:00'),
(574, 'jercy', 'jercy', '48b5201d069c8c3318977ff9883d2979', 'jernej33@hotmail.com', 0, 0, 0, '1970-01-01 01:00:00', '0000-00-00 00:00:00'),
(575, 'jessy', 'jessy', 'b5a6c99a5c8d42a965f6d0ba462119af', 'jasminnca@gmail.com', 0, 0, 0, '1970-01-01 01:00:00', '0000-00-00 00:00:00'),
(576, 'shadow', 'shadow', '663cb5b7c568fdb968d37b98d7eee01a:84vqL6Lui4snIux2H5OrhWAlMkHqoSMt', 'primoz_prijatelj@hotmail.com', 0, 0, 0, '2011-03-22 20:27:33', '0000-00-00 00:00:00'),
(577, 'justine777', 'justine777', '2c73bdccfcb396e58ede6691fb9ca773', 'justine@kskvue.info', 0, 0, 0, '1970-01-01 01:00:00', '0000-00-00 00:00:00'),
(578, 'justine123', 'justine123', '2c73bdccfcb396e58ede6691fb9ca773', 'justine123@kskvue.info', 0, 0, 0, '1970-01-01 01:00:00', '0000-00-00 00:00:00'),
(579, 'LUCY', 'LUCY', '22d694e8104cd75f79620b6164538418', 'lucija_prijatelj@hotmail.com', 0, 0, 0, '1970-01-01 01:00:00', '0000-00-00 00:00:00'),
(580, 'Tania', 'Tania', '8b81f09dc269208395ddc0699564e5ba', 'tanja.elshawish@gmail.com', 0, 0, 0, '2010-10-06 14:46:28', '0000-00-00 00:00:00'),
(581, 'tadeya15', 'tadeya15', 'b359cc0cb8b0b918762498a3d3f138d9', 'rockerka1991@hotmail.com', 0, 0, 0, '1970-01-01 01:00:00', '0000-00-00 00:00:00'),
(582, 'Rock_Hubbard', 'Rock_Hubbard', 'cddfde39f7ed6a5f9cdd2a88d791334b', 'dgwwgo@onporn.info', 0, 0, 0, '1970-01-01 01:00:00', '0000-00-00 00:00:00'),
(583, 'kleopatra20', 'kleopatra20', '277ccab0f30358ed6a620e5ec4e6e4d7', 'kleopatra20@email.si', 0, 0, 0, '2013-03-05 11:53:20', '0000-00-00 00:00:00'),
(584, 'Donna38', 'Donna38', 'c1be96404557fd031b8f8ad967b47166', 'Donna38@the.agism.org', 0, 0, 0, '1970-01-01 01:00:00', '0000-00-00 00:00:00'),
(585, 'zvezdica', 'zvezdica', 'fa87d33dd746e9bea5e7965b2628fe6c', 'sabina.volek@siol.net', 0, 0, 0, '1970-01-01 01:00:00', '0000-00-00 00:00:00'),
(586, 'janja', 'janja', '8df33d5c3c530ff3e39cb48ab4159884', 'janja.janjcy@gmail.com', 0, 0, 0, '2011-02-06 16:13:54', '0000-00-00 00:00:00'),
(587, 'fakir7', 'fakir7', '1b3a7d30d966636386a272f0f8002ca7', 'elhakim19@gmail.com', 0, 0, 0, '1970-01-01 01:00:00', '0000-00-00 00:00:00'),
(588, 'Laura', 'Laura', 'e0c15088837ed4dfd8e6dc2f963bc522', 'laura.sadar@gmail.com', 0, 0, 0, '2011-10-05 10:07:45', '0000-00-00 00:00:00'),
(589, 'lukesanfor', 'lukesanfor', 'd1bd7b86c1a6ebf37c631e6aedc28109', 'lukesanfor@gmail.com', 0, 0, 0, '1970-01-01 01:00:00', '0000-00-00 00:00:00'),
(590, 'green_lake', 'green_lake', 'b576d4782bb631a931145ba31e711fa2', 'mirjam.cimerman@gmail.com', 0, 0, 0, '1970-01-01 01:00:00', '0000-00-00 00:00:00'),
(591, 'LjuboM', 'LjuboM', '283132b0e2326a0816ba0b3a4aeabd8e', 'ljubo@psdsi.com', 0, 0, 0, '1970-01-01 01:00:00', '0000-00-00 00:00:00'),
(592, 'zupnik1', 'zupnik1', '827ccb0eea8a706c4c34a16891f84e7b', 'p@email.si', 0, 0, 0, '1970-01-01 01:00:00', '0000-00-00 00:00:00'),
(593, 'klemen777', 'klemen777', 'b47dc4ddde0453f516610604e9c57faa', 'klemen.turnsek@gmail.com', 0, 0, 0, '1970-01-01 01:00:00', '0000-00-00 00:00:00'),
(594, 'Mejdun', 'Mejdun', '98c9c8def3882a03ef8cf6994172156e', 'janezgac@gmail.com', 0, 0, 0, '2013-07-03 05:42:19', '0000-00-00 00:00:00'),
(595, 'Ninchy', 'Ninchy', '04246ef4da8c2508fbdf25b0efd84521', 'mateja.krojs@siol.net', 0, 0, 0, '1970-01-01 01:00:00', '0000-00-00 00:00:00'),
(596, 'bond79895', 'bond79895', '827ccb0eea8a706c4c34a16891f84e7b', 'bond79895@avertorto.org', 0, 0, 0, '1970-01-01 01:00:00', '0000-00-00 00:00:00'),
(597, 'Barbara', 'Barbara', '85240fc7bf89de0ee5e450c68f3290c5', 'barbara.francelj@guest.arnes.si', 0, 0, 0, '1970-01-01 01:00:00', '0000-00-00 00:00:00'),
(598, 'little_miss_sunshine', 'little_miss_sunshine', 'a678f8f96d3995ae50d7b48cc26016bb', 'dashapiano@hotmail.com', 0, 0, 0, '1970-01-01 01:00:00', '0000-00-00 00:00:00'),
(599, 'katkaritka', 'little_crazy_dolly', 'd98cee728785f1d86e8901b25b8d17f6:1kcaJzdvmjL9NTYw94f5CrjOYCT0m3Uq', 'katarina.volek@gmail.com', 0, 0, 0, '2010-02-19 18:27:07', '0000-00-00 00:00:00'),
(600, 'Glazuna', 'Glazuna', 'dcaf03ac2ebd8b5218d0dbd76682ef1b', 'blaz.cigale@siol.net', 0, 0, 0, '1970-01-01 01:00:00', '0000-00-00 00:00:00'),
(601, 'Dave1972x', 'Dave1972x', '9f64cc89593854255a7e9ec33fd1d6f7', 'davyjonones@gmail.com', 0, 0, 0, '1970-01-01 01:00:00', '0000-00-00 00:00:00'),
(602, 'TIANA', 'TIANA', 'b5a8b0043d1a3118dbf68aaaad63758d', 'tinagacnik@siol.net', 0, 0, 0, '1970-01-01 01:00:00', '0000-00-00 00:00:00'),
(603, 'orange_lily', 'orange_lily', '23b6c59e0f61c5d6e1090525ea0056fd', 'lucija.sinkovec@gmail.com', 0, 0, 0, '2012-04-24 14:21:07', '0000-00-00 00:00:00'),
(604, 'copatek', 'copatek', '23af62e327d923bff696c74737fab2ff', 'maka@mail386.com', 0, 0, 0, '2013-03-24 09:28:47', '0000-00-00 00:00:00'),
(605, 'JAZ', 'JAZ', '2196e1b0c89b3f335ae9cb2be96cd71a', 'rmeglen@gmail.com', 0, 0, 0, '1970-01-01 01:00:00', '0000-00-00 00:00:00'),
(606, 'knjigica', 'knjigica', '6e79cd1d129ad799761b8124327de527', 'soncnizahod@hotmail.com', 0, 0, 0, '1970-01-01 01:00:00', '0000-00-00 00:00:00'),
(607, 'bojana', 'bojana', '9a1e20680837cad299e7d2e5eb716323', 'bojana.mismas@gmail.com', 0, 0, 0, '1970-01-01 01:00:00', '0000-00-00 00:00:00'),
(608, 'zamorcek', 'zamorcek', '083fbb613be4955c1e5ef38e25e4efe2', 'pikainanja@gmail.com', 0, 0, 0, '1970-01-01 01:00:00', '0000-00-00 00:00:00'),
(609, 'primzi', 'primzi', 'b9a077290acb5a4e6c815119a94fcb61', 'primoz.rus@email.si', 0, 0, 0, '1970-01-01 01:00:00', '0000-00-00 00:00:00'),
(610, 'AlenkaJ', 'AlenkaJ', '42535cc5787eeaec36a6c5ecc09353e4:br1k909IhiBLGlkdpf5AG5XJoqrh0RHK', 'alenkajersin@gmail.com', 0, 0, 0, '2011-11-15 18:09:44', '0000-00-00 00:00:00'),
(611, 'CreezY-Lukka', 'CreezY-Lukka', 'c03bc2a7594f4c06de1601108cc9f96b', 'luka.mavric@hotmail.com', 0, 0, 0, '1970-01-01 01:00:00', '0000-00-00 00:00:00'),
(612, 'aztek', 'aztek', 'a9e4f9af405aef91305513ef1ddbb134', 'aztekink@gmail.com', 0, 0, 0, '1970-01-01 01:00:00', '0000-00-00 00:00:00'),
(613, 'FiNK', 'FiNK', '1ac145ca804efcd127f58573563371e6', 'fink_jan@hotmail.com', 0, 0, 0, '1970-01-01 01:00:00', '0000-00-00 00:00:00'),
(614, 'Genius', 'Genius', '87704e9efce14e0a30c7450fadf2c9b2', 'sacrum000@gmail.com', 0, 0, 0, '1970-01-01 01:00:00', '0000-00-00 00:00:00'),
(615, 'pinki', 'pinki', '9cc8b06558e571b58f37980e9451408d:keQF6currBFBSIlzVMVW56H2iiT2LXMG', 'slavko.pajntar@siol.net', 0, 0, 0, '2011-09-20 14:40:07', '0000-00-00 00:00:00'),
(616, 'Tommy', 'Tommy', '2444539b540f7bb92751a0d7c694ff1b', 'Thomas.Breznik@ijs.si', 0, 0, 0, '1970-01-01 01:00:00', '0000-00-00 00:00:00'),
(617, 'widolfia', 'widolfia', 'c5ebe9272da66a671949750c6b763941', 'vida.znidarsic@gmail.com', 0, 0, 0, '1970-01-01 01:00:00', '0000-00-00 00:00:00'),
(618, 'titania', 'titania', '7a5dfe541017bdf74fa3d191d7f807fd', 'tancy_medo@email.si', 0, 0, 0, '1970-01-01 01:00:00', '0000-00-00 00:00:00'),
(619, 'Helencek', 'Helencek', 'fda219751c8dff80ecd1da0fd4148b07', 'helena.ilc@gmail.com', 0, 0, 0, '1970-01-01 01:00:00', '0000-00-00 00:00:00'),
(620, 'Jolcy', 'Jolcy', '638143edf69ddece4b95839207f6a0cd', 'c.jolanda@gmail.com', 0, 0, 0, '1970-01-01 01:00:00', '0000-00-00 00:00:00'),
(621, 'Brane', 'Brane', '45fd6b735a81ca318cfbf687051099ee', 'bbrodnik@hotmail.com', 0, 0, 0, '1970-01-01 01:00:00', '0000-00-00 00:00:00'),
(622, 'Pertuka', 'Pertuka', '083259dd92ffa40a1aa8ee885caff6bd', 'strekelj@hotmail.com', 0, 0, 0, '1970-01-01 01:00:00', '0000-00-00 00:00:00'),
(624, 'Lucky', 'Lucky', 'acd88073ac8fd05503ebc1b10ad9c606', 'lukc.sinko@gmail.com', 0, 0, 0, '1970-01-01 01:00:00', '0000-00-00 00:00:00'),
(627, 'Pomlad', 'Pomlad', 'fbe46ae0ca687ab0267be5cca10a248b', 'vesna.glavic@volja.net', 0, 0, 0, '1970-01-01 01:00:00', '0000-00-00 00:00:00'),
(628, 'teeny', 'teeny', '7a5dfe541017bdf74fa3d191d7f807fd', 'tanja.teeeny@gmail.com', 0, 0, 0, '1970-01-01 01:00:00', '0000-00-00 00:00:00'),
(629, 'DeeDee', 'DeeDee', '5b572b5c10f258e0660baeb168f2602d', 'lil.gummy@gmail.com', 0, 0, 0, '1970-01-01 01:00:00', '0000-00-00 00:00:00'),
(630, 'kuodre', 'kuodre', '02bd9a65abc1bf29e1c5e6c8c772f422', 'gregor7194@hotmail.com', 0, 0, 0, '1970-01-01 01:00:00', '0000-00-00 00:00:00'),
(631, 'sasika', 'sasika', 'a0e6a29a3f1ba2ba3d3ed71e5093cd9c', 'sasastrnad0@gmail.com', 0, 0, 0, '1970-01-01 01:00:00', '0000-00-00 00:00:00'),
(632, 'sara96', 'sara96', 'b5e6f9b2a964e1cad89b5bc5b07a051b', 'sara.cvijanovic@gmail.com', 0, 0, 0, '1970-01-01 01:00:00', '0000-00-00 00:00:00'),
(633, 'Rusk', 'Rusk', 'a2cd5b142fd0bbbe04bf9f18f93dde3f', 'rus710@gmail.com', 0, 0, 0, '1970-01-01 01:00:00', '0000-00-00 00:00:00'),
(634, 'chenlouis', 'chenlouis', 'c1b2309c6953968ddc8a3eb49826f597', 'webmaster@chainlou.info', 0, 0, 0, '1970-01-01 01:00:00', '0000-00-00 00:00:00'),
(635, 'andro', 'andro', '539444e459b824f5abe130b99b8cb525', 'andre_skulj@hotmail.com', 0, 0, 0, '1970-01-01 01:00:00', '0000-00-00 00:00:00'),
(636, 'lah', 'lah', '9bdbf85cbf557cbf9c8025aee4a06661', 'matjazlahster@gmail.com', 0, 0, 0, '1970-01-01 01:00:00', '0000-00-00 00:00:00'),
(637, 'craigmathew', 'craigmathew', 'd7e0836a5a1f234d5c16fadc631b4730', 'craiigmathew@gmail.com', 0, 0, 0, '1970-01-01 01:00:00', '0000-00-00 00:00:00'),
(638, 'pjevacica', 'pjevacica', '18de398bbff617dd9df483d21ffe50fd', 'padar.tadeja@yahoo.com', 0, 0, 0, '1970-01-01 01:00:00', '0000-00-00 00:00:00'),
(639, 'sennioritta', 'sennioritta', '04eb5df2c9b8daa664bb3ed2e45d96c8', 'sennioritta@free250host.com', 0, 0, 0, '1970-01-01 01:00:00', '0000-00-00 00:00:00'),
(640, 'TrykIvona', 'TrykIvona', '4118789426a9a7bc679b230212fcfd1c', 'kubaprawda3@gmail.com', 0, 0, 0, '1970-01-01 01:00:00', '0000-00-00 00:00:00'),
(642, 'avdicija1', 'avdicija1', 'd56bad03c1619e1cd0029cdd0b529203', 'avdicija@hotmail.com', 0, 0, 0, '1970-01-01 01:00:00', '0000-00-00 00:00:00'),
(643, 'Emmie_Bridlebc0db', 'Emmie_Bridlebc0db', '461301c38ec7a35c1d7b4355386ea38d', 'rudolf.napierc26da@gmail.com', 0, 0, 0, '1970-01-01 01:00:00', '0000-00-00 00:00:00'),
(644, 'jestbeno', 'jestbeno', '9ea6c90cb9163655c92dc441cbe66747', 'jest_Beno@yahoo.com', 0, 0, 0, '1970-01-01 01:00:00', '0000-00-00 00:00:00'),
(645, 'Jean_Hendric83357', 'Jean_Hendric83357', 'f9b210832716c9a43503a927705ebb3c', 'flora_gomersall2a2db@o2.pl', 0, 0, 0, '1970-01-01 01:00:00', '0000-00-00 00:00:00'),
(647, 'sarchy', 'sarchy', 'a1b61e5ec334f4acc2cb17f46e4e7a24', 'sarazgajnar@gmail.com', 0, 0, 0, '1970-01-01 01:00:00', '0000-00-00 00:00:00'),
(648, 'HarDmaN', 'HarDmaN', '9146138a56fdff7b039e0c4275a111e9', 'saso_pajk@hotmail.com', 0, 0, 0, '1970-01-01 01:00:00', '0000-00-00 00:00:00'),
(649, 'Anja', 'AnCk', 'df4ffcc0debd285a4932ff091acbd4d7:vImJvKFZa9GW09OfzaDUQI5XjJgQUY3h', 'anck.blatnik@gmail.com', 0, 0, 0, '2010-03-27 19:47:25', '2010-01-25 17:38:45'),
(650, 'Janez', 'Gllmour', '095165b956d3ecd22e98c24004fffc2e:LNbaMLvvrFrxrUqqus6StCsiN2DuYL1V', 'jerculj@aol.com', 0, 0, 0, '2010-12-05 22:47:18', '2010-01-28 13:12:23'),
(651, 'Avtor', 'avtor', 'bf96b470296ce6c59e6ded225f029583:G4iTPpoSUTC8EItpOD0vPDM50DgSvIpQ', 'avtor@gmail.com', 0, 0, 0, '2010-04-22 15:19:05', '2010-02-03 00:09:02'),
(652, 'Primož Žagar', 'zagarp', 'c47f90b05a26b3fc60ce88fe2a5b5584:eiyFy0gWk0d5mwft3lYYGf0JjljNUMxe', 'primozagar@gmail.com', 0, 0, 0, '2013-01-07 23:07:40', '2010-02-12 21:03:43'),
(653, 'mamager', 'manager', 'fd524c0db003429af147b843fe85e5f3:4Ibqp2g5uQvZCI6Qu4B2cR4ZVAwjrgKZ', 'tomaz@zelnik.net', 0, 1, 0, '2010-03-27 02:58:00', '2010-02-23 19:28:29'),
(654, 'marijanca', 'marijanca', '56062594a1d92e607c22c93c6032e783:aoY8tbmaZvgPvOYmXR0Zs2VvcyetLgTX', 'gangova@gmail.com', 0, 0, 0, '2010-02-26 01:44:30', '2010-02-26 00:43:35'),
(655, 'nastja', '-nastja-', '016fb0b5b6f96086abe7feb3dd734998:MmuHfTVgqadLJjaYF5P0KiIhPDdR2YXy', 'nastja.prelesnik@gmail.com', 0, 0, 0, '2012-03-03 18:53:41', '2010-03-05 17:47:38'),
(656, 'alenka', 'alenkap', '1d0478d878f27d9123a1eb6913913db1:OeCqa5bF7m24ayX8Gtb5FgVAbv4S7oML', 'alenka.peterc@gmail.com', 0, 0, 0, '2010-04-11 17:43:59', '2010-03-12 16:59:35'),
(657, 'Viktor', 'viktor', '3f0c177bda1f9f59c79143b1c93f58a9:iXBD1A8vGjufDRXKN2Tg0QE7NxFIg50P', 'fbcgrosuplje@gmail.com', 0, 0, 0, '2010-11-14 07:04:38', '2010-03-15 13:35:22'),
(658, 'Matija Oblak', 'moblak2', '333176d829e35e969d2694196d3a77f7:vwJeEgKdXZFDDz2IwxWGUbRgflQrhLha', 'matija.oblak@gmail.com', 0, 0, 0, '2010-06-01 06:41:19', '2010-03-21 21:14:26'),
(659, 'Xion', 'Xion', 'a2c0affe7fe79ec64271ee5296577431:7gl3N168HfPWUs2MwPF3YmD0n8BOqjLf', 'x@jst.sm', 0, 0, 0, '2011-01-28 20:16:57', '2010-03-26 18:00:15'),
(660, 'ZALKA', 'zalka', '47b51636239049b86bb4449e74f1a619:bd9n9o7KopRqQwsoXX7QvF3bLclUFPeX', 'ZALKA.JERSIN@GMAIL.COM', 0, 0, 0, '2010-03-26 19:03:20', '2010-03-26 18:01:39'),
(661, 'Kelso', 'Kelso', '2847d729f466b164c1900e98d873cfa4:pQLQCE3e85CzPsKjuBIxcCFurMp625Ls', 'tadej.prijatelj@gmail.com', 0, 0, 0, '2010-03-27 18:40:32', '2010-03-27 17:39:36'),
(662, 'bigband', 'bigband', '61b9dbbf4b76f74eef7ad133caf12ede:fwIxRO7UpX9fJSrVnJjJgYC8w7pMZf8z', 'andraz.jazz@gmail.com', 0, 0, 0, '2010-04-09 12:26:22', '2010-04-09 10:25:35'),
(663, 'Klavdija', 'Klavdija', 'd84b5f1b4cf5e1c40f034d23c0afdb4f:1S9wui69Zd4qP1xLo3L6FUFXnaeXyiMr', 'klavdija.hocevar@gmail.com', 0, 0, 0, '2010-12-05 20:43:27', '2010-04-16 18:32:50'),
(664, 'Tadej', 'tedy199', 'f5147e06ef2d7b5d26026436f4a16507:A8sIhpOK6GmZacsUc4DXL3JmlyVZT2Xd', 'cimerman.tadej@gmail.com', 0, 0, 0, '2010-06-22 06:22:21', '2010-04-27 17:27:25'),
(665, 'Ana Porenta', 'Ana', '4adf84292dc716a5c05dfb58997e7990:i9CEoS1AHRPWsIZoT4pWzuCX1WflsgI7', 'ana@zru.si', 0, 0, 0, '2010-05-11 04:39:23', '2010-05-10 18:31:45'),
(666, 'Janez Kranjski', 'janezek', 'fe2ea3b4fd9ed95ab8a031d2f2e3ec6c:BYQYOtCE6emqiM0FZPYRVhMMKRcYoD6k', 'janez@mojaposta.si', 0, 0, 0, '2010-09-12 13:12:55', '2010-05-13 09:48:14'),
(667, 'žiga', 'žiga', '0b8a31a382b3705b12a93844c99dd69e:71n5rl9ckIOT1qIvjb7X5V6JUSWyCgaR', 'drnovsek.ziga@gmail.com', 0, 0, 0, '2011-07-30 13:17:17', '2010-06-08 18:28:44'),
(668, 'Blaž', 'blapo', 'f09ab29a532af55e17aaa1f22f00c9fe:Z18WcULsdZGHUp6tu5rgcWJY9Mx9aLSr', 'blapo50@hotmail.com', 0, 0, 0, '2012-09-18 15:01:40', '2010-06-21 18:54:00'),
(669, 'SARA', 'SAJAMNIK', '376edec8b6b2aea021506fcd100cd108:wgyHmMKQy42W46HZjT4hzA5ytrxhJFoB', 'sajamnik@gmail.com', 0, 0, 0, '2010-07-06 19:34:26', '2010-07-06 17:32:21'),
(670, 'Mateja', 'sonce', '18062af484a52d63d13f4dd9006f9696:0f8jNbwWxtkYGA6kEtrJsjjdVhosKWjM', 'struge@gmail.com', 0, 0, 0, '2010-10-07 18:47:18', '2010-07-16 19:05:37'),
(671, 'Alen Kastelic', 'alen', '5ab054da85eee236c9a0c39b713fbe7b:I8kpg8Sq2bMT0lxUWCHGo8EwIQ3fUuAM', 'alen.kastelic@gmail.com', 0, 0, 0, '2010-07-21 11:49:47', '2010-07-20 05:12:05'),
(672, 'Ana', 'anagodec', 'f239987138924e53a9aedb873fa0d7f9:A5GzLLAXumw1Q27YngY0TC5cKxrfKbaF', 'anagodec@yahoo.com', 0, 0, 0, '2010-08-14 10:10:39', '2010-08-14 07:01:13'),
(673, 'judita', 'juditao', 'f0e2d617eb76bf13ab11d81413efe38a:4sVM3yRlvMlsNfoeVCQNpsSGuUcLQoR4', 'judita.oblak@iskra-tela.si', 0, 0, 0, '2011-02-10 08:05:41', '2010-09-07 16:39:28'),
(674, 'Andrej', 'arhit', '1ba96655de6099622a06bbd854cb9132:92dNjY1Kqj8HwKihjFMxFu9DQMzzRdMZ', 'jazzlifesi@yahoo.com', 0, 0, 0, '2010-09-15 07:58:07', '2010-09-15 05:54:43'),
(675, 'Marija Žnidaršič', 'micika', '299342cdc09d69bde549dfdb9aa4969c:gzHiqjo2j5k5Gv5OCBJYDVUV8jzglE4w', 'micika61@gmail.com', 0, 0, 0, '0000-00-00 00:00:00', '2010-09-19 13:17:57'),
(676, 'Polona', 'dolenka', 'b62eece3f717bd4a3e7926cfe0afb9be:IF9SswBxFtgrYDn1wptplLGyjfyxUYOa', 'dolenka87@gmail.com', 0, 0, 0, '2010-09-21 15:41:04', '2010-09-21 13:25:02'),
(677, 'Primož', 'Primzi1', '787bd6ce8321a8e5c083938313ed7e10:eoWAZVR2QUAh86C7CKW1hn8iLxGKt5N4', 'veselic.primoz@siol.net', 0, 0, 0, '2010-09-29 06:10:50', '2010-09-29 04:02:35'),
(678, 'jože', 'xxx', '64745656f514d411cc62fa5e15d5a343:YLIEeVYhLLtduOwvRaIuOebQjnss8itA', 'sampro@siol.net', 0, 0, 0, '2010-09-29 18:27:46', '2010-09-29 14:29:58'),
(679, 'Lola', 'Lola', '59ab82e673311350320211dcaff59fb0:AKEIYXD7zyMTCY8vqkm9gprnDYm3W2tM', 'lola.bergant@gmail.com', 0, 0, 0, '2010-10-09 18:14:27', '2010-10-07 14:22:17'),
(680, 'KORK Dobrepolje', 'korkdobrepolje', '12a062f2d378b94b5d569aeb7b77819a:EbjUL0RQKPbXSXMwUAaydRbva9SHrZz0', 'marija.tegel@gmail.com', 0, 0, 0, '2012-09-12 07:55:34', '2010-10-12 09:19:51'),
(681, 'boštjan', 'b.p', '561aa8d01f6e85bc7c39b88b552797a3:0MFHiLQChKcamLGlZSveG9WGYsIwfOym', 'bostjan5@hotmail.com', 0, 0, 0, '2010-10-17 11:55:31', '2010-10-17 09:52:47'),
(682, 'Karmen', 'Karmi', '0442f4b93178fde6b732ed30dafdd03b:rpHBHBHxbX46dYrAUFtV1XDOt3X5LLtd', 'karmen.razbornik@gmail.com', 0, 0, 0, '2010-12-24 20:52:42', '2010-10-31 22:20:34'),
(683, 'Bar Majolka', 'BarMajolka', '4e396d58ff3ecdfc66dd0d3d84dcfdae:VIzeI6xbXiA3C3CNsTIPcYkbxb5RQMkv', 'majolka2010@gmail.com', 0, 0, 0, '2012-06-08 10:06:01', '2010-11-03 10:23:16'),
(684, 'Miha Tekavec', 'mihct', 'c95f1a32980239f0b0f3521610dbe7e7:OagevijmpIIlX2TwOPkgR7UK8SwS3qol', 'miha.tekavec@gmail.com', 0, 0, 0, '2011-01-19 16:58:02', '2010-11-09 18:16:00'),
(685, 'Tomaž', 'Tomo V8', '1b0d8a6f0590186f21eca2fe1d051156:Rznl3WXOTQiuM0k7ylaOBGIJo1Hm9AiL', 'tomaz.indihar@gmail.com', 0, 0, 0, '2010-11-18 11:19:46', '2010-11-16 14:10:23'),
(686, 'ZKD Grosuplje', 'ZKD Grosuplje', 'bb84c1c1d205c88bb32081c880432836:BBlsAn2uhjUj5e85OhrQqjgp2sD2u5Ck', 'grosuplje@kultura.si', 0, 0, 0, '2012-01-27 10:31:13', '2010-11-23 08:36:09'),
(687, 'Tadej Bavdek', 'badzovsky', '7083485cf59fb39970db86707c095c30:cOABIbN6PoKtjcqXd3eK9T9kYnz4c8zP', 'tadej.bavdek@gmail.com', 0, 0, 0, '2012-03-03 18:53:05', '2010-11-30 16:04:43'),
(688, 'Nada', 'gruska', '84fa86671ba021bbb43f2a4cd1bfe9f6:9HWKGYJz7MutQm91KE2Ok8FI7hb6n0kS', 'nada.gruskovnjak@gmail.com', 0, 0, 0, '0000-00-00 00:00:00', '2010-12-03 19:23:22'),
(689, 'igor ahačevčič', 'jerkin', '81f1df725f3be1a37e7b72ad2909954e:QPUiBIVyZVKm9XqcZDpFyP5QGipieF3I', 'ahacevcic@volja.net', 0, 0, 0, '0000-00-00 00:00:00', '2010-12-09 17:17:40'),
(690, 'Erika', 'eerika', '30659356300492e7d27ded2063b13299:FraD6C1MMHw6h4opzsO8xl8vfghZzQQq', 'erika.erculj@gmail.com', 0, 0, 0, '2010-12-11 18:15:23', '2010-12-11 17:13:33'),
(691, 'anja babnik', 'anja', '962ab0c4a3511afe3e5fa0cd4581bf85:fvJNsVhFV4DMPIPKKhQO5UNaW4P0G6wP', 'anja-babnik@hotmail.com', 0, 0, 0, '0000-00-00 00:00:00', '2010-12-16 14:18:24'),
(692, 'ana šuštar', 'šušti', '7373f4395b52e08404da4c7d66ab2276:DfBBJPw6xM9VTw47wC5TjQ0SnnfeLz7o', 'ana.susti@gmail.com', 0, 0, 0, '2010-12-16 19:21:02', '2010-12-16 14:25:34'),
(693, 'Luka', 'Luka', '76b2142d750bab27c8fc1616df7cb543:E05z0hJxK5kbxECQJJxtXRhfCJQHDU4n', 'l.brodnik@hotmail.com', 0, 0, 0, '2010-12-20 20:40:02', '2010-12-20 19:37:26'),
(694, 'jože samec', 'samec', '34d99ce1d958fbbcad03dded884b9c00:2bpLHbNlSOiHg4g5ATYQfCGsHspUbzhj', 'samec.joze@gmail.com', 0, 0, 0, '2010-12-25 08:27:16', '2010-12-25 07:23:36'),
(695, 'simona', 'Simona', '2c2f30fc90e3887913dcad494e131726:hXDHzC7fkYBq8gGuvmBiBIIKdskPViYx', 'si.monnca@gmail.com', 0, 0, 0, '2011-02-17 20:57:48', '2011-01-03 17:00:45'),
(696, 'Zavod Parnas', 'parnas', '20542ccc84d61007b7154541980f19bc:C5sSUw7bYLoJJCpqaCq41Jyp3oYMcWu1', 'info@zavod-parnas.org', 0, 0, 0, '2012-03-03 18:54:54', '2011-01-12 07:08:56'),
(697, 'Matjaž Šuštaršič', 'Union4ever', '2ffb491beca139467828b7d2f65bac07:hFKW9ezUKNSdjr1bP0zPNdhAy58j5oGa', 'matjaz.sustarsic@gmail.com', 0, 0, 0, '2011-08-29 19:37:55', '2011-01-19 21:07:27'),
(698, 'Kud Iška vas', 'KUD Iška vas', '4e0d307d9a8bf5fc1f0d93c715b50c23:Dmwhs9vbougPmLaIrNLoXdo27CIaJUg5', 'kud.iska.vas@gmail.com', 0, 0, 0, '2011-01-21 16:02:37', '2011-01-21 15:00:09'),
(699, 'Rok', 'dingica', '1ed2e611a0412c9a733c0f694a3f4654:wbnZ9h6pCW9oKgAzpWJUIUCKOFIUlHld', 'dingica@gmail.com', 0, 0, 0, '2011-01-25 11:02:46', '2011-01-25 09:58:38'),
(700, 'sanja', 'sanja.k', '41ffe661e90973fad7b5446f39049ce5:OGbALWufVUInua2vAUkt8fOt9HeGGNIH', 'sanja.xs@gmail.com', 0, 0, 0, '2011-03-08 15:38:47', '2011-01-30 20:00:03'),
(701, 'Matija', 'Matija', 'd82ab2a18b727c045b4e4fd81ab0c9ee:sreeWykc4AqLYMmPZefWNWkxOidE9RE2', 'matija_klinc@hotmail.com', 0, 0, 0, '0000-00-00 00:00:00', '2011-02-03 15:01:57'),
(702, 'ursa', 'zursa', '2e1ab38666247fe307cd1a8af21776a6:jfZ4qbBHYAeW4IZL5TgQAF0oTQTJvm7k', 'u.zalar@gmail.com', 0, 0, 0, '2011-04-17 18:22:57', '2011-02-09 16:06:53'),
(703, 'Nejc Ilc', 'nejci', 'eac3b539ea5d2ca6fe8ce42e27b3271b:yDyEwR8htPgE1tamfIIrkqDSrojJAbUh', 'nejc.ilc@gmail.com', 0, 0, 0, '2011-03-07 20:45:55', '2011-02-26 13:13:08'),
(704, 'simona', 'simona93', '320e8099a6c6b883676edbac4bb6e2b2:JF8Hm1fjQLVQ8NYIQGAf7oQOvK2trnMN', 'simonapajk@windowslive.com', 0, 0, 0, '2011-03-20 18:52:40', '2011-03-15 20:19:13'),
(705, 'Ivo Frbežar', 'IvoFrbezar', '39eff16dfcd9f35d0b3ae16767c02144:BjA120JwnSvzaCrHyhlrvFjPGPWrAZtt', 'ivo.frbezar@gmail.com', 0, 0, 0, '0000-00-00 00:00:00', '2011-03-18 16:27:54'),
(706, 'Dani', 'Dani', 'f3b47e2d8348176c6afaeaff04bd516b:hzWRVmky8pG2WdnoOcNPJpotpOSoz8MJ', 'dani.kaljevic@gmail.com', 0, 0, 0, '2011-08-11 09:22:16', '2011-04-14 21:00:51'),
(707, 'Keli', 'keli', 'e9ff49d5d9f3badfadb008edc7cb65c7:bbtHZYNjXcppaa2Z9zF54CRQ7ANX6P5y', 'keli.jerman@gmail.com', 0, 0, 0, '2011-06-01 18:48:45', '2011-06-01 16:46:41'),
(708, 'Polonca', 'Rožica', 'b0c9b5e655ce3d780d3a8b5d56d6712b:7RVX5Yrf3C0FDbWhVQX9M3DoNxNu9DC8', 'dolencispolona@gmail.com', 0, 0, 0, '2011-09-06 13:28:42', '2011-07-04 08:14:08'),
(709, 'Rafael Samec', 'Rafael Samec', 'c533bab218af398d5d693fa063de5527:cRQjPNur1lwpiyY3DTkyhvopfCA9KjXk', 'rafael@samec.si', 0, 0, 0, '2011-09-16 20:43:25', '2011-09-16 17:58:40'),
(710, 'angelcai', 'angelcai', 'e33556fc6726d8f145f4db0370abba68:vV7MR6WgJhdQq59OXcbfsKwz1bNS1SiC', 'chenqinglin05@gmail.com', 0, 0, 0, '2011-10-25 08:07:32', '2011-10-25 06:06:43'),
(711, 'pregmelmMoge', 'pregmelmMoge', 'ec4793a60b3a02ba9e36f85a9e6b4d08:lGqLlM8l6hrSPF6iprawnKcIPg62UhmJ', 'mariewinter1@aol.com', 0, 0, 0, '2011-10-30 13:05:16', '2011-10-30 12:04:43'),
(712, 'NabsbricsAl', 'NabsbricsAl', '4ff9021e491a75ee71cc802618647f99:8AoADZ1vpNqnzOHlDi4apdzYWjsxzuMu', 'd.yncl.y.day@gmail.com', 0, 0, 0, '2012-01-27 02:55:06', '2012-01-27 01:52:52'),
(713, 'Sperrysycle', 'Sperrysycle', '903908c77dd56025af2085d757cac6b1:MPB0yUW3G01hFxeshM8G5wzD9pmcrLZn', 'v.e.ronikalikes@gmail.com', 0, 0, 0, '2012-02-22 20:03:27', '2012-02-04 02:50:46'),
(714, 'FooraNatesoda', 'FooraNatesoda', '9eb044f9108230b29da83eea5754ccbd:CUzNlGmUDPmqtax6NvJ4IaRa7eUYHNAR', 'uvarovanelli@gmail.com', 0, 0, 0, '2012-02-22 20:13:07', '2012-02-21 21:24:37'),
(715, 'eales', 'eales', '76b7b70bfda14469998d3c956acdc6c5:WH0FVcSCQsN46PUgyLlsqub05sQNTe4G', 'j.ales@siol.net', 0, 0, 0, '2012-03-03 19:00:53', '2012-03-03 17:53:21'),
(716, 'Maša Mazi', 'mmasa', '7f5a8f8b30d23e28fad3cf8a3f159a6c:YjLEJuIrUyziagBB0y8pEGOW3hDvRx9r', 'mis.mas@gmail.com', 0, 0, 0, '2012-03-03 18:57:46', '2012-03-03 17:53:58'),
(717, 'Marjanca', 'Mari', 'c6bf81028d2b78554e46bc8a8cfdedc9:7gYUPeK4WC9uSoCMDTMyCk6kne2sDoL5', 'marjanca.rigler@gmail.com', 0, 0, 0, '2012-11-04 20:55:37', '2012-03-03 17:55:21'),
(718, 'Branka', 'brankaznidarsic', '016b06eb909b7c2f42be9aac44f5c26d:wwJYmwMi8vz5pOxxQpoamJvpAnHncnMi', 'brankaznidarsic@gmail.com', 0, 0, 0, '2012-04-14 16:58:05', '2012-03-03 17:55:27'),
(719, 'Nina', 'nain', '22781946b2d430e7416dd347909e713f:DOBdubaWRbXZhGJbQZ80yqwtsNZhyPiq', 'nina_h27@hotmail.com', 0, 0, 0, '2012-03-03 19:02:04', '2012-03-03 17:55:27'),
(720, 'vlado', 'vlado', 'deb50cd06b71c61f7fbab6e6c1ca8c11:YhMDYBn9LKRzfSY850sLI1KlF4dGJtWc', 'vladimir.pecek@volja.net', 0, 0, 0, '0000-00-00 00:00:00', '2012-03-03 18:04:08'),
(721, 'Hersedged', 'Hersedged', 'cbb327e42bd4a3cb796cba49a210ce23:wrkQWFTDnuZ3LR5F5YasDs8b98f5Y184', 'best_wish@aol.com', 0, 0, 0, '2012-03-25 15:16:22', '2012-03-23 19:35:17'),
(722, 'Ideatzessoort', 'Ideatzessoort', '24b7c2981aec5f8fe28688a774af0f0c:oXWnV2WCzDJJ9sOqQGqc6ExkE6eu7gVj', 've.ro.nik.a.lik.es@gmail.com', 0, 0, 0, '2012-03-25 08:00:24', '2012-03-25 05:59:07'),
(723, 'judita', 'judita', '2b20ca57572b3e619dd33ae9dcdb5352:uSZi2s3WetTPkYgAKNrlgk63cP6YuIbR', 'judita.judy06@gmail.com', 0, 0, 0, '2013-05-17 08:16:39', '2012-03-25 17:12:43'),
(724, 'wewsCizip', 'wewsCizip', '14c56e0131283b0952cf8a6ce0ed145a:uovHsK7pWtjlezfJJneiz5MSOstBIG3p', 'vesrosniktatlkikn.es@gmail.com', 0, 0, 0, '2012-04-06 19:02:24', '2012-04-06 15:43:17'),
(725, 'Tjaša', 'Tjaša', 'af4b039195369486529186fe1aff12d5:gBTBuuT1dQPGV5EQdVRDGm7ad1F8WyrK', 'cetvrtideveti@hotmail.com', 0, 0, 0, '2012-04-09 12:54:45', '2012-04-09 10:54:15'),
(726, 'Salina', 'Salina', 'dca0ed7c38c70ecbbe78d0a21125854a:BYHmEHo4ax47wpzavH16npvJP6S2pF2p', 'ninovahleg@hotmail.com', 0, 0, 0, '2012-04-11 13:26:12', '2012-04-11 11:19:23'),
(727, 'simona', 'rihter', 'c510383d8e8805b5e0a176ab7f439e36:kfAoGjHzmOYWDFnjorZGLIInA3l7IcO7', 'simonar2001@gmail.com', 0, 0, 0, '2012-04-20 21:02:04', '2012-04-20 18:55:36'),
(728, 'magdi', 'magdi', 'b202cd5d29408f65a53b8fcee0f75536:AJhknyImv5m8DAenQ2JblZGw7ZU2CV5y', 'magdi.stritar@gmail.com', 0, 0, 0, '2012-06-01 10:53:55', '2012-06-01 08:50:22'),
(729, 'Jakob', 'jakob97', '1120ee605f9d3e5ae8e68907f6756b53:rlcd5ssv0YGs4qYM3kvU0cOpqvvOLpPp', 'zevnik.jakob@gmail.com', 0, 0, 0, '0000-00-00 00:00:00', '2012-06-02 07:07:16'),
(730, 'Barbara Novak Koritnik', 'Wahoo', '57928cc5d8a36456dae0cde85e0f958e:57eEsvI0J1sZMpYkogTgmveazjbWR3xo', 'barbara@tali.si', 0, 0, 0, '2012-10-08 18:45:35', '2012-07-22 12:23:52'),
(732, 'Robert', 'mRobert200 kranjski skavt', '00ee658e14a181ca2bdcfc41c9ff043c:7pE6JjTyfPc1h9OYE0rKBfP7QrsUNEBp', 'mrobert200@gmail.com', 0, 0, 0, '0000-00-00 00:00:00', '2012-08-31 13:26:22'),
(733, 'jernej', 'jerry123', '399679de7040c1affdf38ac853c08c06:ZndpwmtljWUOXTzLspMfCC8KdCr2linJ', 'jernej.oblak@hotmail.com', 0, 0, 0, '2012-08-31 17:41:58', '2012-08-31 15:39:08'),
(737, 'brane drnovšek', 'aba11', '6468bbb045e8037084b8458438bf2227:kyyqFidfPnC0vuFAJzmZXITaju8J3hUs', 'brane.drnovsek@siol.net', 0, 0, 0, '0000-00-00 00:00:00', '2012-11-02 09:44:59'),
(738, 'bazumhtyd', 'bazumhtyd', '9f2faddd4b9e74cf27f9f43c20ec4ef7:QKD0mKWmOc0NiFBt9Yfp2ANDwzhcCzJB', 'bazum@ukhost-uk.co.uk', 0, 0, 0, '2012-11-16 04:43:17', '2012-11-13 21:09:07'),
(759, 'prembatesyq', 'prembatesyq', '681db5b027739e3e94950b250cba2ce3:8rVPff94uoC58jBkW6xTdvNYVuuGvgSZ', 'prem@paydayfreak.co.uk', 0, 0, 0, '2013-03-19 16:05:35', '2013-03-14 01:47:28'),
(766, 'Luka', 'alpatino', '1d7fad56d1eed1a7dc83c8c9cb2c822a:lQuuyLZMO2dD0GVBtq8aODqhVXfEfo84', 'skulj.luka@gmail.com', 0, 0, 0, '0000-00-00 00:00:00', '2013-05-17 14:42:59'),
(773, 'Gavin', 'gavin', '1efb71321835b78ae2f23f136955925a:AIi22n7v9DPE7tpeATIiMmmILyC5OkZD', 'gavinsmith039@gmail.com', 0, 0, 0, '2013-07-05 16:24:20', '2013-07-05 14:23:24'),
(774, 'Groš', 'gros', '9ec9b712ff1da10aebd6acd6e8c89c62:VeLrXrSKGG3yOg7eNBR0WVI7BZHRkKwr', 'ambroz.volek@zelnik.net', 0, 0, 0, '2013-07-10 20:30:22', '2013-07-10 15:46:26'),
(777, 'Rado Lavrih', 'lavrihr', '02e45cf4bd8a2206b6e8da3e3c5796dc:NCFuEK9RS4RWWg9TG0Ca6bpAdb6CkzJu', 'rado.lavrih@siol.net', 0, 0, 0, '0000-00-00 00:00:00', '2013-08-10 17:38:55'),
(778, 'Testni uporabnik', 'uporabnik', '51ab1b3500984dd2362ee924c907d8e7:DDLJEkcuAz6VOrwJw3PvQwovTbDJxgGk', 'bizgec@gmail.com', 0, 0, 0, '2013-08-31 01:27:43', '2013-08-30 23:25:21'),
(779, 'Stane Hafnar', 'Staneh', 'cbe6c16b2d372c1071e050622e5d81e5:VVk7hHCM31tetQh2dVuwyxrf7B6FYZAA', 'stane@hafnar.si', 0, 0, 0, '2013-09-11 09:12:15', '2013-09-11 07:10:45'),
(780, 'ZAVOD NEFIKS', 'nefiks', 'c357e4f0378ecdbef67a6d42ae3998ae:ryREHhPXhyTdTpdtQThGPYWjwSdsItyc', 'nefiks@nefiks.si', 0, 0, 0, '2013-09-13 08:41:26', '2013-09-13 06:38:06'),
(781, 'Jana', 'Jana', '8338b28d2452511f40d1a581b9257257:P1jeDP19CuXTCPtpmEb5wU2rfqiQYZsR', 'janasustar@gmail.com', 0, 0, 0, '2013-09-17 11:26:19', '2013-09-17 09:25:42'),
(782, 'Videospotnice', 'videospotnice', '0cb56619a4aba03bdbb3d6e9da1abf4f:cOQ6FGv19SnxhgCmsojLyt0OTFri7vIr', 'videospotnice@gmail.com', 0, 0, 0, '0000-00-00 00:00:00', '2013-10-15 09:52:41'),
(784, 'ŠD Dobrepolje', 'sd-dobrepolje', '91989bd7f9345038478947775166b744:BlYk8Tc2Leln2A3AyXts24TippCRA9BK', 'miha.kuplenk@gmail.com', 0, 0, 0, '0000-00-00 00:00:00', '2013-12-07 21:23:24'),
(785, 'dydradyamogma', 'dydradyamogma', '40f7ae4abf0353d56802f0156d15e079:hvwMopVxWDx4eYCqf7x8FizdZ3FQiirA', 'merwire2013@hotmail.com', 0, 0, 0, '2013-12-25 11:54:42', '2013-12-25 10:42:02'),
(786, 'nekiua', 'mainaadmin', '71d0384d05efada7769c4e0642d92d1f:V99l1fEmtmEqF2AszkKDR33uYNJ0EYFO', 'ivan.kachelya@yandex.ru', 0, 0, 0, '0000-00-00 00:00:00', '2013-12-27 15:39:26'),
(787, 'GuestUser', 'guest100', '76d914be25d83a2f1a1ee14eda0d26fa:d2iQHAAsJPAxxZWW7h0sZl5LNzJGnT0r', 'mrwalkerzoio1000@gmail.com', 0, 0, 0, '0000-00-00 00:00:00', '2014-01-10 12:04:06'),
(788, 'zaokrozi', 'zaokrozi', '6f7932a78d9b5bca457f1275318c5483:FT6oSFiz5AXL1jqSMQ8huXCTtu2DVNAh', 'info@zaokrozi.si', 0, 0, 0, '0000-00-00 00:00:00', '2014-01-15 20:12:56'),
(789, 'nekiua', 'chernihoff', 'f2fa8b6915f2361c06c005d4bb025f00:bS1JKkmPMHu7gB2oA5I2iwHWRKpvmt0g', 'chernihoff.valera@yandex.ru', 0, 0, 0, '0000-00-00 00:00:00', '2014-01-17 00:20:43'),
(793, 'Tilen Poje', 'Apolon', 'b299d8df00332b8d5de5870a46c5da23', 'poje.tilen@gmail.com', 0, 0, 0, '0000-00-00 00:00:00', '2014-03-23 12:25:18');

-- --------------------------------------------------------

--
-- Struktura tabele `vs_users_level`
--

CREATE TABLE IF NOT EXISTS `vs_users_level` (
  `id` int(11) NOT NULL AUTO_INCREMENT,
  `user_id` int(11) NOT NULL,
  `domain_id` smallint(6) NOT NULL,
  `level` tinyint(4) NOT NULL DEFAULT '2',
  `created` timestamp NOT NULL DEFAULT CURRENT_TIMESTAMP,
  PRIMARY KEY (`id`)
) ENGINE=InnoDB  DEFAULT CHARSET=utf8 AUTO_INCREMENT=21 ;

--
-- Odloži podatke za tabelo `vs_users_level`
--

INSERT INTO `vs_users_level` (`id`, `user_id`, `domain_id`, `level`, `created`) VALUES
(1, 499, 16, 8, '0000-00-00 00:00:00'),
(2, 509, 16, 8, '0000-00-00 00:00:00'),
(3, 512, 16, 5, '0000-00-00 00:00:00'),
(4, 531, 16, 5, '0000-00-00 00:00:00'),
(5, 580, 16, 4, '0000-00-00 00:00:00'),
(6, 652, 16, 5, '0000-00-00 00:00:00'),
(7, 653, 16, 6, '0000-00-00 00:00:00'),
(8, 687, 16, 5, '0000-00-00 00:00:00'),
(9, 723, 16, 5, '0000-00-00 00:00:00'),
(10, 766, 16, 6, '0000-00-00 00:00:00'),
(11, 499, 1, 8, '0000-00-00 00:00:00'),
(12, 509, 1, 8, '0000-00-00 00:00:00'),
(13, 512, 1, 5, '0000-00-00 00:00:00'),
(14, 531, 1, 5, '0000-00-00 00:00:00'),
(15, 580, 1, 4, '0000-00-00 00:00:00'),
(16, 652, 1, 5, '0000-00-00 00:00:00'),
(17, 653, 1, 6, '0000-00-00 00:00:00'),
(18, 687, 1, 5, '0000-00-00 00:00:00'),
(19, 723, 1, 5, '0000-00-00 00:00:00'),
(20, 766, 1, 6, '0000-00-00 00:00:00');

/*!40101 SET CHARACTER_SET_CLIENT=@OLD_CHARACTER_SET_CLIENT */;
/*!40101 SET CHARACTER_SET_RESULTS=@OLD_CHARACTER_SET_RESULTS */;
/*!40101 SET COLLATION_CONNECTION=@OLD_COLLATION_CONNECTION */;
